,geo_accession,leiden,cell_type,cnv_score,cnv_high,malignancy_evidence
GSM8848584_AAACCAGGTGCGCAAGACAGACCT-1,GSM8848584,0,Prostate epithelial - AR high,0.037190717,False,CNV_low_candidate
GSM8848584_AAACCGGTCAACTGTTACAGACCT-1,GSM8848584,2,Steroidogenic-like,0.016433597,False,CNV_low_candidate
GSM8848584_AAACCGGTCCAGAACGACAGACCT-1,GSM8848584,0,Prostate epithelial - AR high,0.036550075,False,CNV_low_candidate
GSM8848584_AAACGGGCAAGCCACGACAGACCT-1,GSM8848584,3,Endothelial,0.02624462,False,reference_like
GSM8848584_AAACGGGCAGCAATTGACAGACCT-1,GSM8848584,1,Neuroendocrine-like,0.05751667,False,CNV_low_candidate
GSM8848584_AAACGTTCAATGAAGAACAGACCT-1,GSM8848584,1,Neuroendocrine-like,0.0638427,False,CNV_low_candidate
GSM8848584_AAACGTTCATTTCTTCACAGACCT-1,GSM8848584,0,Prostate epithelial - AR high,0.046950568,False,CNV_low_candidate
GSM8848584_AAACTGGGTCCATAGTACAGACCT-1,GSM8848584,2,Steroidogenic-like,0.0816891,False,CNV_low_candidate
GSM8848584_AAACTGGGTGAAGCACACAGACCT-1,GSM8848584,2,Steroidogenic-like,0.07095677,False,CNV_low_candidate
GSM8848584_AAACTGGGTTGGAGCGACAGACCT-1,GSM8848584,1,Neuroendocrine-like,0.122780666,True,CNV_high_candidate
GSM8848584_AAACTGGGTTTGCATAACAGACCT-1,GSM8848584,2,Steroidogenic-like,0.055941287,False,CNV_low_candidate
GSM8848584_AAACTGTCACCAGCTCACAGACCT-1,GSM8848584,4,Fibroblast,0.029392242,False,reference_like
GSM8848584_AAAGATGCAATGGGAGACAGACCT-1,GSM8848584,0,Prostate epithelial - AR high,0.07220944,False,CNV_low_candidate
GSM8848584_AAAGATGCATGTGGCGACAGACCT-1,GSM8848584,3,Endothelial,0.08015356,False,reference_like
GSM8848584_AAAGCATGTAACCGCCACAGACCT-1,GSM8848584,0,Prostate epithelial - AR high,0.04673037,False,CNV_low_candidate
GSM8848584_AAAGCATGTATAGTGGACAGACCT-1,GSM8848584,0,Prostate epithelial - AR high,0.029048357,False,CNV_low_candidate
GSM8848584_AAAGCATGTGTCCAATACAGACCT-1,GSM8848584,0,Prostate epithelial - AR high,0.06239254,False,CNV_low_candidate
GSM8848584_AAAGCATGTTGAGCTTACAGACCT-1,GSM8848584,2,Steroidogenic-like,0.05658208,False,CNV_low_candidate
GSM8848584_AAAGCATGTTGCGGCTACAGACCT-1,GSM8848584,0,Prostate epithelial - AR high,0.036212068,False,CNV_low_candidate
GSM8848584_AAAGCCTAGAGGATGAACAGACCT-1,GSM8848584,0,Prostate epithelial - AR high,0.15906967,True,CNV_high_candidate
GSM8848584_AAAGCCTAGCTTCCTTACAGACCT-1,GSM8848584,1,Neuroendocrine-like,0.020621255,False,CNV_low_candidate
GSM8848584_AAAGCCTAGCTTGATTACAGACCT-1,GSM8848584,2,Steroidogenic-like,0.060677968,False,CNV_low_candidate
GSM8848584_AAAGCCTAGGTTCGAGACAGACCT-1,GSM8848584,0,Prostate epithelial - AR high,0.113859735,True,CNV_high_candidate
GSM8848584_AAAGGCAAGACATAGCACAGACCT-1,GSM8848584,2,Steroidogenic-like,0.06319216,False,CNV_low_candidate
GSM8848584_AAAGGCTTCAGGCATGACAGACCT-1,GSM8848584,2,Steroidogenic-like,0.04089963,False,CNV_low_candidate
GSM8848584_AAAGGCTTCATGCGGAACAGACCT-1,GSM8848584,3,Endothelial,0.04947824,False,reference_like
GSM8848584_AAAGGGATCAGCATGGACAGACCT-1,GSM8848584,1,Neuroendocrine-like,0.09404766,False,CNV_low_candidate
GSM8848584_AAAGGTACAACGTTAGACAGACCT-1,GSM8848584,1,Neuroendocrine-like,0.07012494,False,CNV_low_candidate
GSM8848584_AAAGGTACAATATGCGACAGACCT-1,GSM8848584,2,Steroidogenic-like,0.06489501,False,CNV_low_candidate
GSM8848584_AAAGGTACAATGTGGCACAGACCT-1,GSM8848584,2,Steroidogenic-like,0.057321716,False,CNV_low_candidate
GSM8848584_AAAGGTACATAGCGACACAGACCT-1,GSM8848584,2,Steroidogenic-like,0.063590534,False,CNV_low_candidate
GSM8848584_AAAGGTACATATAGGTACAGACCT-1,GSM8848584,2,Steroidogenic-like,0.06846712,False,CNV_low_candidate
GSM8848584_AAAGGTACATCAAGTGACAGACCT-1,GSM8848584,0,Prostate epithelial - AR high,0.034812886,False,CNV_low_candidate
GSM8848584_AAAGGTGAGATTGAGCACAGACCT-1,GSM8848584,1,Neuroendocrine-like,0.09327024,False,CNV_low_candidate
GSM8848584_AAAGGTGAGCCTATATACAGACCT-1,GSM8848584,2,Steroidogenic-like,0.054749798,False,CNV_low_candidate
GSM8848584_AAAGTAGCAACTAGTGACAGACCT-1,GSM8848584,2,Steroidogenic-like,0.054660223,False,CNV_low_candidate
GSM8848584_AAAGTAGCAATATGGTACAGACCT-1,GSM8848584,2,Steroidogenic-like,0.063251115,False,CNV_low_candidate
GSM8848584_AAAGTAGCAGATTGCAACAGACCT-1,GSM8848584,1,Neuroendocrine-like,0.10072975,True,CNV_high_candidate
GSM8848584_AAAGTAGCATTGTGTCACAGACCT-1,GSM8848584,0,Prostate epithelial - AR high,0.042948868,False,CNV_low_candidate
GSM8848584_AAAGTCATCAACATTCACAGACCT-1,GSM8848584,4,Fibroblast,0.018053535,False,reference_like
GSM8848584_AAAGTGCTCAGCGAATACAGACCT-1,GSM8848584,2,Steroidogenic-like,0.048111282,False,CNV_low_candidate
GSM8848584_AAATCACCAACCTTGTACAGACCT-1,GSM8848584,2,Steroidogenic-like,0.04647936,False,CNV_low_candidate
GSM8848584_AAATCACCACGTAAATACAGACCT-1,GSM8848584,5,T/NK lymphocyte,0.026263602,False,reference_like
GSM8848584_AAATGAGCAACAGGGAACAGACCT-1,GSM8848584,2,Steroidogenic-like,0.038439665,False,CNV_low_candidate
GSM8848584_AAATGAGCAATATGGTACAGACCT-1,GSM8848584,1,Neuroendocrine-like,0.017073276,False,CNV_low_candidate
GSM8848584_AAATGAGCAATTAGCGACAGACCT-1,GSM8848584,0,Prostate epithelial - AR high,0.11493,True,CNV_high_candidate
GSM8848584_AAATGAGCACGTAGTAACAGACCT-1,GSM8848584,2,Steroidogenic-like,0.028632235,False,CNV_low_candidate
GSM8848584_AAATGAGCATTTATCGACAGACCT-1,GSM8848584,0,Prostate epithelial - AR high,0.031141737,False,CNV_low_candidate
GSM8848584_AACAAGCTCGTAAAGCACAGACCT-1,GSM8848584,2,Steroidogenic-like,0.029701479,False,CNV_low_candidate
GSM8848584_AACACTAAGCATCTATACAGACCT-1,GSM8848584,6,Macrophage,0.07215444,False,reference_like
GSM8848584_AACACTAAGCTCAAGGACAGACCT-1,GSM8848584,0,Prostate epithelial - AR high,0.15571126,True,CNV_high_candidate
GSM8848584_AACACTAAGTTTGCATACAGACCT-1,GSM8848584,2,Steroidogenic-like,0.12638716,True,CNV_high_candidate
GSM8848584_AACATAGTCATAATGGACAGACCT-1,GSM8848584,0,Prostate epithelial - AR high,0.07158124,False,CNV_low_candidate
GSM8848584_AACATAGTCCCTGGATACAGACCT-1,GSM8848584,6,Macrophage,0.019784486,False,reference_like
GSM8848584_AACATTGAGCACTACCACAGACCT-1,GSM8848584,1,Neuroendocrine-like,0.052738387,False,CNV_low_candidate
GSM8848584_AACATTGAGGCGAGAGACAGACCT-1,GSM8848584,1,Neuroendocrine-like,0.07290279,False,CNV_low_candidate
GSM8848584_AACCAAATCTTAAGCTACAGACCT-1,GSM8848584,0,Prostate epithelial - AR high,0.07069311,False,CNV_low_candidate
GSM8848584_AACCAACAGACAAGCTACAGACCT-1,GSM8848584,0,Prostate epithelial - AR high,0.13693283,True,CNV_high_candidate
GSM8848584_AACCAACAGGGCAGTCACAGACCT-1,GSM8848584,0,Prostate epithelial - AR high,0.11686716,True,CNV_high_candidate
GSM8848584_AACCAACAGTAAGTGCACAGACCT-1,GSM8848584,2,Steroidogenic-like,0.077246115,False,CNV_low_candidate
GSM8848584_AACCAACAGTTTCAGTACAGACCT-1,GSM8848584,2,Steroidogenic-like,0.08042188,False,CNV_low_candidate
GSM8848584_AACCAGGTCTAATCACACAGACCT-1,GSM8848584,1,Neuroendocrine-like,0.05300803,False,CNV_low_candidate
GSM8848584_AACCAGGTCTCCATCTACAGACCT-1,GSM8848584,0,Prostate epithelial - AR high,0.06136653,False,CNV_low_candidate
GSM8848584_AACCATAAGACAGACTACAGACCT-1,GSM8848584,6,Macrophage,0.03950683,False,reference_like
GSM8848584_AACCATAAGGAAGGTAACAGACCT-1,GSM8848584,2,Steroidogenic-like,0.028283594,False,CNV_low_candidate
GSM8848584_AACCATTTCGGTTCACACAGACCT-1,GSM8848584,0,Prostate epithelial - AR high,0.049252387,False,CNV_low_candidate
GSM8848584_AACCATTTCTGGCCATACAGACCT-1,GSM8848584,0,Prostate epithelial - AR high,0.06659843,False,CNV_low_candidate
GSM8848584_AACCCGGCACCTACTGACAGACCT-1,GSM8848584,2,Steroidogenic-like,0.028103098,False,CNV_low_candidate
GSM8848584_AACCCGGCACGTAGTAACAGACCT-1,GSM8848584,2,Steroidogenic-like,0.047094136,False,CNV_low_candidate
GSM8848584_AACCTAAAGTAAGCTAACAGACCT-1,GSM8848584,2,Steroidogenic-like,0.044224646,False,CNV_low_candidate
GSM8848584_AACCTATTCAGGTTAAACAGACCT-1,GSM8848584,2,Steroidogenic-like,0.08378927,False,CNV_low_candidate
GSM8848584_AACCTATTCCGTTAGCACAGACCT-1,GSM8848584,0,Prostate epithelial - AR high,0.10382555,True,CNV_high_candidate
GSM8848584_AACCTATTCTCGCCTCACAGACCT-1,GSM8848584,4,Fibroblast,0.06767579,False,reference_like
GSM8848584_AACCTCATCATAGGTAACAGACCT-1,GSM8848584,1,Neuroendocrine-like,0.07346666,False,CNV_low_candidate
GSM8848584_AACCTCATCCGTCAACACAGACCT-1,GSM8848584,0,Prostate epithelial - AR high,0.045768894,False,CNV_low_candidate
GSM8848584_AACCTCATCGGGATGCACAGACCT-1,GSM8848584,2,Steroidogenic-like,0.072475165,False,CNV_low_candidate
GSM8848584_AACCTGCTCACTGTCAACAGACCT-1,GSM8848584,1,Neuroendocrine-like,0.070195176,False,CNV_low_candidate
GSM8848584_AACCTGCTCCGTCAACACAGACCT-1,GSM8848584,3,Endothelial,0.029687628,False,reference_like
GSM8848584_AACCTGCTCCTTTGAGACAGACCT-1,GSM8848584,0,Prostate epithelial - AR high,0.06837941,False,CNV_low_candidate
GSM8848584_AACCTGCTCGAGAGAAACAGACCT-1,GSM8848584,2,Steroidogenic-like,0.034077194,False,CNV_low_candidate
GSM8848584_AACCTGCTCGCTTGGTACAGACCT-1,GSM8848584,1,Neuroendocrine-like,0.044005584,False,CNV_low_candidate
GSM8848584_AACCTGCTCTCACCGGACAGACCT-1,GSM8848584,3,Endothelial,0.035114586,False,reference_like
GSM8848584_AACCTTTAGCAATCCCACAGACCT-1,GSM8848584,2,Steroidogenic-like,0.025900101,False,CNV_low_candidate
GSM8848584_AACCTTTAGGAACCTGACAGACCT-1,GSM8848584,2,Steroidogenic-like,0.06673975,False,CNV_low_candidate
GSM8848584_AACCTTTAGTCACACCACAGACCT-1,GSM8848584,2,Steroidogenic-like,0.07376186,False,CNV_low_candidate
GSM8848584_AACCTTTAGTTACACTACAGACCT-1,GSM8848584,0,Prostate epithelial - AR high,0.06307613,False,CNV_low_candidate
GSM8848584_AACGGCTCAACCGGATACAGACCT-1,GSM8848584,2,Steroidogenic-like,0.057457246,False,CNV_low_candidate
GSM8848584_AACGGCTCAATCGTGAACAGACCT-1,GSM8848584,3,Endothelial,0.06573813,False,reference_like
GSM8848584_AACGGCTCACCAGCTCACAGACCT-1,GSM8848584,4,Fibroblast,0.04002272,False,reference_like
GSM8848584_AACGGCTCACTGACAAACAGACCT-1,GSM8848584,1,Neuroendocrine-like,0.060780548,False,CNV_low_candidate
GSM8848584_AACGGTTAGTTAACAGACAGACCT-1,GSM8848584,5,T/NK lymphocyte,0.022454707,False,reference_like
GSM8848584_AACGTTAAGAAGCAAGACAGACCT-1,GSM8848584,0,Prostate epithelial - AR high,0.036402263,False,CNV_low_candidate
GSM8848584_AACGTTAAGGGTTTCCACAGACCT-1,GSM8848584,0,Prostate epithelial - AR high,0.060974423,False,CNV_low_candidate
GSM8848584_AACGTTAAGGTTGCTCACAGACCT-1,GSM8848584,1,Neuroendocrine-like,0.07264041,False,CNV_low_candidate
GSM8848584_AACGTTCGTGTAATGGACAGACCT-1,GSM8848584,1,Neuroendocrine-like,0.12347491,True,CNV_high_candidate
GSM8848584_AACGTTCGTTGGTTACACAGACCT-1,GSM8848584,2,Steroidogenic-like,0.03485802,False,CNV_low_candidate
GSM8848584_AACGTTCGTTTGTAGCACAGACCT-1,GSM8848584,0,Prostate epithelial - AR high,0.14237876,True,CNV_high_candidate
GSM8848584_AACTAACCATGGTCAAACAGACCT-1,GSM8848584,0,Prostate epithelial - AR high,0.09628002,False,CNV_low_candidate
GSM8848584_AACTAACCATTGCCGCACAGACCT-1,GSM8848584,0,Prostate epithelial - AR high,0.047306124,False,CNV_low_candidate
GSM8848584_AACTGAATCAGCACGAACAGACCT-1,GSM8848584,6,Macrophage,0.025416108,False,reference_like
GSM8848584_AACTGAATCGTCCCGAACAGACCT-1,GSM8848584,2,Steroidogenic-like,0.081313446,False,CNV_low_candidate
GSM8848584_AACTGAATCTGCCATAACAGACCT-1,GSM8848584,0,Prostate epithelial - AR high,0.09204759,False,CNV_low_candidate
GSM8848584_AACTGAGGTAATGTCCACAGACCT-1,GSM8848584,3,Endothelial,0.035378497,False,reference_like
GSM8848584_AACTGAGGTCCTCCTGACAGACCT-1,GSM8848584,2,Steroidogenic-like,0.071278706,False,CNV_low_candidate
GSM8848584_AACTGGCCAAGGTTATACAGACCT-1,GSM8848584,0,Prostate epithelial - AR high,0.07582637,False,CNV_low_candidate
GSM8848584_AACTGGCCACTAAGGCACAGACCT-1,GSM8848584,1,Neuroendocrine-like,0.0375421,False,CNV_low_candidate
GSM8848584_AACTGGCCATTCGGTTACAGACCT-1,GSM8848584,2,Steroidogenic-like,0.023034591,False,CNV_low_candidate
GSM8848584_AACTGGGTCAATACAGACAGACCT-1,GSM8848584,6,Macrophage,0.026191294,False,reference_like
GSM8848584_AACTTACTCCAGATAAACAGACCT-1,GSM8848584,2,Steroidogenic-like,0.049327455,False,CNV_low_candidate
GSM8848584_AACTTACTCCCAGTACACAGACCT-1,GSM8848584,3,Endothelial,0.056214422,False,reference_like
GSM8848584_AACTTCGTCAATGGGTACAGACCT-1,GSM8848584,6,Macrophage,0.06561438,False,reference_like
GSM8848584_AACTTCGTCCTAAAGAACAGACCT-1,GSM8848584,0,Prostate epithelial - AR high,0.046826363,False,CNV_low_candidate
GSM8848584_AACTTCGTCTTTGGATACAGACCT-1,GSM8848584,2,Steroidogenic-like,0.08994918,False,CNV_low_candidate
GSM8848584_AACTTGTTCATGACCCACAGACCT-1,GSM8848584,1,Neuroendocrine-like,0.050019942,False,CNV_low_candidate
GSM8848584_AACTTGTTCCTTATGGACAGACCT-1,GSM8848584,3,Endothelial,0.028499298,False,reference_like
GSM8848584_AACTTGTTCTCAAGAAACAGACCT-1,GSM8848584,2,Steroidogenic-like,0.056106947,False,CNV_low_candidate
GSM8848584_AACTTGTTCTTGAGGGACAGACCT-1,GSM8848584,5,T/NK lymphocyte,0.027815241,False,reference_like
GSM8848584_AAGAATCGTGAACCAAACAGACCT-1,GSM8848584,5,T/NK lymphocyte,0.054571275,False,reference_like
GSM8848584_AAGCAACTCGGTACAGACAGACCT-1,GSM8848584,2,Steroidogenic-like,0.02541283,False,CNV_low_candidate
GSM8848584_AAGCATGGTAATGGTGACAGACCT-1,GSM8848584,2,Steroidogenic-like,0.05505525,False,CNV_low_candidate
GSM8848584_AAGCATGGTCTGTCAGACAGACCT-1,GSM8848584,1,Neuroendocrine-like,0.023697337,False,CNV_low_candidate
GSM8848584_AAGCATGGTGCAATAGACAGACCT-1,GSM8848584,2,Steroidogenic-like,0.031316306,False,CNV_low_candidate
GSM8848584_AAGCATGGTTAACGGAACAGACCT-1,GSM8848584,2,Steroidogenic-like,0.051325385,False,CNV_low_candidate
GSM8848584_AAGCATGGTTCCAGCAACAGACCT-1,GSM8848584,1,Neuroendocrine-like,0.03466758,False,CNV_low_candidate
GSM8848584_AAGCATGGTTGTCAGTACAGACCT-1,GSM8848584,0,Prostate epithelial - AR high,0.07408487,False,CNV_low_candidate
GSM8848584_AAGCCTCTCACCTTTCACAGACCT-1,GSM8848584,2,Steroidogenic-like,0.04281071,False,CNV_low_candidate
GSM8848584_AAGCCTTGTAATTGCCACAGACCT-1,GSM8848584,5,T/NK lymphocyte,0.048487727,False,reference_like
GSM8848584_AAGCGATTCAGGCATGACAGACCT-1,GSM8848584,2,Steroidogenic-like,0.082631774,False,CNV_low_candidate
GSM8848584_AAGCGATTCGACCCATACAGACCT-1,GSM8848584,0,Prostate epithelial - AR high,0.075548135,False,CNV_low_candidate
GSM8848584_AAGCGATTCTACTACGACAGACCT-1,GSM8848584,0,Prostate epithelial - AR high,0.03343635,False,CNV_low_candidate
GSM8848584_AAGCGCTCATCCAAGAACAGACCT-1,GSM8848584,0,Prostate epithelial - AR high,0.070817076,False,CNV_low_candidate
GSM8848584_AAGCGCTCATTACTTGACAGACCT-1,GSM8848584,0,Prostate epithelial - AR high,0.040330753,False,CNV_low_candidate
GSM8848584_AAGCTAATCAACCGGAACAGACCT-1,GSM8848584,2,Steroidogenic-like,0.07632349,False,CNV_low_candidate
GSM8848584_AAGCTAATCATAATGGACAGACCT-1,GSM8848584,0,Prostate epithelial - AR high,0.09802811,False,CNV_low_candidate
GSM8848584_AAGCTAATCCTGACTAACAGACCT-1,GSM8848584,2,Steroidogenic-like,0.029695325,False,CNV_low_candidate
GSM8848584_AAGCTAATCGCAAATAACAGACCT-1,GSM8848584,2,Steroidogenic-like,0.08473011,False,CNV_low_candidate
GSM8848584_AAGCTTAAGAAACCCGACAGACCT-1,GSM8848584,0,Prostate epithelial - AR high,0.046298925,False,CNV_low_candidate
GSM8848584_AAGGACAAGCCTAGTCACAGACCT-1,GSM8848584,3,Endothelial,0.055710755,False,reference_like
GSM8848584_AAGGACAAGCCTTAATACAGACCT-1,GSM8848584,0,Prostate epithelial - AR high,0.031927973,False,CNV_low_candidate
GSM8848584_AAGGACAAGGACACGCACAGACCT-1,GSM8848584,0,Prostate epithelial - AR high,0.14554605,True,CNV_high_candidate
GSM8848584_AAGGACAAGGTTCGAGACAGACCT-1,GSM8848584,2,Steroidogenic-like,0.09150242,False,CNV_low_candidate
GSM8848584_AAGGACAAGTGAGGAAACAGACCT-1,GSM8848584,0,Prostate epithelial - AR high,0.060995765,False,CNV_low_candidate
GSM8848584_AAGGAGCAGCGAAGTTACAGACCT-1,GSM8848584,0,Prostate epithelial - AR high,0.1119047,True,CNV_high_candidate
GSM8848584_AAGGAGCAGCTTATCGACAGACCT-1,GSM8848584,1,Neuroendocrine-like,0.07636885,False,CNV_low_candidate
GSM8848584_AAGGAGCAGCTTCCTTACAGACCT-1,GSM8848584,1,Neuroendocrine-like,0.0528343,False,CNV_low_candidate
GSM8848584_AAGGAGCAGGCGCAACACAGACCT-1,GSM8848584,0,Prostate epithelial - AR high,0.0322892,False,CNV_low_candidate
GSM8848584_AAGGCACGTACGTTACACAGACCT-1,GSM8848584,2,Steroidogenic-like,0.09521519,False,CNV_low_candidate
GSM8848584_AAGGCACGTAGCTATCACAGACCT-1,GSM8848584,0,Prostate epithelial - AR high,0.05524513,False,CNV_low_candidate
GSM8848584_AAGGCACGTCACACCAACAGACCT-1,GSM8848584,4,Fibroblast,0.039501525,False,reference_like
GSM8848584_AAGGCACGTCACCAGCACAGACCT-1,GSM8848584,0,Prostate epithelial - AR high,0.07933896,False,CNV_low_candidate
GSM8848584_AAGGCACGTCGCAATTACAGACCT-1,GSM8848584,0,Prostate epithelial - AR high,0.09354666,False,CNV_low_candidate
GSM8848584_AAGGCCCAGGCACAATACAGACCT-1,GSM8848584,6,Macrophage,0.03863128,False,reference_like
GSM8848584_AAGGCCGGTGGCTTTGACAGACCT-1,GSM8848584,2,Steroidogenic-like,0.029330269,False,CNV_low_candidate
GSM8848584_AAGGCTGTCGTAACCCACAGACCT-1,GSM8848584,0,Prostate epithelial - AR high,0.063040555,False,CNV_low_candidate
GSM8848584_AAGGCTTAGATTGAGCACAGACCT-1,GSM8848584,0,Prostate epithelial - AR high,0.07191024,False,CNV_low_candidate
GSM8848584_AAGGCTTAGGACAACTACAGACCT-1,GSM8848584,0,Prostate epithelial - AR high,0.14102961,True,CNV_high_candidate
GSM8848584_AAGGTATGTTAACGAGACAGACCT-1,GSM8848584,2,Steroidogenic-like,0.041927256,False,CNV_low_candidate
GSM8848584_AAGGTTATCCCATAGCACAGACCT-1,GSM8848584,2,Steroidogenic-like,0.027342066,False,CNV_low_candidate
GSM8848584_AAGTACCAGATGATTGACAGACCT-1,GSM8848584,4,Fibroblast,0.08004947,False,reference_like
GSM8848584_AAGTCATCAATATGCGACAGACCT-1,GSM8848584,2,Steroidogenic-like,0.025476206,False,CNV_low_candidate
GSM8848584_AAGTCATCACATAGTGACAGACCT-1,GSM8848584,0,Prostate epithelial - AR high,0.027653534,False,CNV_low_candidate
GSM8848584_AAGTCATCACATTGTCACAGACCT-1,GSM8848584,1,Neuroendocrine-like,0.06767576,False,CNV_low_candidate
GSM8848584_AAGTCATCAGGTATTGACAGACCT-1,GSM8848584,2,Steroidogenic-like,0.055311054,False,CNV_low_candidate
GSM8848584_AAGTCATCATCATGCTACAGACCT-1,GSM8848584,0,Prostate epithelial - AR high,0.065836154,False,CNV_low_candidate
GSM8848584_AAGTGAACAAACAATCACAGACCT-1,GSM8848584,0,Prostate epithelial - AR high,0.08649997,False,CNV_low_candidate
GSM8848584_AAGTGAACAATAACCGACAGACCT-1,GSM8848584,3,Endothelial,0.023014877,False,reference_like
GSM8848584_AAGTGAACACCTTCAGACAGACCT-1,GSM8848584,1,Neuroendocrine-like,0.0249118,False,CNV_low_candidate
GSM8848584_AAGTGAACATTGAACGACAGACCT-1,GSM8848584,4,Fibroblast,0.05421219,False,reference_like
GSM8848584_AAGTGAGAGAATGGCTACAGACCT-1,GSM8848584,6,Macrophage,0.053983036,False,reference_like
GSM8848584_AAGTGAGAGCTAAGTAACAGACCT-1,GSM8848584,0,Prostate epithelial - AR high,0.048471157,False,CNV_low_candidate
GSM8848584_AAGTGAGAGTTGACCCACAGACCT-1,GSM8848584,0,Prostate epithelial - AR high,0.10734642,True,CNV_high_candidate
GSM8848584_AAGTTCGCACTTAACCACAGACCT-1,GSM8848584,6,Macrophage,0.013528323,False,reference_like
GSM8848584_AAGTTCGCAGCTCGCTACAGACCT-1,GSM8848584,0,Prostate epithelial - AR high,0.12960444,True,CNV_high_candidate
GSM8848584_AAGTTGCAGCATCCCGACAGACCT-1,GSM8848584,3,Endothelial,0.10436137,True,reference_like
GSM8848584_AAGTTGCAGGGCAGTCACAGACCT-1,GSM8848584,2,Steroidogenic-like,0.039794326,False,CNV_low_candidate
GSM8848584_AAGTTGCAGTCAATGAACAGACCT-1,GSM8848584,3,Endothelial,0.05784068,False,reference_like
GSM8848584_AAGTTGTCAAAGACCCACAGACCT-1,GSM8848584,4,Fibroblast,0.017422115,False,reference_like
GSM8848584_AAGTTGTCACTTAACCACAGACCT-1,GSM8848584,0,Prostate epithelial - AR high,0.029829202,False,CNV_low_candidate
GSM8848584_AATACTGAGCCATCACACAGACCT-1,GSM8848584,0,Prostate epithelial - AR high,0.103151776,True,CNV_high_candidate
GSM8848584_AATATGGTCCAAATAGACAGACCT-1,GSM8848584,4,Fibroblast,0.07785514,False,reference_like
GSM8848584_AATATGGTCTTGAAGAACAGACCT-1,GSM8848584,1,Neuroendocrine-like,0.05060922,False,CNV_low_candidate
GSM8848584_AATCACGCAATCATCCACAGACCT-1,GSM8848584,2,Steroidogenic-like,0.039392006,False,CNV_low_candidate
GSM8848584_AATCACGCACATTCGTACAGACCT-1,GSM8848584,2,Steroidogenic-like,0.054828286,False,CNV_low_candidate
GSM8848584_AATCACGCATGCGGATACAGACCT-1,GSM8848584,6,Macrophage,0.053881887,False,reference_like
GSM8848584_AATCACGCATTGCCCAACAGACCT-1,GSM8848584,0,Prostate epithelial - AR high,0.0698079,False,CNV_low_candidate
GSM8848584_AATCCAAAGAAGGTCTACAGACCT-1,GSM8848584,3,Endothelial,0.06607024,False,reference_like
GSM8848584_AATCCGGAGTCGCATCACAGACCT-1,GSM8848584,4,Fibroblast,0.05633564,False,reference_like
GSM8848584_AATCGCACAGCTAGCGACAGACCT-1,GSM8848584,2,Steroidogenic-like,0.064044364,False,CNV_low_candidate
GSM8848584_AATCGCACAGTAAGTTACAGACCT-1,GSM8848584,2,Steroidogenic-like,0.067074835,False,CNV_low_candidate
GSM8848584_AATCGCCTCCCAAATTACAGACCT-1,GSM8848584,0,Prostate epithelial - AR high,0.07453276,False,CNV_low_candidate
GSM8848584_AATCGCCTCGCAACGAACAGACCT-1,GSM8848584,1,Neuroendocrine-like,0.025905158,False,CNV_low_candidate
GSM8848584_AATCGCCTCGCTCAGTACAGACCT-1,GSM8848584,2,Steroidogenic-like,0.06265476,False,CNV_low_candidate
GSM8848584_AATCGCGAGTGCCCTGACAGACCT-1,GSM8848584,2,Steroidogenic-like,0.066474214,False,CNV_low_candidate
GSM8848584_AATCGGCCAAATGACTACAGACCT-1,GSM8848584,2,Steroidogenic-like,0.0597393,False,CNV_low_candidate
GSM8848584_AATCGTTTCAAGATGCACAGACCT-1,GSM8848584,1,Neuroendocrine-like,0.019849686,False,CNV_low_candidate
GSM8848584_AATCGTTTCTGGAACGACAGACCT-1,GSM8848584,1,Neuroendocrine-like,0.021446098,False,CNV_low_candidate
GSM8848584_AATCTCTAGTTGCGCTACAGACCT-1,GSM8848584,1,Neuroendocrine-like,0.021125497,False,CNV_low_candidate
GSM8848584_AATGAAGCACACCCACACAGACCT-1,GSM8848584,2,Steroidogenic-like,0.028602906,False,CNV_low_candidate
GSM8848584_AATGAAGCACCAGCTCACAGACCT-1,GSM8848584,2,Steroidogenic-like,0.053909034,False,CNV_low_candidate
GSM8848584_AATGAAGCAGGAGCAAACAGACCT-1,GSM8848584,0,Prostate epithelial - AR high,0.03743551,False,CNV_low_candidate
GSM8848584_AATGCGCCAAAGACCCACAGACCT-1,GSM8848584,0,Prostate epithelial - AR high,0.07107693,False,CNV_low_candidate
GSM8848584_AATGCGCCACTAGCGGACAGACCT-1,GSM8848584,2,Steroidogenic-like,0.029840305,False,CNV_low_candidate
GSM8848584_AATGCGCCAGAAAGGTACAGACCT-1,GSM8848584,0,Prostate epithelial - AR high,0.075389065,False,CNV_low_candidate
GSM8848584_AATGGATGTATGGTGAACAGACCT-1,GSM8848584,0,Prostate epithelial - AR high,0.108979784,True,CNV_high_candidate
GSM8848584_AATGGATGTCAATGTCACAGACCT-1,GSM8848584,6,Macrophage,0.0373792,False,reference_like
GSM8848584_AATGGCAGTCCAGCTAACAGACCT-1,GSM8848584,0,Prostate epithelial - AR high,0.091040485,False,CNV_low_candidate
GSM8848584_AATGGCAGTTAGGTAGACAGACCT-1,GSM8848584,6,Macrophage,0.028966855,False,reference_like
GSM8848584_AATGGCAGTTTGGGCCACAGACCT-1,GSM8848584,0,Prostate epithelial - AR high,0.051372815,False,CNV_low_candidate
GSM8848584_AATGTGATCTGCAACCACAGACCT-1,GSM8848584,2,Steroidogenic-like,0.074856155,False,CNV_low_candidate
GSM8848584_AATTACCTCGCATTTGACAGACCT-1,GSM8848584,6,Macrophage,0.024061223,False,reference_like
GSM8848584_AATTACCTCTCTATGGACAGACCT-1,GSM8848584,0,Prostate epithelial - AR high,0.07327938,False,CNV_low_candidate
GSM8848584_AATTGACCATAATGACACAGACCT-1,GSM8848584,0,Prostate epithelial - AR high,0.040892243,False,CNV_low_candidate
GSM8848584_AATTTGGAGTATGGTAACAGACCT-1,GSM8848584,0,Prostate epithelial - AR high,0.1150071,True,CNV_high_candidate
GSM8848584_ACAAACCAGCGGGACTACAGACCT-1,GSM8848584,0,Prostate epithelial - AR high,0.0865738,False,CNV_low_candidate
GSM8848584_ACAAAGGAGCACTACCACAGACCT-1,GSM8848584,0,Prostate epithelial - AR high,0.09152823,False,CNV_low_candidate
GSM8848584_ACAAAGGAGCTCAAGGACAGACCT-1,GSM8848584,1,Neuroendocrine-like,0.026014028,False,CNV_low_candidate
GSM8848584_ACAAAGGAGCTTCTAGACAGACCT-1,GSM8848584,5,T/NK lymphocyte,0.029757505,False,reference_like
GSM8848584_ACAAAGGAGGTTTCGCACAGACCT-1,GSM8848584,1,Neuroendocrine-like,0.021955987,False,CNV_low_candidate
GSM8848584_ACAACATCATCACGAAACAGACCT-1,GSM8848584,2,Steroidogenic-like,0.06784596,False,CNV_low_candidate
GSM8848584_ACAACATCATCACTCGACAGACCT-1,GSM8848584,1,Neuroendocrine-like,0.04013986,False,CNV_low_candidate
GSM8848584_ACAACCTGTAAGGCTAACAGACCT-1,GSM8848584,6,Macrophage,0.021436214,False,reference_like
GSM8848584_ACAACCTGTTAGTCTAACAGACCT-1,GSM8848584,1,Neuroendocrine-like,0.08033687,False,CNV_low_candidate
GSM8848584_ACAACGGTCGAGGCACACAGACCT-1,GSM8848584,2,Steroidogenic-like,0.03286413,False,CNV_low_candidate
GSM8848584_ACAACGGTCGCCTCTCACAGACCT-1,GSM8848584,1,Neuroendocrine-like,0.037314598,False,CNV_low_candidate
GSM8848584_ACAACTTTCAATACAGACAGACCT-1,GSM8848584,2,Steroidogenic-like,0.024305975,False,CNV_low_candidate
GSM8848584_ACAACTTTCAGGTAGTACAGACCT-1,GSM8848584,2,Steroidogenic-like,0.052785896,False,CNV_low_candidate
GSM8848584_ACAACTTTCATGACAAACAGACCT-1,GSM8848584,0,Prostate epithelial - AR high,0.065483265,False,CNV_low_candidate
GSM8848584_ACAAGGCGTATTGCGTACAGACCT-1,GSM8848584,2,Steroidogenic-like,0.119303726,True,CNV_high_candidate
GSM8848584_ACAAGGCGTCGTTCTCACAGACCT-1,GSM8848584,0,Prostate epithelial - AR high,0.05937653,False,CNV_low_candidate
GSM8848584_ACAAGTATCACAAATGACAGACCT-1,GSM8848584,0,Prostate epithelial - AR high,0.06681864,False,CNV_low_candidate
GSM8848584_ACAAGTATCGTCCATAACAGACCT-1,GSM8848584,2,Steroidogenic-like,0.029458018,False,CNV_low_candidate
GSM8848584_ACAAGTATCTTTGGTGACAGACCT-1,GSM8848584,4,Fibroblast,0.016585534,False,reference_like
GSM8848584_ACAATCAAGACCTTGCACAGACCT-1,GSM8848584,1,Neuroendocrine-like,0.032207806,False,CNV_low_candidate
GSM8848584_ACAATCAAGCTTACTGACAGACCT-1,GSM8848584,2,Steroidogenic-like,0.018848455,False,CNV_low_candidate
GSM8848584_ACAATCAAGCTTGATTACAGACCT-1,GSM8848584,1,Neuroendocrine-like,0.051685944,False,CNV_low_candidate
GSM8848584_ACAATTGAGAATGGGAACAGACCT-1,GSM8848584,2,Steroidogenic-like,0.058362536,False,CNV_low_candidate
GSM8848584_ACACAAGGTGCTTCTCACAGACCT-1,GSM8848584,2,Steroidogenic-like,0.050260097,False,CNV_low_candidate
GSM8848584_ACACAAGGTTTACGACACAGACCT-1,GSM8848584,0,Prostate epithelial - AR high,0.035925996,False,CNV_low_candidate
GSM8848584_ACACCAACAACTTGTCACAGACCT-1,GSM8848584,4,Fibroblast,0.053731326,False,reference_like
GSM8848584_ACACCAACACCTGGTCACAGACCT-1,GSM8848584,0,Prostate epithelial - AR high,0.090302646,False,CNV_low_candidate
GSM8848584_ACACCGGCAACCGTGGACAGACCT-1,GSM8848584,4,Fibroblast,0.022294758,False,reference_like
GSM8848584_ACACCGGCACGTTACTACAGACCT-1,GSM8848584,1,Neuroendocrine-like,0.03322296,False,CNV_low_candidate
GSM8848584_ACACCTATCAAGGTGTACAGACCT-1,GSM8848584,1,Neuroendocrine-like,0.029179117,False,CNV_low_candidate
GSM8848584_ACACCTATCATTGAGAACAGACCT-1,GSM8848584,0,Prostate epithelial - AR high,0.07595345,False,CNV_low_candidate
GSM8848584_ACACCTATCCAAAGACACAGACCT-1,GSM8848584,5,T/NK lymphocyte,0.019262968,False,reference_like
GSM8848584_ACACCTTCAAAGAACAACAGACCT-1,GSM8848584,0,Prostate epithelial - AR high,0.045390103,False,CNV_low_candidate
GSM8848584_ACACCTTCAAGTAAGAACAGACCT-1,GSM8848584,2,Steroidogenic-like,0.06198147,False,CNV_low_candidate
GSM8848584_ACACTAAAGACAACTAACAGACCT-1,GSM8848584,3,Endothelial,0.021509899,False,reference_like
GSM8848584_ACAGCACCAGAATGAAACAGACCT-1,GSM8848584,4,Fibroblast,0.022535441,False,reference_like
GSM8848584_ACAGCCGCAAATCACGACAGACCT-1,GSM8848584,6,Macrophage,0.050837565,False,reference_like
GSM8848584_ACAGCCGCAACAGATTACAGACCT-1,GSM8848584,2,Steroidogenic-like,0.07289828,False,CNV_low_candidate
GSM8848584_ACAGCCGCACCGGCAAACAGACCT-1,GSM8848584,5,T/NK lymphocyte,0.05763831,False,reference_like
GSM8848584_ACAGCCGCAGTAAGGGACAGACCT-1,GSM8848584,0,Prostate epithelial - AR high,0.0844874,False,CNV_low_candidate
GSM8848584_ACAGCGGGTCAGGAACACAGACCT-1,GSM8848584,0,Prostate epithelial - AR high,0.038377095,False,CNV_low_candidate
GSM8848584_ACAGGCATCCGCCTCTACAGACCT-1,GSM8848584,2,Steroidogenic-like,0.07041306,False,CNV_low_candidate
GSM8848584_ACAGGTAGTGAGAAGGACAGACCT-1,GSM8848584,2,Steroidogenic-like,0.064135104,False,CNV_low_candidate
GSM8848584_ACAGGTAGTGTGTTACACAGACCT-1,GSM8848584,0,Prostate epithelial - AR high,0.044455834,False,CNV_low_candidate
GSM8848584_ACAGGTAGTTAGGTGAACAGACCT-1,GSM8848584,0,Prostate epithelial - AR high,0.0921304,False,CNV_low_candidate
GSM8848584_ACATAGTCAATTGAGTACAGACCT-1,GSM8848584,0,Prostate epithelial - AR high,0.045596834,False,CNV_low_candidate
GSM8848584_ACATAGTCACGTAATGACAGACCT-1,GSM8848584,3,Endothelial,0.07906721,False,reference_like
GSM8848584_ACATAGTCAGGATCCGACAGACCT-1,GSM8848584,0,Prostate epithelial - AR high,0.05212365,False,CNV_low_candidate
GSM8848584_ACATAGTCATTGAGATACAGACCT-1,GSM8848584,2,Steroidogenic-like,0.10137649,True,CNV_high_candidate
GSM8848584_ACATGTTTCAAGGGTTACAGACCT-1,GSM8848584,0,Prostate epithelial - AR high,0.04609683,False,CNV_low_candidate
GSM8848584_ACATGTTTCACAACAAACAGACCT-1,GSM8848584,2,Steroidogenic-like,0.051645227,False,CNV_low_candidate
GSM8848584_ACATTACTCGCCTCGAACAGACCT-1,GSM8848584,0,Prostate epithelial - AR high,0.047033068,False,CNV_low_candidate
GSM8848584_ACATTACTCGCGCATTACAGACCT-1,GSM8848584,1,Neuroendocrine-like,0.048888195,False,CNV_low_candidate
GSM8848584_ACATTGTTCACCAGGAACAGACCT-1,GSM8848584,2,Steroidogenic-like,0.035170354,False,CNV_low_candidate
GSM8848584_ACATTGTTCCAAAGACACAGACCT-1,GSM8848584,2,Steroidogenic-like,0.044806134,False,CNV_low_candidate
GSM8848584_ACCAACTGTAACCTTAACAGACCT-1,GSM8848584,4,Fibroblast,0.038929813,False,reference_like
GSM8848584_ACCAACTGTATTCGTAACAGACCT-1,GSM8848584,3,Endothelial,0.02129769,False,reference_like
GSM8848584_ACCAACTGTTAGTGCTACAGACCT-1,GSM8848584,2,Steroidogenic-like,0.1147945,True,CNV_high_candidate
GSM8848584_ACCAATAAGAAGCATCACAGACCT-1,GSM8848584,4,Fibroblast,0.030014759,False,reference_like
GSM8848584_ACCAATCGTATTGGGAACAGACCT-1,GSM8848584,1,Neuroendocrine-like,0.06889992,False,CNV_low_candidate
GSM8848584_ACCACAACACTTAACCACAGACCT-1,GSM8848584,1,Neuroendocrine-like,0.041055888,False,CNV_low_candidate
GSM8848584_ACCACGTTCGTTAGGGACAGACCT-1,GSM8848584,4,Fibroblast,0.03708099,False,reference_like
GSM8848584_ACCAGGTCATTTGGGAACAGACCT-1,GSM8848584,2,Steroidogenic-like,0.10196903,True,CNV_high_candidate
GSM8848584_ACCATATTCACCTGTAACAGACCT-1,GSM8848584,0,Prostate epithelial - AR high,0.046268743,False,CNV_low_candidate
GSM8848584_ACCATATTCAGGTCGAACAGACCT-1,GSM8848584,3,Endothelial,0.07671522,False,reference_like
GSM8848584_ACCATATTCCCAAATTACAGACCT-1,GSM8848584,2,Steroidogenic-like,0.02110594,False,CNV_low_candidate
GSM8848584_ACCATATTCCTGGTTAACAGACCT-1,GSM8848584,2,Steroidogenic-like,0.081290014,False,CNV_low_candidate
GSM8848584_ACCATTAGTCGTTATAACAGACCT-1,GSM8848584,0,Prostate epithelial - AR high,0.12107794,True,CNV_high_candidate
GSM8848584_ACCATTAGTGGTTCTGACAGACCT-1,GSM8848584,2,Steroidogenic-like,0.048164524,False,CNV_low_candidate
GSM8848584_ACCCAACTCAGCGAATACAGACCT-1,GSM8848584,0,Prostate epithelial - AR high,0.05341599,False,CNV_low_candidate
GSM8848584_ACCCAACTCTCACAATACAGACCT-1,GSM8848584,2,Steroidogenic-like,0.081612445,False,CNV_low_candidate
GSM8848584_ACCCGCTCACCTTTGGACAGACCT-1,GSM8848584,0,Prostate epithelial - AR high,0.10120458,True,CNV_high_candidate
GSM8848584_ACCCGCTCATTCTGTAACAGACCT-1,GSM8848584,1,Neuroendocrine-like,0.038008172,False,CNV_low_candidate
GSM8848584_ACCCGTTAGATGAAGGACAGACCT-1,GSM8848584,1,Neuroendocrine-like,0.030458584,False,CNV_low_candidate
GSM8848584_ACCCGTTAGCTTTACGACAGACCT-1,GSM8848584,5,T/NK lymphocyte,0.04422557,False,reference_like
GSM8848584_ACCCGTTAGGGCGGAAACAGACCT-1,GSM8848584,0,Prostate epithelial - AR high,0.043067742,False,CNV_low_candidate
GSM8848584_ACCCTCACAAATCACGACAGACCT-1,GSM8848584,2,Steroidogenic-like,0.037275773,False,CNV_low_candidate
GSM8848584_ACCCTCACACTCCCTTACAGACCT-1,GSM8848584,2,Steroidogenic-like,0.051124893,False,CNV_low_candidate
GSM8848584_ACCCTCACAGGTAGCTACAGACCT-1,GSM8848584,1,Neuroendocrine-like,0.064853214,False,CNV_low_candidate
GSM8848584_ACCCTCACATCCGGAGACAGACCT-1,GSM8848584,1,Neuroendocrine-like,0.04228262,False,CNV_low_candidate
GSM8848584_ACCCTCACATGGCTTTACAGACCT-1,GSM8848584,0,Prostate epithelial - AR high,0.114222005,True,CNV_high_candidate
GSM8848584_ACCCTCCTCGGTAATAACAGACCT-1,GSM8848584,0,Prostate epithelial - AR high,0.035181988,False,CNV_low_candidate
GSM8848584_ACCCTCCTCTTCAAGTACAGACCT-1,GSM8848584,1,Neuroendocrine-like,0.020993792,False,CNV_low_candidate
GSM8848584_ACCCTGGTCATGCGTCACAGACCT-1,GSM8848584,4,Fibroblast,0.079552814,False,reference_like
GSM8848584_ACCCTGGTCCATCCTTACAGACCT-1,GSM8848584,1,Neuroendocrine-like,0.08294868,False,CNV_low_candidate
GSM8848584_ACCGAAGTCGAAATGCACAGACCT-1,GSM8848584,0,Prostate epithelial - AR high,0.034339797,False,CNV_low_candidate
GSM8848584_ACCGAAGTCGATGAACACAGACCT-1,GSM8848584,2,Steroidogenic-like,0.07904356,False,CNV_low_candidate
GSM8848584_ACCGAAGTCGCACACTACAGACCT-1,GSM8848584,2,Steroidogenic-like,0.051971983,False,CNV_low_candidate
GSM8848584_ACCGCCATCCCTGGATACAGACCT-1,GSM8848584,0,Prostate epithelial - AR high,0.059306063,False,CNV_low_candidate
GSM8848584_ACCGCCTCAAGGGTCTACAGACCT-1,GSM8848584,0,Prostate epithelial - AR high,0.083168365,False,CNV_low_candidate
GSM8848584_ACCGCCTCACGATTAGACAGACCT-1,GSM8848584,3,Endothelial,0.106794566,True,reference_like
GSM8848584_ACCGGCTGTAATGAACACAGACCT-1,GSM8848584,1,Neuroendocrine-like,0.016434519,False,CNV_low_candidate
GSM8848584_ACCGGCTGTCACAGAAACAGACCT-1,GSM8848584,0,Prostate epithelial - AR high,0.15682434,True,CNV_high_candidate
GSM8848584_ACCGGCTGTTCTTGAAACAGACCT-1,GSM8848584,0,Prostate epithelial - AR high,0.07705262,False,CNV_low_candidate
GSM8848584_ACCGGCTGTTGCCTGAACAGACCT-1,GSM8848584,0,Prostate epithelial - AR high,0.13000007,True,CNV_high_candidate
GSM8848584_ACCGGCTGTTGCGGGAACAGACCT-1,GSM8848584,3,Endothelial,0.04003423,False,reference_like
GSM8848584_ACCGGTAAGCGAGCTAACAGACCT-1,GSM8848584,2,Steroidogenic-like,0.07935099,False,CNV_low_candidate
GSM8848584_ACCGGTAAGGCAATCGACAGACCT-1,GSM8848584,1,Neuroendocrine-like,0.06744385,False,CNV_low_candidate
GSM8848584_ACCGGTAAGTGTTTCGACAGACCT-1,GSM8848584,2,Steroidogenic-like,0.086027905,False,CNV_low_candidate
GSM8848584_ACCGGTTTCGGCTAGAACAGACCT-1,GSM8848584,2,Steroidogenic-like,0.07217111,False,CNV_low_candidate
GSM8848584_ACCGGTTTCTATGCATACAGACCT-1,GSM8848584,2,Steroidogenic-like,0.030240688,False,CNV_low_candidate
GSM8848584_ACCGGTTTCTCACCGGACAGACCT-1,GSM8848584,0,Prostate epithelial - AR high,0.07952692,False,CNV_low_candidate
GSM8848584_ACCGTTATCATGGTCCACAGACCT-1,GSM8848584,0,Prostate epithelial - AR high,0.04834867,False,CNV_low_candidate
GSM8848584_ACCGTTATCCTTTCGTACAGACCT-1,GSM8848584,0,Prostate epithelial - AR high,0.119932644,True,CNV_high_candidate
GSM8848584_ACCTAAGCAACTGTTCACAGACCT-1,GSM8848584,2,Steroidogenic-like,0.078878134,False,CNV_low_candidate
GSM8848584_ACCTAAGCAACTTAGGACAGACCT-1,GSM8848584,0,Prostate epithelial - AR high,0.07804679,False,CNV_low_candidate
GSM8848584_ACCTAAGCAATGGCCGACAGACCT-1,GSM8848584,4,Fibroblast,0.050829295,False,reference_like
GSM8848584_ACCTAGTGTAAGGCTAACAGACCT-1,GSM8848584,0,Prostate epithelial - AR high,0.039759785,False,CNV_low_candidate
GSM8848584_ACCTATCCAAATAAGGACAGACCT-1,GSM8848584,0,Prostate epithelial - AR high,0.15459256,True,CNV_high_candidate
GSM8848584_ACCTATCCACTTTACAACAGACCT-1,GSM8848584,1,Neuroendocrine-like,0.088744,False,CNV_low_candidate
GSM8848584_ACCTATCCAGGAGCAAACAGACCT-1,GSM8848584,0,Prostate epithelial - AR high,0.04497291,False,CNV_low_candidate
GSM8848584_ACCTATCCATTGTGTCACAGACCT-1,GSM8848584,1,Neuroendocrine-like,0.05878168,False,CNV_low_candidate
GSM8848584_ACCTCACAGGTAGACTACAGACCT-1,GSM8848584,2,Steroidogenic-like,0.06035577,False,CNV_low_candidate
GSM8848584_ACCTCATCAATGAAGAACAGACCT-1,GSM8848584,1,Neuroendocrine-like,0.025799002,False,CNV_low_candidate
GSM8848584_ACCTCATCACATTGAGACAGACCT-1,GSM8848584,3,Endothelial,0.12217378,True,reference_like
GSM8848584_ACCTCATCACGTAGGTACAGACCT-1,GSM8848584,2,Steroidogenic-like,0.074051194,False,CNV_low_candidate
GSM8848584_ACCTCCCTCACAGCCTACAGACCT-1,GSM8848584,6,Macrophage,0.031462725,False,reference_like
GSM8848584_ACCTCCCTCTAGCCTAACAGACCT-1,GSM8848584,0,Prostate epithelial - AR high,0.13681956,True,CNV_high_candidate
GSM8848584_ACCTCTAAGTTTCCAGACAGACCT-1,GSM8848584,0,Prostate epithelial - AR high,0.11718126,True,CNV_high_candidate
GSM8848584_ACCTGGAAGTAACTTCACAGACCT-1,GSM8848584,4,Fibroblast,0.025292661,False,reference_like
GSM8848584_ACCTTTACAAGCTATGACAGACCT-1,GSM8848584,2,Steroidogenic-like,0.024214687,False,CNV_low_candidate
GSM8848584_ACCTTTACATCAATCCACAGACCT-1,GSM8848584,0,Prostate epithelial - AR high,0.13088463,True,CNV_high_candidate
GSM8848584_ACCTTTACATTTGGCTACAGACCT-1,GSM8848584,6,Macrophage,0.015847405,False,reference_like
GSM8848584_ACGAATATCCATAGAAACAGACCT-1,GSM8848584,2,Steroidogenic-like,0.054593205,False,CNV_low_candidate
GSM8848584_ACGAATATCCCTGGATACAGACCT-1,GSM8848584,2,Steroidogenic-like,0.05468936,False,CNV_low_candidate
GSM8848584_ACGAATATCCTTTGAGACAGACCT-1,GSM8848584,2,Steroidogenic-like,0.020716429,False,CNV_low_candidate
GSM8848584_ACGAGGGAGCTTACTGACAGACCT-1,GSM8848584,2,Steroidogenic-like,0.073727846,False,CNV_low_candidate
GSM8848584_ACGAGGGAGCTTGAAAACAGACCT-1,GSM8848584,0,Prostate epithelial - AR high,0.071551025,False,CNV_low_candidate
GSM8848584_ACGAGGGAGGAACCATACAGACCT-1,GSM8848584,0,Prostate epithelial - AR high,0.044044863,False,CNV_low_candidate
GSM8848584_ACGAGGGAGGGTTGGCACAGACCT-1,GSM8848584,1,Neuroendocrine-like,0.034868073,False,CNV_low_candidate
GSM8848584_ACGATTCGTTAGGTAGACAGACCT-1,GSM8848584,0,Prostate epithelial - AR high,0.035016805,False,CNV_low_candidate
GSM8848584_ACGCAAGTCATGTCATACAGACCT-1,GSM8848584,2,Steroidogenic-like,0.031211874,False,CNV_low_candidate
GSM8848584_ACGCACGCATGCAATGACAGACCT-1,GSM8848584,0,Prostate epithelial - AR high,0.043388277,False,CNV_low_candidate
GSM8848584_ACGCATGAGGAGGATAACAGACCT-1,GSM8848584,1,Neuroendocrine-like,0.102867626,True,CNV_high_candidate
GSM8848584_ACGCATGAGGTGAGGGACAGACCT-1,GSM8848584,0,Prostate epithelial - AR high,0.07936231,False,CNV_low_candidate
GSM8848584_ACGCATGAGTGAATCAACAGACCT-1,GSM8848584,6,Macrophage,0.04675525,False,reference_like
GSM8848584_ACGCATTGTTAGGCGGACAGACCT-1,GSM8848584,2,Steroidogenic-like,0.034817647,False,CNV_low_candidate
GSM8848584_ACGCATTGTTTCTAAGACAGACCT-1,GSM8848584,0,Prostate epithelial - AR high,0.07610141,False,CNV_low_candidate
GSM8848584_ACGCCACGTCACGATTACAGACCT-1,GSM8848584,0,Prostate epithelial - AR high,0.04161131,False,CNV_low_candidate
GSM8848584_ACGCCACGTCTTACTTACAGACCT-1,GSM8848584,2,Steroidogenic-like,0.12529613,True,CNV_high_candidate
GSM8848584_ACGCCTAGTATGGTGAACAGACCT-1,GSM8848584,0,Prostate epithelial - AR high,0.06338898,False,CNV_low_candidate
GSM8848584_ACGCCTAGTCCATAGTACAGACCT-1,GSM8848584,2,Steroidogenic-like,0.07134718,False,CNV_low_candidate
GSM8848584_ACGCCTAGTGGTGCAGACAGACCT-1,GSM8848584,4,Fibroblast,0.071281694,False,reference_like
GSM8848584_ACGCCTAGTTAGTTTGACAGACCT-1,GSM8848584,2,Steroidogenic-like,0.05995195,False,CNV_low_candidate
GSM8848584_ACGGAACGTAATAGGTACAGACCT-1,GSM8848584,2,Steroidogenic-like,0.11413857,True,CNV_high_candidate
GSM8848584_ACGGAACGTTGGTTACACAGACCT-1,GSM8848584,3,Endothelial,0.02386919,False,reference_like
GSM8848584_ACGGACCAGTGTTTCGACAGACCT-1,GSM8848584,4,Fibroblast,0.053412385,False,reference_like
GSM8848584_ACGGATAGTTAACGGAACAGACCT-1,GSM8848584,5,T/NK lymphocyte,0.019326732,False,reference_like
GSM8848584_ACGGATTAGCACTAGGACAGACCT-1,GSM8848584,2,Steroidogenic-like,0.042699818,False,CNV_low_candidate
GSM8848584_ACGGTAAGTTATGAGGACAGACCT-1,GSM8848584,2,Steroidogenic-like,0.097581975,False,CNV_low_candidate
GSM8848584_ACGTAATCAAGCCAGTACAGACCT-1,GSM8848584,2,Steroidogenic-like,0.030006086,False,CNV_low_candidate
GSM8848584_ACGTAATCAGCACCTCACAGACCT-1,GSM8848584,2,Steroidogenic-like,0.02081118,False,CNV_low_candidate
GSM8848584_ACGTAATCAGTGAGAGACAGACCT-1,GSM8848584,0,Prostate epithelial - AR high,0.07076221,False,CNV_low_candidate
GSM8848584_ACGTAGCCAAACCTGAACAGACCT-1,GSM8848584,4,Fibroblast,0.032645997,False,reference_like
GSM8848584_ACGTAGCCAAAGCCTAACAGACCT-1,GSM8848584,2,Steroidogenic-like,0.07210324,False,CNV_low_candidate
GSM8848584_ACGTATTTCACTATGTACAGACCT-1,GSM8848584,3,Endothelial,0.025143512,False,reference_like
GSM8848584_ACGTATTTCCGAATTTACAGACCT-1,GSM8848584,6,Macrophage,0.066358306,False,reference_like
GSM8848584_ACGTCAACAAATAACCACAGACCT-1,GSM8848584,6,Macrophage,0.0341704,False,reference_like
GSM8848584_ACGTCAACACCGGCAAACAGACCT-1,GSM8848584,4,Fibroblast,0.053774305,False,reference_like
GSM8848584_ACGTGCAAGCAACTTTACAGACCT-1,GSM8848584,2,Steroidogenic-like,0.105094455,True,CNV_high_candidate
GSM8848584_ACGTGCAAGCGAATGTACAGACCT-1,GSM8848584,0,Prostate epithelial - AR high,0.039064724,False,CNV_low_candidate
GSM8848584_ACGTGCAAGGAAGCCCACAGACCT-1,GSM8848584,2,Steroidogenic-like,0.05083721,False,CNV_low_candidate
GSM8848584_ACGTGCAAGGCGCAACACAGACCT-1,GSM8848584,1,Neuroendocrine-like,0.054206323,False,CNV_low_candidate
GSM8848584_ACGTGCAAGTCACACCACAGACCT-1,GSM8848584,2,Steroidogenic-like,0.07730257,False,CNV_low_candidate
GSM8848584_ACGTTCGGTAGACTGAACAGACCT-1,GSM8848584,0,Prostate epithelial - AR high,0.041400995,False,CNV_low_candidate
GSM8848584_ACGTTCGGTCATCAGTACAGACCT-1,GSM8848584,5,T/NK lymphocyte,0.068014905,False,reference_like
GSM8848584_ACGTTCGGTTGCGCTAACAGACCT-1,GSM8848584,4,Fibroblast,0.06667528,False,reference_like
GSM8848584_ACGTTCGGTTGTTGTAACAGACCT-1,GSM8848584,0,Prostate epithelial - AR high,0.039245807,False,CNV_low_candidate
GSM8848584_ACTAAACCAGCTAAGCACAGACCT-1,GSM8848584,2,Steroidogenic-like,0.021565743,False,CNV_low_candidate
GSM8848584_ACTAAGTCAACAGGGAACAGACCT-1,GSM8848584,0,Prostate epithelial - AR high,0.05601724,False,CNV_low_candidate
GSM8848584_ACTAAGTCACGATTAGACAGACCT-1,GSM8848584,0,Prostate epithelial - AR high,0.05019906,False,CNV_low_candidate
GSM8848584_ACTAAGTCATCAAGCAACAGACCT-1,GSM8848584,4,Fibroblast,0.04014684,False,reference_like
GSM8848584_ACTAATGAGTTAGGGTACAGACCT-1,GSM8848584,0,Prostate epithelial - AR high,0.040956497,False,CNV_low_candidate
GSM8848584_ACTACAAAGTGATCAAACAGACCT-1,GSM8848584,0,Prostate epithelial - AR high,0.053733326,False,CNV_low_candidate
GSM8848584_ACTAGGTAGAACCTAAACAGACCT-1,GSM8848584,1,Neuroendocrine-like,0.038056947,False,CNV_low_candidate
GSM8848584_ACTAGTCGTAGCCACCACAGACCT-1,GSM8848584,0,Prostate epithelial - AR high,0.14138798,True,CNV_high_candidate
GSM8848584_ACTAGTGCAAATAAGGACAGACCT-1,GSM8848584,0,Prostate epithelial - AR high,0.1209404,True,CNV_high_candidate
GSM8848584_ACTAGTGCAAATCACGACAGACCT-1,GSM8848584,0,Prostate epithelial - AR high,0.04148292,False,CNV_low_candidate
GSM8848584_ACTAGTGCACTTTATGACAGACCT-1,GSM8848584,4,Fibroblast,0.029753717,False,reference_like
GSM8848584_ACTAGTGCAGCTACCCACAGACCT-1,GSM8848584,6,Macrophage,0.023354266,False,reference_like
GSM8848584_ACTAGTGCATTCCTTTACAGACCT-1,GSM8848584,0,Prostate epithelial - AR high,0.05237133,False,CNV_low_candidate
GSM8848584_ACTAGTTTCAGGCAATACAGACCT-1,GSM8848584,4,Fibroblast,0.02546337,False,reference_like
GSM8848584_ACTCAATTCCAGGAATACAGACCT-1,GSM8848584,0,Prostate epithelial - AR high,0.043824237,False,CNV_low_candidate
GSM8848584_ACTCACTCATCAATCCACAGACCT-1,GSM8848584,2,Steroidogenic-like,0.08798311,False,CNV_low_candidate
GSM8848584_ACTCACTCATCTATCAACAGACCT-1,GSM8848584,2,Steroidogenic-like,0.097973,False,CNV_low_candidate
GSM8848584_ACTCCCACAGGTGACTACAGACCT-1,GSM8848584,2,Steroidogenic-like,0.04466556,False,CNV_low_candidate
GSM8848584_ACTCCCACATTCAGGAACAGACCT-1,GSM8848584,2,Steroidogenic-like,0.06887217,False,CNV_low_candidate
GSM8848584_ACTCGAACACCTTTGGACAGACCT-1,GSM8848584,5,T/NK lymphocyte,0.037666958,False,reference_like
GSM8848584_ACTCGAACACTCAATCACAGACCT-1,GSM8848584,0,Prostate epithelial - AR high,0.07189803,False,CNV_low_candidate
GSM8848584_ACTCGAACAGCTAGACACAGACCT-1,GSM8848584,2,Steroidogenic-like,0.08499209,False,CNV_low_candidate
GSM8848584_ACTCGAACAGGTATTGACAGACCT-1,GSM8848584,1,Neuroendocrine-like,0.035995048,False,CNV_low_candidate
GSM8848584_ACTCGAACATTACTCAACAGACCT-1,GSM8848584,1,Neuroendocrine-like,0.018946812,False,CNV_low_candidate
GSM8848584_ACTGGCTTCAATCGCCACAGACCT-1,GSM8848584,2,Steroidogenic-like,0.08521812,False,CNV_low_candidate
GSM8848584_ACTGGCTTCTTCAAGTACAGACCT-1,GSM8848584,2,Steroidogenic-like,0.079405576,False,CNV_low_candidate
GSM8848584_ACTGGGTCATCAATCCACAGACCT-1,GSM8848584,0,Prostate epithelial - AR high,0.03634271,False,CNV_low_candidate
GSM8848584_ACTTAGAAGTCTAATCACAGACCT-1,GSM8848584,0,Prostate epithelial - AR high,0.03447378,False,CNV_low_candidate
GSM8848584_ACTTAGAAGTCTATGTACAGACCT-1,GSM8848584,4,Fibroblast,0.027252913,False,reference_like
GSM8848584_ACTTAGAAGTGCCCTGACAGACCT-1,GSM8848584,4,Fibroblast,0.0119965235,False,reference_like
GSM8848584_ACTTAGCGTACCTAGTACAGACCT-1,GSM8848584,2,Steroidogenic-like,0.04279604,False,CNV_low_candidate
GSM8848584_ACTTAGGCAATGGCCGACAGACCT-1,GSM8848584,4,Fibroblast,0.02420222,False,reference_like
GSM8848584_ACTTCAAGTCAGTGCCACAGACCT-1,GSM8848584,2,Steroidogenic-like,0.05829581,False,CNV_low_candidate
GSM8848584_ACTTCAAGTGCATCGCACAGACCT-1,GSM8848584,1,Neuroendocrine-like,0.04360407,False,CNV_low_candidate
GSM8848584_ACTTCAAGTGCGGAATACAGACCT-1,GSM8848584,2,Steroidogenic-like,0.05815612,False,CNV_low_candidate
GSM8848584_ACTTCAAGTGCTCCTTACAGACCT-1,GSM8848584,0,Prostate epithelial - AR high,0.110408336,True,CNV_high_candidate
GSM8848584_ACTTCCCGTCCGGGTTACAGACCT-1,GSM8848584,3,Endothelial,0.084527716,False,reference_like
GSM8848584_ACTTCCCGTGCTCATGACAGACCT-1,GSM8848584,1,Neuroendocrine-like,0.025973076,False,CNV_low_candidate
GSM8848584_ACTTCCTTCAACCGCTACAGACCT-1,GSM8848584,0,Prostate epithelial - AR high,0.067744285,False,CNV_low_candidate
GSM8848584_ACTTCCTTCAAGCTCCACAGACCT-1,GSM8848584,2,Steroidogenic-like,0.048873622,False,CNV_low_candidate
GSM8848584_ACTTCCTTCACCCTCCACAGACCT-1,GSM8848584,0,Prostate epithelial - AR high,0.05934638,False,CNV_low_candidate
GSM8848584_ACTTCGTCAACAAGTTACAGACCT-1,GSM8848584,0,Prostate epithelial - AR high,0.14506479,True,CNV_high_candidate
GSM8848584_ACTTGAAAGGTCAATAACAGACCT-1,GSM8848584,2,Steroidogenic-like,0.05723511,False,CNV_low_candidate
GSM8848584_ACTTGCATCAGTTTACACAGACCT-1,GSM8848584,6,Macrophage,0.031867575,False,reference_like
GSM8848584_ACTTGCATCCATAACTACAGACCT-1,GSM8848584,2,Steroidogenic-like,0.068026565,False,CNV_low_candidate
GSM8848584_ACTTGCGGTCAATACCACAGACCT-1,GSM8848584,2,Steroidogenic-like,0.028925968,False,CNV_low_candidate
GSM8848584_ACTTGCGGTGGACACGACAGACCT-1,GSM8848584,3,Endothelial,0.022867633,False,reference_like
GSM8848584_ACTTGCTCATGCGGATACAGACCT-1,GSM8848584,4,Fibroblast,0.02665862,False,reference_like
GSM8848584_ACTTGCTCATTGTACCACAGACCT-1,GSM8848584,2,Steroidogenic-like,0.020355236,False,CNV_low_candidate
GSM8848584_AGAAACCTCACGGACAACAGACCT-1,GSM8848584,0,Prostate epithelial - AR high,0.070682496,False,CNV_low_candidate
GSM8848584_AGAAACCTCGCCTGCAACAGACCT-1,GSM8848584,0,Prostate epithelial - AR high,0.07476153,False,CNV_low_candidate
GSM8848584_AGAAAGGTCATCACATACAGACCT-1,GSM8848584,2,Steroidogenic-like,0.037996408,False,CNV_low_candidate
GSM8848584_AGAAAGGTCTGGAACGACAGACCT-1,GSM8848584,3,Endothelial,0.018565558,False,reference_like
GSM8848584_AGAAATGCAGCGGATTACAGACCT-1,GSM8848584,0,Prostate epithelial - AR high,0.09544296,False,CNV_low_candidate
GSM8848584_AGAACAACAGTTAAACACAGACCT-1,GSM8848584,1,Neuroendocrine-like,0.058760177,False,CNV_low_candidate
GSM8848584_AGAAGCAAGGAAGCAAACAGACCT-1,GSM8848584,2,Steroidogenic-like,0.08131566,False,CNV_low_candidate
GSM8848584_AGAAGGTCAGGAATAAACAGACCT-1,GSM8848584,1,Neuroendocrine-like,0.030099122,False,CNV_low_candidate
GSM8848584_AGAAGGTCATATCGCTACAGACCT-1,GSM8848584,2,Steroidogenic-like,0.04571854,False,CNV_low_candidate
GSM8848584_AGAAGGTCATCAGGTAACAGACCT-1,GSM8848584,2,Steroidogenic-like,0.030287886,False,CNV_low_candidate
GSM8848584_AGAAGGTCATCGGGCAACAGACCT-1,GSM8848584,2,Steroidogenic-like,0.031724527,False,CNV_low_candidate
GSM8848584_AGACAAACAAGGTTATACAGACCT-1,GSM8848584,2,Steroidogenic-like,0.02072407,False,CNV_low_candidate
GSM8848584_AGACAAACAGCTAGACACAGACCT-1,GSM8848584,2,Steroidogenic-like,0.09155678,False,CNV_low_candidate
GSM8848584_AGACACTAGATAACGCACAGACCT-1,GSM8848584,1,Neuroendocrine-like,0.02232145,False,CNV_low_candidate
GSM8848584_AGACACTAGCAGGTTGACAGACCT-1,GSM8848584,0,Prostate epithelial - AR high,0.02765049,False,CNV_low_candidate
GSM8848584_AGACACTAGCTAGATAACAGACCT-1,GSM8848584,2,Steroidogenic-like,0.063632965,False,CNV_low_candidate
GSM8848584_AGACACTAGTAAGTGCACAGACCT-1,GSM8848584,2,Steroidogenic-like,0.06879546,False,CNV_low_candidate
GSM8848584_AGACACTAGTGATCAAACAGACCT-1,GSM8848584,1,Neuroendocrine-like,0.022547642,False,CNV_low_candidate
GSM8848584_AGACACTAGTTTGCATACAGACCT-1,GSM8848584,1,Neuroendocrine-like,0.057730712,False,CNV_low_candidate
GSM8848584_AGACCCGCAAGGCGTTACAGACCT-1,GSM8848584,1,Neuroendocrine-like,0.026075646,False,CNV_low_candidate
GSM8848584_AGACCCGCAATTGAGTACAGACCT-1,GSM8848584,2,Steroidogenic-like,0.06928181,False,CNV_low_candidate
GSM8848584_AGACCCGCACGGTCGAACAGACCT-1,GSM8848584,3,Endothelial,0.086690284,False,reference_like
GSM8848584_AGACTAATCACTTCGAACAGACCT-1,GSM8848584,2,Steroidogenic-like,0.0304914,False,CNV_low_candidate
GSM8848584_AGACTAATCCTGACTAACAGACCT-1,GSM8848584,1,Neuroendocrine-like,0.048846863,False,CNV_low_candidate
GSM8848584_AGACTAGGTATGGGACACAGACCT-1,GSM8848584,4,Fibroblast,0.037699394,False,reference_like
GSM8848584_AGACTCACAATAGAGAACAGACCT-1,GSM8848584,2,Steroidogenic-like,0.08642303,False,CNV_low_candidate
GSM8848584_AGACTCACATTGCGCCACAGACCT-1,GSM8848584,0,Prostate epithelial - AR high,0.11620698,True,CNV_high_candidate
GSM8848584_AGACTCCTCAGTTTACACAGACCT-1,GSM8848584,2,Steroidogenic-like,0.070794396,False,CNV_low_candidate
GSM8848584_AGACTCCTCCAGCTACACAGACCT-1,GSM8848584,2,Steroidogenic-like,0.08161412,False,CNV_low_candidate
GSM8848584_AGACTCCTCCGCACCAACAGACCT-1,GSM8848584,2,Steroidogenic-like,0.0846169,False,CNV_low_candidate
GSM8848584_AGACTCCTCGAGAGAAACAGACCT-1,GSM8848584,2,Steroidogenic-like,0.082370155,False,CNV_low_candidate
GSM8848584_AGACTCCTCGTGATGGACAGACCT-1,GSM8848584,2,Steroidogenic-like,0.0582743,False,CNV_low_candidate
GSM8848584_AGACTGAGTTAATTCGACAGACCT-1,GSM8848584,0,Prostate epithelial - AR high,0.033061456,False,CNV_low_candidate
GSM8848584_AGAGAGCAGGACTTGGACAGACCT-1,GSM8848584,0,Prostate epithelial - AR high,0.03853313,False,CNV_low_candidate
GSM8848584_AGAGAGCAGGTAATTGACAGACCT-1,GSM8848584,1,Neuroendocrine-like,0.022498328,False,CNV_low_candidate
GSM8848584_AGAGGAATCAACTTGTACAGACCT-1,GSM8848584,4,Fibroblast,0.03064241,False,reference_like
GSM8848584_AGAGGAATCAAGCTCCACAGACCT-1,GSM8848584,0,Prostate epithelial - AR high,0.07020409,False,CNV_low_candidate
GSM8848584_AGAGGAATCATCACATACAGACCT-1,GSM8848584,2,Steroidogenic-like,0.049147844,False,CNV_low_candidate
GSM8848584_AGAGGAATCGCCTCGAACAGACCT-1,GSM8848584,0,Prostate epithelial - AR high,0.044468418,False,CNV_low_candidate
GSM8848584_AGAGGTTTCGATTGAAACAGACCT-1,GSM8848584,2,Steroidogenic-like,0.020583628,False,CNV_low_candidate
GSM8848584_AGATAACGTTCTCAAAACAGACCT-1,GSM8848584,2,Steroidogenic-like,0.020370856,False,CNV_low_candidate
GSM8848584_AGATGCCCAGGATTATACAGACCT-1,GSM8848584,1,Neuroendocrine-like,0.03873985,False,CNV_low_candidate
GSM8848584_AGATTCAAGGCACAATACAGACCT-1,GSM8848584,2,Steroidogenic-like,0.058734417,False,CNV_low_candidate
GSM8848584_AGATTCAAGGCGATATACAGACCT-1,GSM8848584,2,Steroidogenic-like,0.058543585,False,CNV_low_candidate
GSM8848584_AGATTGATCCAATGAAACAGACCT-1,GSM8848584,2,Steroidogenic-like,0.041717753,False,CNV_low_candidate
GSM8848584_AGCAGCCAGACAACACACAGACCT-1,GSM8848584,0,Prostate epithelial - AR high,0.10252687,True,CNV_high_candidate
GSM8848584_AGCAGGCTCCAGCTTAACAGACCT-1,GSM8848584,5,T/NK lymphocyte,0.02065434,False,reference_like
GSM8848584_AGCAGGCTCGAAGCATACAGACCT-1,GSM8848584,2,Steroidogenic-like,0.059881598,False,CNV_low_candidate
GSM8848584_AGCAGGCTCGCCTCTCACAGACCT-1,GSM8848584,4,Fibroblast,0.023758423,False,reference_like
GSM8848584_AGCAGGCTCTGCAACCACAGACCT-1,GSM8848584,0,Prostate epithelial - AR high,0.123180315,True,CNV_high_candidate
GSM8848584_AGCATCCTCAGTTAGAACAGACCT-1,GSM8848584,1,Neuroendocrine-like,0.017877381,False,CNV_low_candidate
GSM8848584_AGCATCCTCTTTGGTGACAGACCT-1,GSM8848584,2,Steroidogenic-like,0.067757115,False,CNV_low_candidate
GSM8848584_AGCATGGTCGATTGAAACAGACCT-1,GSM8848584,2,Steroidogenic-like,0.09182824,False,CNV_low_candidate
GSM8848584_AGCATTAAGCGAAGCCACAGACCT-1,GSM8848584,0,Prostate epithelial - AR high,0.07779706,False,CNV_low_candidate
GSM8848584_AGCCAATAGACTGAGTACAGACCT-1,GSM8848584,4,Fibroblast,0.029589498,False,reference_like
GSM8848584_AGCCAATAGATAATCGACAGACCT-1,GSM8848584,2,Steroidogenic-like,0.09601097,False,CNV_low_candidate
GSM8848584_AGCCAATAGCCCTTGGACAGACCT-1,GSM8848584,6,Macrophage,0.028668538,False,reference_like
GSM8848584_AGCCATTGTATTTACGACAGACCT-1,GSM8848584,0,Prostate epithelial - AR high,0.039605685,False,CNV_low_candidate
GSM8848584_AGCCATTGTTAGCGCCACAGACCT-1,GSM8848584,2,Steroidogenic-like,0.08949895,False,CNV_low_candidate
GSM8848584_AGCCTAGAGAAACCCGACAGACCT-1,GSM8848584,0,Prostate epithelial - AR high,0.12942342,True,CNV_high_candidate
GSM8848584_AGCCTAGAGGGCAGTCACAGACCT-1,GSM8848584,2,Steroidogenic-like,0.07254789,False,CNV_low_candidate
GSM8848584_AGCCTAGAGTCAATAGACAGACCT-1,GSM8848584,2,Steroidogenic-like,0.09100601,False,CNV_low_candidate
GSM8848584_AGCCTCTAGCACGCAAACAGACCT-1,GSM8848584,1,Neuroendocrine-like,0.08609746,False,CNV_low_candidate
GSM8848584_AGCCTCTAGCTAAGTAACAGACCT-1,GSM8848584,1,Neuroendocrine-like,0.022452582,False,CNV_low_candidate
GSM8848584_AGCCTCTAGCTCGATCACAGACCT-1,GSM8848584,2,Steroidogenic-like,0.026224388,False,CNV_low_candidate
GSM8848584_AGCCTGTTCAATACAGACAGACCT-1,GSM8848584,0,Prostate epithelial - AR high,0.059434928,False,CNV_low_candidate
GSM8848584_AGCCTGTTCGATATTCACAGACCT-1,GSM8848584,2,Steroidogenic-like,0.056497067,False,CNV_low_candidate
GSM8848584_AGCCTTCAGATTATCCACAGACCT-1,GSM8848584,1,Neuroendocrine-like,0.05370109,False,CNV_low_candidate
GSM8848584_AGCCTTCAGGAACTTAACAGACCT-1,GSM8848584,2,Steroidogenic-like,0.090705134,False,CNV_low_candidate
GSM8848584_AGCCTTTCACCATCCAACAGACCT-1,GSM8848584,2,Steroidogenic-like,0.03475268,False,CNV_low_candidate
GSM8848584_AGCGAACGTCCCTCATACAGACCT-1,GSM8848584,2,Steroidogenic-like,0.066562526,False,CNV_low_candidate
GSM8848584_AGCGAACGTTAGCATCACAGACCT-1,GSM8848584,1,Neuroendocrine-like,0.07159285,False,CNV_low_candidate
GSM8848584_AGCGACTCATACTTGCACAGACCT-1,GSM8848584,2,Steroidogenic-like,0.04569262,False,CNV_low_candidate
GSM8848584_AGCGATCCAGTGAGGAACAGACCT-1,GSM8848584,0,Prostate epithelial - AR high,0.06593924,False,CNV_low_candidate
GSM8848584_AGCGCGAGTAGACTGAACAGACCT-1,GSM8848584,2,Steroidogenic-like,0.10033465,True,CNV_high_candidate
GSM8848584_AGCGCGAGTGACATGAACAGACCT-1,GSM8848584,4,Fibroblast,0.07984807,False,reference_like
GSM8848584_AGCGCGAGTGGTTATCACAGACCT-1,GSM8848584,0,Prostate epithelial - AR high,0.03472503,False,CNV_low_candidate
GSM8848584_AGCGCGAGTGTTAGCTACAGACCT-1,GSM8848584,3,Endothelial,0.048248183,False,reference_like
GSM8848584_AGCGCTAAGCCCGTTGACAGACCT-1,GSM8848584,2,Steroidogenic-like,0.021458788,False,CNV_low_candidate
GSM8848584_AGCGGCTAGATAGCTAACAGACCT-1,GSM8848584,0,Prostate epithelial - AR high,0.056140475,False,CNV_low_candidate
GSM8848584_AGCGGCTAGGTCTTTGACAGACCT-1,GSM8848584,1,Neuroendocrine-like,0.07416862,False,CNV_low_candidate
GSM8848584_AGCGGCTAGTAAACCAACAGACCT-1,GSM8848584,3,Endothelial,0.045942053,False,reference_like
GSM8848584_AGCGGCTAGTTTGAGAACAGACCT-1,GSM8848584,2,Steroidogenic-like,0.061127745,False,CNV_low_candidate
GSM8848584_AGCGTTTGTCCTTAGGACAGACCT-1,GSM8848584,4,Fibroblast,0.05143121,False,reference_like
GSM8848584_AGCGTTTGTTGCACTGACAGACCT-1,GSM8848584,2,Steroidogenic-like,0.02507413,False,CNV_low_candidate
GSM8848584_AGCTAATCACATTCGTACAGACCT-1,GSM8848584,0,Prostate epithelial - AR high,0.049232405,False,CNV_low_candidate
GSM8848584_AGCTACCTCAGCACGAACAGACCT-1,GSM8848584,2,Steroidogenic-like,0.06483194,False,CNV_low_candidate
GSM8848584_AGCTACCTCAGTAAGCACAGACCT-1,GSM8848584,2,Steroidogenic-like,0.06525887,False,CNV_low_candidate
GSM8848584_AGCTATGCAAATGACTACAGACCT-1,GSM8848584,4,Fibroblast,0.04463959,False,reference_like
GSM8848584_AGCTATGCAGCCTTCAACAGACCT-1,GSM8848584,0,Prostate epithelial - AR high,0.11031085,True,CNV_high_candidate
GSM8848584_AGCTCAACAGGCAACTACAGACCT-1,GSM8848584,2,Steroidogenic-like,0.031113153,False,CNV_low_candidate
GSM8848584_AGCTCAACATTCAACCACAGACCT-1,GSM8848584,2,Steroidogenic-like,0.020001626,False,CNV_low_candidate
GSM8848584_AGCTGGATCGCTTCAAACAGACCT-1,GSM8848584,1,Neuroendocrine-like,0.088817574,False,CNV_low_candidate
GSM8848584_AGCTGGATCTGGTCTAACAGACCT-1,GSM8848584,2,Steroidogenic-like,0.06635835,False,CNV_low_candidate
GSM8848584_AGCTGGATCTGTCAGCACAGACCT-1,GSM8848584,2,Steroidogenic-like,0.12495269,True,CNV_high_candidate
GSM8848584_AGCTGGCAGTCGCGAAACAGACCT-1,GSM8848584,3,Endothelial,0.026911354,False,reference_like
GSM8848584_AGCTTCTCACAATAGTACAGACCT-1,GSM8848584,3,Endothelial,0.07234078,False,reference_like
GSM8848584_AGCTTGTGTACTTCCCACAGACCT-1,GSM8848584,2,Steroidogenic-like,0.080690205,False,CNV_low_candidate
GSM8848584_AGCTTGTGTTAGTCTAACAGACCT-1,GSM8848584,6,Macrophage,0.08626299,False,reference_like
GSM8848584_AGCTTGTGTTGGATGAACAGACCT-1,GSM8848584,0,Prostate epithelial - AR high,0.059573464,False,CNV_low_candidate
GSM8848584_AGCTTTGTCCTTTGAGACAGACCT-1,GSM8848584,2,Steroidogenic-like,0.075274676,False,CNV_low_candidate
GSM8848584_AGGAACCGTAGGTGACACAGACCT-1,GSM8848584,4,Fibroblast,0.0429963,False,reference_like
GSM8848584_AGGAACCGTGACCTTGACAGACCT-1,GSM8848584,0,Prostate epithelial - AR high,0.045857627,False,CNV_low_candidate
GSM8848584_AGGACAAAGCTCAACCACAGACCT-1,GSM8848584,4,Fibroblast,0.070172094,False,reference_like
GSM8848584_AGGACAAAGGCGCATAACAGACCT-1,GSM8848584,1,Neuroendocrine-like,0.03042956,False,CNV_low_candidate
GSM8848584_AGGACAAAGGTTACTTACAGACCT-1,GSM8848584,4,Fibroblast,0.036086004,False,reference_like
GSM8848584_AGGACAAAGTGATTAGACAGACCT-1,GSM8848584,2,Steroidogenic-like,0.06929866,False,CNV_low_candidate
GSM8848584_AGGAGGTAGGCAAGTTACAGACCT-1,GSM8848584,0,Prostate epithelial - AR high,0.105129324,True,CNV_high_candidate
GSM8848584_AGGAGGTAGGCAATCGACAGACCT-1,GSM8848584,2,Steroidogenic-like,0.07652307,False,CNV_low_candidate
GSM8848584_AGGATCAGTATTGGGAACAGACCT-1,GSM8848584,2,Steroidogenic-like,0.041523896,False,CNV_low_candidate
GSM8848584_AGGATCAGTCCCTCTGACAGACCT-1,GSM8848584,2,Steroidogenic-like,0.036024492,False,CNV_low_candidate
GSM8848584_AGGATCAGTGTGAGACACAGACCT-1,GSM8848584,3,Endothelial,0.044679858,False,reference_like
GSM8848584_AGGATCAGTGTTTCGGACAGACCT-1,GSM8848584,1,Neuroendocrine-like,0.02877489,False,CNV_low_candidate
GSM8848584_AGGATCAGTTATGTGCACAGACCT-1,GSM8848584,0,Prostate epithelial - AR high,0.06630948,False,CNV_low_candidate
GSM8848584_AGGCCAGGTAAGCTAGACAGACCT-1,GSM8848584,2,Steroidogenic-like,0.07775771,False,CNV_low_candidate
GSM8848584_AGGCCAGGTCGTAAAGACAGACCT-1,GSM8848584,0,Prostate epithelial - AR high,0.054426774,False,CNV_low_candidate
GSM8848584_AGGCCATCACCATCATACAGACCT-1,GSM8848584,2,Steroidogenic-like,0.050079323,False,CNV_low_candidate
GSM8848584_AGGCCTAAGCTTAAAGACAGACCT-1,GSM8848584,4,Fibroblast,0.030921888,False,reference_like
GSM8848584_AGGCGAGAGAGGCGGAACAGACCT-1,GSM8848584,1,Neuroendocrine-like,0.03749658,False,CNV_low_candidate
GSM8848584_AGGCGAGAGATTGAGCACAGACCT-1,GSM8848584,4,Fibroblast,0.035865452,False,reference_like
GSM8848584_AGGCGAGAGCTAAACAACAGACCT-1,GSM8848584,0,Prostate epithelial - AR high,0.13960508,True,CNV_high_candidate
GSM8848584_AGGCGCTAGAACCTAAACAGACCT-1,GSM8848584,0,Prostate epithelial - AR high,0.028058065,False,CNV_low_candidate
GSM8848584_AGGCGCTAGATGATTGACAGACCT-1,GSM8848584,2,Steroidogenic-like,0.01356526,False,CNV_low_candidate
GSM8848584_AGGCGCTAGATTCGTTACAGACCT-1,GSM8848584,0,Prostate epithelial - AR high,0.1403522,True,CNV_high_candidate
GSM8848584_AGGCTATAGCAATTGAACAGACCT-1,GSM8848584,0,Prostate epithelial - AR high,0.089041516,False,CNV_low_candidate
GSM8848584_AGGCTATAGTGGACCAACAGACCT-1,GSM8848584,4,Fibroblast,0.021700056,False,reference_like
GSM8848584_AGGCTTGAGAAACCCGACAGACCT-1,GSM8848584,0,Prostate epithelial - AR high,0.10357207,True,CNV_high_candidate
GSM8848584_AGGCTTGAGGTGAATCACAGACCT-1,GSM8848584,0,Prostate epithelial - AR high,0.031478655,False,CNV_low_candidate
GSM8848584_AGGCTTGAGTCCTGCGACAGACCT-1,GSM8848584,2,Steroidogenic-like,0.11727807,True,CNV_high_candidate
GSM8848584_AGGGACCTCAAACCAAACAGACCT-1,GSM8848584,0,Prostate epithelial - AR high,0.13952494,True,CNV_high_candidate
GSM8848584_AGGGACCTCCCTCGTCACAGACCT-1,GSM8848584,4,Fibroblast,0.061427657,False,reference_like
GSM8848584_AGGGACCTCGACTCACACAGACCT-1,GSM8848584,6,Macrophage,0.026242038,False,reference_like
GSM8848584_AGGGACCTCTGTGACCACAGACCT-1,GSM8848584,2,Steroidogenic-like,0.05259045,False,CNV_low_candidate
GSM8848584_AGGGAGTAGGAGGCCTACAGACCT-1,GSM8848584,6,Macrophage,0.015687805,False,reference_like
GSM8848584_AGGGAGTAGGTTCTTGACAGACCT-1,GSM8848584,0,Prostate epithelial - AR high,0.06278647,False,CNV_low_candidate
GSM8848584_AGGGAGTAGTAAGTGCACAGACCT-1,GSM8848584,2,Steroidogenic-like,0.08807721,False,CNV_low_candidate
GSM8848584_AGGGAGTAGTCATGAAACAGACCT-1,GSM8848584,2,Steroidogenic-like,0.05440144,False,CNV_low_candidate
GSM8848584_AGGGAGTAGTTTGCTGACAGACCT-1,GSM8848584,0,Prostate epithelial - AR high,0.057962455,False,CNV_low_candidate
GSM8848584_AGGGCTATCATGGAACACAGACCT-1,GSM8848584,2,Steroidogenic-like,0.056695208,False,CNV_low_candidate
GSM8848584_AGGGCTATCTATGGCCACAGACCT-1,GSM8848584,2,Steroidogenic-like,0.053327266,False,CNV_low_candidate
GSM8848584_AGGGCTATCTTGAAAGACAGACCT-1,GSM8848584,1,Neuroendocrine-like,0.08252519,False,CNV_low_candidate
GSM8848584_AGGGCTTCACGTTACTACAGACCT-1,GSM8848584,0,Prostate epithelial - AR high,0.04635419,False,CNV_low_candidate
GSM8848584_AGGGCTTCAGGCAACTACAGACCT-1,GSM8848584,6,Macrophage,0.01917558,False,reference_like
GSM8848584_AGGGTCCAGGACAAAGACAGACCT-1,GSM8848584,0,Prostate epithelial - AR high,0.034729782,False,CNV_low_candidate
GSM8848584_AGGGTCCAGGTGGATTACAGACCT-1,GSM8848584,5,T/NK lymphocyte,0.019720044,False,reference_like
GSM8848584_AGGGTCCAGTCTAATCACAGACCT-1,GSM8848584,0,Prostate epithelial - AR high,0.046035737,False,CNV_low_candidate
GSM8848584_AGGGTGGAGACCATTTACAGACCT-1,GSM8848584,0,Prostate epithelial - AR high,0.031223603,False,CNV_low_candidate
GSM8848584_AGGGTGGAGGACAAAGACAGACCT-1,GSM8848584,2,Steroidogenic-like,0.060824953,False,CNV_low_candidate
GSM8848584_AGGGTGGAGTTATCCGACAGACCT-1,GSM8848584,2,Steroidogenic-like,0.06483751,False,CNV_low_candidate
GSM8848584_AGGGTGGAGTTGGCCTACAGACCT-1,GSM8848584,2,Steroidogenic-like,0.042269416,False,CNV_low_candidate
GSM8848584_AGGGTTAGTAAGAATCACAGACCT-1,GSM8848584,0,Prostate epithelial - AR high,0.13712238,True,CNV_high_candidate
GSM8848584_AGGGTTAGTAGTAGGCACAGACCT-1,GSM8848584,2,Steroidogenic-like,0.05104547,False,CNV_low_candidate
GSM8848584_AGGTGAGCAATCAAGTACAGACCT-1,GSM8848584,2,Steroidogenic-like,0.071873605,False,CNV_low_candidate
GSM8848584_AGGTGAGCACAAATACACAGACCT-1,GSM8848584,0,Prostate epithelial - AR high,0.054441825,False,CNV_low_candidate
GSM8848584_AGGTGAGCATCACGAAACAGACCT-1,GSM8848584,2,Steroidogenic-like,0.08816827,False,CNV_low_candidate
GSM8848584_AGGTGAGCATTAGCGAACAGACCT-1,GSM8848584,1,Neuroendocrine-like,0.05695044,False,CNV_low_candidate
GSM8848584_AGGTGATTCATTAGCTACAGACCT-1,GSM8848584,2,Steroidogenic-like,0.031992674,False,CNV_low_candidate
GSM8848584_AGGTGATTCGAAACTAACAGACCT-1,GSM8848584,2,Steroidogenic-like,0.043381095,False,CNV_low_candidate
GSM8848584_AGGTTAATCCCTCGTCACAGACCT-1,GSM8848584,2,Steroidogenic-like,0.06103468,False,CNV_low_candidate
GSM8848584_AGGTTCGAGCGAATACACAGACCT-1,GSM8848584,2,Steroidogenic-like,0.023669733,False,CNV_low_candidate
GSM8848584_AGGTTCGAGGTTAGTAACAGACCT-1,GSM8848584,0,Prostate epithelial - AR high,0.086293966,False,CNV_low_candidate
GSM8848584_AGGTTGAGTCAATTGCACAGACCT-1,GSM8848584,0,Prostate epithelial - AR high,0.044820413,False,CNV_low_candidate
GSM8848584_AGGTTGAGTGCGCATCACAGACCT-1,GSM8848584,0,Prostate epithelial - AR high,0.04994202,False,CNV_low_candidate
GSM8848584_AGGTTGAGTGTTAGCTACAGACCT-1,GSM8848584,0,Prostate epithelial - AR high,0.030638741,False,CNV_low_candidate
GSM8848584_AGTAAACGTACAAAGTACAGACCT-1,GSM8848584,2,Steroidogenic-like,0.078301445,False,CNV_low_candidate
GSM8848584_AGTAAACGTCACTAGTACAGACCT-1,GSM8848584,2,Steroidogenic-like,0.043813046,False,CNV_low_candidate
GSM8848584_AGTAAACGTCCTTCTAACAGACCT-1,GSM8848584,5,T/NK lymphocyte,0.07595652,False,reference_like
GSM8848584_AGTAAACGTGAGAAGGACAGACCT-1,GSM8848584,0,Prostate epithelial - AR high,0.09748022,False,CNV_low_candidate
GSM8848584_AGTAAACGTGAGTAATACAGACCT-1,GSM8848584,2,Steroidogenic-like,0.07523943,False,CNV_low_candidate
GSM8848584_AGTAAACGTTAGGCTTACAGACCT-1,GSM8848584,4,Fibroblast,0.066875584,False,reference_like
GSM8848584_AGTAAACGTTGCACGCACAGACCT-1,GSM8848584,0,Prostate epithelial - AR high,0.039769966,False,CNV_low_candidate
GSM8848584_AGTAACCAGCATTTCGACAGACCT-1,GSM8848584,2,Steroidogenic-like,0.08290207,False,CNV_low_candidate
GSM8848584_AGTAACCAGCGCTACTACAGACCT-1,GSM8848584,4,Fibroblast,0.05686906,False,reference_like
GSM8848584_AGTAACCAGTCAGGCAACAGACCT-1,GSM8848584,2,Steroidogenic-like,0.046084374,False,CNV_low_candidate
GSM8848584_AGTAACGGTATGGTAGACAGACCT-1,GSM8848584,0,Prostate epithelial - AR high,0.09293609,False,CNV_low_candidate
GSM8848584_AGTAACGGTTGGATGAACAGACCT-1,GSM8848584,0,Prostate epithelial - AR high,0.051259227,False,CNV_low_candidate
GSM8848584_AGTAACGGTTGTTGGTACAGACCT-1,GSM8848584,0,Prostate epithelial - AR high,0.06319362,False,CNV_low_candidate
GSM8848584_AGTAAGCTCGATTCTGACAGACCT-1,GSM8848584,1,Neuroendocrine-like,0.027412184,False,CNV_low_candidate
GSM8848584_AGTAAGTGTACAAAGTACAGACCT-1,GSM8848584,2,Steroidogenic-like,0.05507049,False,CNV_low_candidate
GSM8848584_AGTACTGCAAATATGCACAGACCT-1,GSM8848584,4,Fibroblast,0.023126805,False,reference_like
GSM8848584_AGTACTGCAAGATAAGACAGACCT-1,GSM8848584,4,Fibroblast,0.04932547,False,reference_like
GSM8848584_AGTACTGCACCTGGTCACAGACCT-1,GSM8848584,0,Prostate epithelial - AR high,0.0348959,False,CNV_low_candidate
GSM8848584_AGTAGGCGTTGCACGCACAGACCT-1,GSM8848584,0,Prostate epithelial - AR high,0.064635366,False,CNV_low_candidate
GSM8848584_AGTAGGTTCAATACAGACAGACCT-1,GSM8848584,0,Prostate epithelial - AR high,0.039043352,False,CNV_low_candidate
GSM8848584_AGTATCCGTGCTCCTTACAGACCT-1,GSM8848584,0,Prostate epithelial - AR high,0.14374168,True,CNV_high_candidate
GSM8848584_AGTATCCGTTAGTGGAACAGACCT-1,GSM8848584,3,Endothelial,0.038970884,False,reference_like
GSM8848584_AGTCAATCACCTAACTACAGACCT-1,GSM8848584,0,Prostate epithelial - AR high,0.057159264,False,CNV_low_candidate
GSM8848584_AGTCAATCACCTATCGACAGACCT-1,GSM8848584,4,Fibroblast,0.058959365,False,reference_like
GSM8848584_AGTCACACAATACTGGACAGACCT-1,GSM8848584,3,Endothelial,0.074589975,False,reference_like
GSM8848584_AGTCACACATGCGCCTACAGACCT-1,GSM8848584,0,Prostate epithelial - AR high,0.06178913,False,CNV_low_candidate
GSM8848584_AGTCATAAGACTATTCACAGACCT-1,GSM8848584,5,T/NK lymphocyte,0.03352702,False,reference_like
GSM8848584_AGTCATAAGCCTCTAAACAGACCT-1,GSM8848584,2,Steroidogenic-like,0.03720278,False,CNV_low_candidate
GSM8848584_AGTCATAAGGCCATGAACAGACCT-1,GSM8848584,0,Prostate epithelial - AR high,0.14338878,True,CNV_high_candidate
GSM8848584_AGTCGCGCATCCTTGGACAGACCT-1,GSM8848584,1,Neuroendocrine-like,0.073355086,False,CNV_low_candidate
GSM8848584_AGTCGCGCATTAGTGGACAGACCT-1,GSM8848584,0,Prostate epithelial - AR high,0.0480675,False,CNV_low_candidate
GSM8848584_AGTCGTTGTGAATCTCACAGACCT-1,GSM8848584,0,Prostate epithelial - AR high,0.040627446,False,CNV_low_candidate
GSM8848584_AGTCGTTGTGCGGAATACAGACCT-1,GSM8848584,2,Steroidogenic-like,0.075738825,False,CNV_low_candidate
GSM8848584_AGTCGTTGTGTTGCTGACAGACCT-1,GSM8848584,0,Prostate epithelial - AR high,0.1003449,True,CNV_high_candidate
GSM8848584_AGTGACCCAGCGGATTACAGACCT-1,GSM8848584,2,Steroidogenic-like,0.09441272,False,CNV_low_candidate
GSM8848584_AGTGAGAAGATTGCAAACAGACCT-1,GSM8848584,0,Prostate epithelial - AR high,0.0386501,False,CNV_low_candidate
GSM8848584_AGTGAGAAGCCATCACACAGACCT-1,GSM8848584,3,Endothelial,0.022415545,False,reference_like
GSM8848584_AGTGAGAAGGAGGCCTACAGACCT-1,GSM8848584,0,Prostate epithelial - AR high,0.049477223,False,CNV_low_candidate
GSM8848584_AGTGATCAGAGGAGGTACAGACCT-1,GSM8848584,1,Neuroendocrine-like,0.053051446,False,CNV_low_candidate
GSM8848584_AGTGATTCACTCAATCACAGACCT-1,GSM8848584,0,Prostate epithelial - AR high,0.025347339,False,CNV_low_candidate
GSM8848584_AGTGCAAGTATTGACCACAGACCT-1,GSM8848584,0,Prostate epithelial - AR high,0.12774993,True,CNV_high_candidate
GSM8848584_AGTGCAAGTCAGTGCCACAGACCT-1,GSM8848584,1,Neuroendocrine-like,0.037772626,False,CNV_low_candidate
GSM8848584_AGTGCGGGTTTCGCCTACAGACCT-1,GSM8848584,1,Neuroendocrine-like,0.050459456,False,CNV_low_candidate
GSM8848584_AGTGCTGAGCGATGGCACAGACCT-1,GSM8848584,6,Macrophage,0.03317928,False,reference_like
GSM8848584_AGTGGATTCAACCTCAACAGACCT-1,GSM8848584,4,Fibroblast,0.06256481,False,reference_like
GSM8848584_AGTGGATTCGCTTGACACAGACCT-1,GSM8848584,3,Endothelial,0.05395092,False,reference_like
GSM8848584_AGTGGCGGTAACCCATACAGACCT-1,GSM8848584,2,Steroidogenic-like,0.029489469,False,CNV_low_candidate
GSM8848584_AGTGGCGGTTGTTCCCACAGACCT-1,GSM8848584,0,Prostate epithelial - AR high,0.05737111,False,CNV_low_candidate
GSM8848584_AGTGGGTGTACCTTAAACAGACCT-1,GSM8848584,3,Endothelial,0.067622244,False,reference_like
GSM8848584_AGTGGGTGTTGTGAGAACAGACCT-1,GSM8848584,1,Neuroendocrine-like,0.030848809,False,CNV_low_candidate
GSM8848584_AGTTACGCAATTAGACACAGACCT-1,GSM8848584,6,Macrophage,0.01768992,False,reference_like
GSM8848584_AGTTAGGGTAACCGCCACAGACCT-1,GSM8848584,0,Prostate epithelial - AR high,0.061886247,False,CNV_low_candidate
GSM8848584_AGTTAGGGTCGAAGGTACAGACCT-1,GSM8848584,2,Steroidogenic-like,0.044445835,False,CNV_low_candidate
GSM8848584_AGTTAGGGTTAACCACACAGACCT-1,GSM8848584,2,Steroidogenic-like,0.05262166,False,CNV_low_candidate
GSM8848584_AGTTATCTCCAGATAAACAGACCT-1,GSM8848584,2,Steroidogenic-like,0.03359295,False,CNV_low_candidate
GSM8848584_AGTTATCTCTATGCATACAGACCT-1,GSM8848584,4,Fibroblast,0.067344315,False,reference_like
GSM8848584_AGTTCCTCAGCACGTGACAGACCT-1,GSM8848584,0,Prostate epithelial - AR high,0.14230973,True,CNV_high_candidate
GSM8848584_AGTTCCTCATTCCTTTACAGACCT-1,GSM8848584,2,Steroidogenic-like,0.062831484,False,CNV_low_candidate
GSM8848584_AGTTGCCTCAACTTGTACAGACCT-1,GSM8848584,0,Prostate epithelial - AR high,0.058331743,False,CNV_low_candidate
GSM8848584_AGTTGCCTCGCCTAACACAGACCT-1,GSM8848584,2,Steroidogenic-like,0.030394819,False,CNV_low_candidate
GSM8848584_ATAAACCCAGCTTTCGACAGACCT-1,GSM8848584,0,Prostate epithelial - AR high,0.03159593,False,CNV_low_candidate
GSM8848584_ATAACCAAGATTCCCAACAGACCT-1,GSM8848584,0,Prostate epithelial - AR high,0.048376348,False,CNV_low_candidate
GSM8848584_ATAACCAAGCTATCGCACAGACCT-1,GSM8848584,2,Steroidogenic-like,0.04282689,False,CNV_low_candidate
GSM8848584_ATAACCAAGTACGGGCACAGACCT-1,GSM8848584,0,Prostate epithelial - AR high,0.07833448,False,CNV_low_candidate
GSM8848584_ATAACCAAGTGATGGTACAGACCT-1,GSM8848584,0,Prostate epithelial - AR high,0.04219314,False,CNV_low_candidate
GSM8848584_ATAACCCGTTTATCGAACAGACCT-1,GSM8848584,2,Steroidogenic-like,0.023913218,False,CNV_low_candidate
GSM8848584_ATAAGCATCCCAGACTACAGACCT-1,GSM8848584,2,Steroidogenic-like,0.07320614,False,CNV_low_candidate
GSM8848584_ATAAGCCAGTTGCGCTACAGACCT-1,GSM8848584,4,Fibroblast,0.051052116,False,reference_like
GSM8848584_ATAATGGTCATGTCATACAGACCT-1,GSM8848584,4,Fibroblast,0.051124588,False,reference_like
GSM8848584_ATAATGGTCCAGCTTAACAGACCT-1,GSM8848584,0,Prostate epithelial - AR high,0.050071467,False,CNV_low_candidate
GSM8848584_ATACCCGGTAGCCATTACAGACCT-1,GSM8848584,0,Prostate epithelial - AR high,0.07725045,False,CNV_low_candidate
GSM8848584_ATACCCGGTCAATTCAACAGACCT-1,GSM8848584,3,Endothelial,0.05896487,False,reference_like
GSM8848584_ATACCTGTCAAAGGCTACAGACCT-1,GSM8848584,1,Neuroendocrine-like,0.019777568,False,CNV_low_candidate
GSM8848584_ATACCTGTCGAACCGAACAGACCT-1,GSM8848584,3,Endothelial,0.034093436,False,reference_like
GSM8848584_ATACCTGTCTATTGACACAGACCT-1,GSM8848584,4,Fibroblast,0.02379427,False,reference_like
GSM8848584_ATACCTTAGCAATCCCACAGACCT-1,GSM8848584,2,Steroidogenic-like,0.043371838,False,CNV_low_candidate
GSM8848584_ATACGTAAGACCTTGCACAGACCT-1,GSM8848584,2,Steroidogenic-like,0.032009818,False,CNV_low_candidate
GSM8848584_ATACGTAAGCAAACCGACAGACCT-1,GSM8848584,3,Endothelial,0.0807473,False,reference_like
GSM8848584_ATACGTAAGCGGGACTACAGACCT-1,GSM8848584,2,Steroidogenic-like,0.042698167,False,CNV_low_candidate
GSM8848584_ATACGTAAGTTACATCACAGACCT-1,GSM8848584,0,Prostate epithelial - AR high,0.14291118,True,CNV_high_candidate
GSM8848584_ATACTGGCATAGCGACACAGACCT-1,GSM8848584,2,Steroidogenic-like,0.054869574,False,CNV_low_candidate
GSM8848584_ATACTGGCATTTGGCTACAGACCT-1,GSM8848584,5,T/NK lymphocyte,0.044475142,False,reference_like
GSM8848584_ATACTGTTCAACTTGTACAGACCT-1,GSM8848584,1,Neuroendocrine-like,0.018044801,False,CNV_low_candidate
GSM8848584_ATACTGTTCGGTACCTACAGACCT-1,GSM8848584,0,Prostate epithelial - AR high,0.046945732,False,CNV_low_candidate
GSM8848584_ATAGAAGCAAGAACAAACAGACCT-1,GSM8848584,1,Neuroendocrine-like,0.07808281,False,CNV_low_candidate
GSM8848584_ATAGAAGCACGGTAACACAGACCT-1,GSM8848584,4,Fibroblast,0.03658021,False,reference_like
GSM8848584_ATAGAAGCACGTAAATACAGACCT-1,GSM8848584,0,Prostate epithelial - AR high,0.03907732,False,CNV_low_candidate
GSM8848584_ATAGACTCATGCGGATACAGACCT-1,GSM8848584,2,Steroidogenic-like,0.067024015,False,CNV_low_candidate
GSM8848584_ATAGACTCATTTATCGACAGACCT-1,GSM8848584,0,Prostate epithelial - AR high,0.076566316,False,CNV_low_candidate
GSM8848584_ATAGCGAGTAAACTGGACAGACCT-1,GSM8848584,3,Endothelial,0.026475549,False,reference_like
GSM8848584_ATAGCGAGTAACCGCCACAGACCT-1,GSM8848584,0,Prostate epithelial - AR high,0.101489276,True,CNV_high_candidate
GSM8848584_ATAGCGAGTGGCGTAGACAGACCT-1,GSM8848584,2,Steroidogenic-like,0.074718334,False,CNV_low_candidate
GSM8848584_ATAGCTTTCACCACACACAGACCT-1,GSM8848584,6,Macrophage,0.07076934,False,reference_like
GSM8848584_ATAGGATGTATCCGCAACAGACCT-1,GSM8848584,4,Fibroblast,0.030629428,False,reference_like
GSM8848584_ATAGGATGTGCTCCTTACAGACCT-1,GSM8848584,0,Prostate epithelial - AR high,0.0302764,False,CNV_low_candidate
GSM8848584_ATAGGCTAGGCTTTATACAGACCT-1,GSM8848584,2,Steroidogenic-like,0.05334744,False,CNV_low_candidate
GSM8848584_ATATAGCCAGCTCGCTACAGACCT-1,GSM8848584,2,Steroidogenic-like,0.049797334,False,CNV_low_candidate
GSM8848584_ATATAGGTCACAGGGCACAGACCT-1,GSM8848584,3,Endothelial,0.029787015,False,reference_like
GSM8848584_ATATAGGTCGTAACTTACAGACCT-1,GSM8848584,0,Prostate epithelial - AR high,0.0512732,False,CNV_low_candidate
GSM8848584_ATATCGAAGAGGTTCGACAGACCT-1,GSM8848584,4,Fibroblast,0.031012919,False,reference_like
GSM8848584_ATATGCAAGGCCTTCGACAGACCT-1,GSM8848584,1,Neuroendocrine-like,0.017808113,False,CNV_low_candidate
GSM8848584_ATCAGGTAGCGAGCTAACAGACCT-1,GSM8848584,0,Prostate epithelial - AR high,0.123308256,True,CNV_high_candidate
GSM8848584_ATCAGGTAGGACAACTACAGACCT-1,GSM8848584,2,Steroidogenic-like,0.087408885,False,CNV_low_candidate
GSM8848584_ATCAGGTAGGTTATCTACAGACCT-1,GSM8848584,0,Prostate epithelial - AR high,0.04605035,False,CNV_low_candidate
GSM8848584_ATCATCAGTCCCTCATACAGACCT-1,GSM8848584,2,Steroidogenic-like,0.03033712,False,CNV_low_candidate
GSM8848584_ATCCATCCATCGAACAACAGACCT-1,GSM8848584,2,Steroidogenic-like,0.024121067,False,CNV_low_candidate
GSM8848584_ATCCTTGAGCCCTGATACAGACCT-1,GSM8848584,2,Steroidogenic-like,0.082034014,False,CNV_low_candidate
GSM8848584_ATCCTTGAGCTAGATAACAGACCT-1,GSM8848584,0,Prostate epithelial - AR high,0.06730684,False,CNV_low_candidate
GSM8848584_ATCCTTTGTAACTACCACAGACCT-1,GSM8848584,2,Steroidogenic-like,0.030987984,False,CNV_low_candidate
GSM8848584_ATCCTTTGTACGAATGACAGACCT-1,GSM8848584,1,Neuroendocrine-like,0.06656159,False,CNV_low_candidate
GSM8848584_ATCGAACAGCTAAACAACAGACCT-1,GSM8848584,0,Prostate epithelial - AR high,0.13334835,True,CNV_high_candidate
GSM8848584_ATCGAACAGCTTTACGACAGACCT-1,GSM8848584,0,Prostate epithelial - AR high,0.07224114,False,CNV_low_candidate
GSM8848584_ATCGATGCAAAGCTCAACAGACCT-1,GSM8848584,0,Prostate epithelial - AR high,0.06616574,False,CNV_low_candidate
GSM8848584_ATCGATGCATTACTTGACAGACCT-1,GSM8848584,2,Steroidogenic-like,0.054032184,False,CNV_low_candidate
GSM8848584_ATCGATTTCAAAGGGAACAGACCT-1,GSM8848584,0,Prostate epithelial - AR high,0.04942685,False,CNV_low_candidate
GSM8848584_ATCGATTTCACGAACGACAGACCT-1,GSM8848584,0,Prostate epithelial - AR high,0.08266213,False,CNV_low_candidate
GSM8848584_ATCGATTTCATTTAGCACAGACCT-1,GSM8848584,2,Steroidogenic-like,0.04070487,False,CNV_low_candidate
GSM8848584_ATCGATTTCCGCAATCACAGACCT-1,GSM8848584,6,Macrophage,0.010602088,False,reference_like
GSM8848584_ATCGATTTCGGGATGCACAGACCT-1,GSM8848584,1,Neuroendocrine-like,0.043845028,False,CNV_low_candidate
GSM8848584_ATCGCGCGTGTGTTACACAGACCT-1,GSM8848584,2,Steroidogenic-like,0.06857549,False,CNV_low_candidate
GSM8848584_ATCGCGCGTTAGGTGAACAGACCT-1,GSM8848584,1,Neuroendocrine-like,0.02850517,False,CNV_low_candidate
GSM8848584_ATCGCGCGTTGGGTTTACAGACCT-1,GSM8848584,1,Neuroendocrine-like,0.082377926,False,CNV_low_candidate
GSM8848584_ATCGCTCAGGGTTAACACAGACCT-1,GSM8848584,0,Prostate epithelial - AR high,0.048224818,False,CNV_low_candidate
GSM8848584_ATCGCTTCAAACCGTAACAGACCT-1,GSM8848584,2,Steroidogenic-like,0.06960724,False,CNV_low_candidate
GSM8848584_ATCGGGCAGCAGGTTGACAGACCT-1,GSM8848584,3,Endothelial,0.04185367,False,reference_like
GSM8848584_ATCGGGCAGGGTTAACACAGACCT-1,GSM8848584,0,Prostate epithelial - AR high,0.11495085,True,CNV_high_candidate
GSM8848584_ATCGTGCTCGAAGTTAACAGACCT-1,GSM8848584,5,T/NK lymphocyte,0.0777482,False,reference_like
GSM8848584_ATCGTTAGTACGCACCACAGACCT-1,GSM8848584,0,Prostate epithelial - AR high,0.03130455,False,CNV_low_candidate
GSM8848584_ATCGTTAGTCAACATCACAGACCT-1,GSM8848584,4,Fibroblast,0.07128789,False,reference_like
GSM8848584_ATCGTTAGTCCCTCATACAGACCT-1,GSM8848584,0,Prostate epithelial - AR high,0.074555874,False,CNV_low_candidate
GSM8848584_ATCGTTAGTTCAAGCTACAGACCT-1,GSM8848584,1,Neuroendocrine-like,0.026666323,False,CNV_low_candidate
GSM8848584_ATCTTAGGTAGCTTGTACAGACCT-1,GSM8848584,3,Endothelial,0.018820979,False,reference_like
GSM8848584_ATGACTTTCATGCGTCACAGACCT-1,GSM8848584,2,Steroidogenic-like,0.057143915,False,CNV_low_candidate
GSM8848584_ATGACTTTCTTGAGGGACAGACCT-1,GSM8848584,1,Neuroendocrine-like,0.0681072,False,CNV_low_candidate
GSM8848584_ATGAGGAAGGCGCAACACAGACCT-1,GSM8848584,0,Prostate epithelial - AR high,0.050935317,False,CNV_low_candidate
GSM8848584_ATGAGGAAGGGATTTAACAGACCT-1,GSM8848584,2,Steroidogenic-like,0.08119509,False,CNV_low_candidate
GSM8848584_ATGAGGAAGTTTACCGACAGACCT-1,GSM8848584,0,Prostate epithelial - AR high,0.05286494,False,CNV_low_candidate
GSM8848584_ATGAGGCGTATTGTCAACAGACCT-1,GSM8848584,2,Steroidogenic-like,0.057296656,False,CNV_low_candidate
GSM8848584_ATGAGGCGTCATCCCTACAGACCT-1,GSM8848584,6,Macrophage,0.032566898,False,reference_like
GSM8848584_ATGAGGTTCACATTCGACAGACCT-1,GSM8848584,0,Prostate epithelial - AR high,0.0433181,False,CNV_low_candidate
GSM8848584_ATGAGGTTCATTGAGAACAGACCT-1,GSM8848584,0,Prostate epithelial - AR high,0.11855472,True,CNV_high_candidate
GSM8848584_ATGAGGTTCGGTTCACACAGACCT-1,GSM8848584,0,Prostate epithelial - AR high,0.035441574,False,CNV_low_candidate
GSM8848584_ATGATCAAGCAAAGCTACAGACCT-1,GSM8848584,0,Prostate epithelial - AR high,0.12088521,True,CNV_high_candidate
GSM8848584_ATGATCAAGCCTATATACAGACCT-1,GSM8848584,2,Steroidogenic-like,0.08427081,False,CNV_low_candidate
GSM8848584_ATGATCAAGTTGCAAAACAGACCT-1,GSM8848584,0,Prostate epithelial - AR high,0.028405117,False,CNV_low_candidate
GSM8848584_ATGCAACAGGAACCATACAGACCT-1,GSM8848584,1,Neuroendocrine-like,0.029225297,False,CNV_low_candidate
GSM8848584_ATGCAACAGGGCGGAAACAGACCT-1,GSM8848584,2,Steroidogenic-like,0.023902953,False,CNV_low_candidate
GSM8848584_ATGCAACAGTAAACCAACAGACCT-1,GSM8848584,2,Steroidogenic-like,0.07210864,False,CNV_low_candidate
GSM8848584_ATGCATTTCCGCAATCACAGACCT-1,GSM8848584,2,Steroidogenic-like,0.03925783,False,CNV_low_candidate
GSM8848584_ATGCCTATCAATGTTCACAGACCT-1,GSM8848584,3,Endothelial,0.015207432,False,reference_like
GSM8848584_ATGCCTATCACAAAGCACAGACCT-1,GSM8848584,2,Steroidogenic-like,0.02095301,False,CNV_low_candidate
GSM8848584_ATGCCTATCACTCGCGACAGACCT-1,GSM8848584,0,Prostate epithelial - AR high,0.065728866,False,CNV_low_candidate
GSM8848584_ATGCGATAGGCTGGTAACAGACCT-1,GSM8848584,0,Prostate epithelial - AR high,0.041148853,False,CNV_low_candidate
GSM8848584_ATGCGCAAGATGCCTCACAGACCT-1,GSM8848584,0,Prostate epithelial - AR high,0.08310974,False,CNV_low_candidate
GSM8848584_ATGCGTCTCAAGGTACACAGACCT-1,GSM8848584,2,Steroidogenic-like,0.014480656,False,CNV_low_candidate
GSM8848584_ATGCGTCTCATGTCATACAGACCT-1,GSM8848584,0,Prostate epithelial - AR high,0.12566742,True,CNV_high_candidate
GSM8848584_ATGCGTCTCCATCCAAACAGACCT-1,GSM8848584,2,Steroidogenic-like,0.057095796,False,CNV_low_candidate
GSM8848584_ATGGACCCACTGTCATACAGACCT-1,GSM8848584,0,Prostate epithelial - AR high,0.13872696,True,CNV_high_candidate
GSM8848584_ATGGACCCATTCAACCACAGACCT-1,GSM8848584,1,Neuroendocrine-like,0.026541876,False,CNV_low_candidate
GSM8848584_ATGGATCAGCACGTTCACAGACCT-1,GSM8848584,1,Neuroendocrine-like,0.017156228,False,CNV_low_candidate
GSM8848584_ATGGATCAGGGCACTAACAGACCT-1,GSM8848584,0,Prostate epithelial - AR high,0.05840045,False,CNV_low_candidate
GSM8848584_ATGGATCAGTGTGATAACAGACCT-1,GSM8848584,0,Prostate epithelial - AR high,0.033301823,False,CNV_low_candidate
GSM8848584_ATGGATGGTCCCTCATACAGACCT-1,GSM8848584,0,Prostate epithelial - AR high,0.030912599,False,CNV_low_candidate
GSM8848584_ATGGATTCAGATTGCAACAGACCT-1,GSM8848584,2,Steroidogenic-like,0.06921458,False,CNV_low_candidate
GSM8848584_ATGGATTCATAGCCTTACAGACCT-1,GSM8848584,2,Steroidogenic-like,0.042088293,False,CNV_low_candidate
GSM8848584_ATGGATTCATCACAGAACAGACCT-1,GSM8848584,0,Prostate epithelial - AR high,0.03826054,False,CNV_low_candidate
GSM8848584_ATGGCAGTCACATTACACAGACCT-1,GSM8848584,1,Neuroendocrine-like,0.04107469,False,CNV_low_candidate
GSM8848584_ATGGCAGTCCAACTATACAGACCT-1,GSM8848584,6,Macrophage,0.029274287,False,reference_like
GSM8848584_ATGGCAGTCGTAACCCACAGACCT-1,GSM8848584,0,Prostate epithelial - AR high,0.102102146,True,CNV_high_candidate
GSM8848584_ATGGCCTTCAGTAGCGACAGACCT-1,GSM8848584,2,Steroidogenic-like,0.07304383,False,CNV_low_candidate
GSM8848584_ATGGGACGTTGACCCAACAGACCT-1,GSM8848584,2,Steroidogenic-like,0.064016975,False,CNV_low_candidate
GSM8848584_ATGGGTTAGAAGTACCACAGACCT-1,GSM8848584,2,Steroidogenic-like,0.03639454,False,CNV_low_candidate
GSM8848584_ATGGGTTAGAGGATAGACAGACCT-1,GSM8848584,2,Steroidogenic-like,0.047996346,False,CNV_low_candidate
GSM8848584_ATGGGTTAGTGAGTCGACAGACCT-1,GSM8848584,4,Fibroblast,0.02966772,False,reference_like
GSM8848584_ATGGTGAGTTGGTTACACAGACCT-1,GSM8848584,4,Fibroblast,0.029495012,False,reference_like
GSM8848584_ATGTCAAAGGAACCTGACAGACCT-1,GSM8848584,1,Neuroendocrine-like,0.05826084,False,CNV_low_candidate
GSM8848584_ATGTCAAAGGGAGGCAACAGACCT-1,GSM8848584,0,Prostate epithelial - AR high,0.06713332,False,CNV_low_candidate
GSM8848584_ATGTCAAAGTCTACCAACAGACCT-1,GSM8848584,2,Steroidogenic-like,0.040897,False,CNV_low_candidate
GSM8848584_ATGTGGGTCACAATGAACAGACCT-1,GSM8848584,0,Prostate epithelial - AR high,0.14582407,True,CNV_high_candidate
GSM8848584_ATGTGGGTCGCCTATAACAGACCT-1,GSM8848584,0,Prostate epithelial - AR high,0.07342632,False,CNV_low_candidate
GSM8848584_ATGTTAGAGGCGGATCACAGACCT-1,GSM8848584,2,Steroidogenic-like,0.07165966,False,CNV_low_candidate
GSM8848584_ATGTTAGAGGTGTCCTACAGACCT-1,GSM8848584,0,Prostate epithelial - AR high,0.08217107,False,CNV_low_candidate
GSM8848584_ATGTTCCCATGTGGGTACAGACCT-1,GSM8848584,1,Neuroendocrine-like,0.06126169,False,CNV_low_candidate
GSM8848584_ATGTTGCGTGTAATGGACAGACCT-1,GSM8848584,1,Neuroendocrine-like,0.035386674,False,CNV_low_candidate
GSM8848584_ATGTTGCGTGTTAGTCACAGACCT-1,GSM8848584,1,Neuroendocrine-like,0.08961544,False,CNV_low_candidate
GSM8848584_ATGTTGCGTTAGCTCGACAGACCT-1,GSM8848584,1,Neuroendocrine-like,0.024562443,False,CNV_low_candidate
GSM8848584_ATGTTTGGTACGGGCAACAGACCT-1,GSM8848584,2,Steroidogenic-like,0.046342563,False,CNV_low_candidate
GSM8848584_ATTACGTTCCCTCGCTACAGACCT-1,GSM8848584,1,Neuroendocrine-like,0.021041322,False,CNV_low_candidate
GSM8848584_ATTACGTTCTTTGGATACAGACCT-1,GSM8848584,0,Prostate epithelial - AR high,0.031239422,False,CNV_low_candidate
GSM8848584_ATTATGGAGGCGCGATACAGACCT-1,GSM8848584,2,Steroidogenic-like,0.039146036,False,CNV_low_candidate
GSM8848584_ATTCACCCAATAAGGAACAGACCT-1,GSM8848584,5,T/NK lymphocyte,0.081209585,False,reference_like
GSM8848584_ATTCAGTTCAATTGGAACAGACCT-1,GSM8848584,3,Endothelial,0.03498469,False,reference_like
GSM8848584_ATTCAGTTCATGACAAACAGACCT-1,GSM8848584,2,Steroidogenic-like,0.06388423,False,CNV_low_candidate
GSM8848584_ATTCAGTTCCAACTTGACAGACCT-1,GSM8848584,3,Endothelial,0.06660932,False,reference_like
GSM8848584_ATTCAGTTCCTGCAACACAGACCT-1,GSM8848584,0,Prostate epithelial - AR high,0.05845755,False,CNV_low_candidate
GSM8848584_ATTCGATTCAGCGGGTACAGACCT-1,GSM8848584,2,Steroidogenic-like,0.07960252,False,CNV_low_candidate
GSM8848584_ATTCGTAGTCAAGCTTACAGACCT-1,GSM8848584,2,Steroidogenic-like,0.0814848,False,CNV_low_candidate
GSM8848584_ATTCGTCCAACTGTTCACAGACCT-1,GSM8848584,1,Neuroendocrine-like,0.029026045,False,CNV_low_candidate
GSM8848584_ATTCGTTAGATAATCGACAGACCT-1,GSM8848584,2,Steroidogenic-like,0.053389866,False,CNV_low_candidate
GSM8848584_ATTCGTTAGATGAAGGACAGACCT-1,GSM8848584,2,Steroidogenic-like,0.028896611,False,CNV_low_candidate
GSM8848584_ATTGACCGTGGCTTTGACAGACCT-1,GSM8848584,6,Macrophage,0.04308033,False,reference_like
GSM8848584_ATTGACTTCAAGGGTTACAGACCT-1,GSM8848584,1,Neuroendocrine-like,0.090884335,False,CNV_low_candidate
GSM8848584_ATTGACTTCACCAGCTACAGACCT-1,GSM8848584,2,Steroidogenic-like,0.044801887,False,CNV_low_candidate
GSM8848584_ATTGACTTCATCCCAAACAGACCT-1,GSM8848584,0,Prostate epithelial - AR high,0.13996796,True,CNV_high_candidate
GSM8848584_ATTGAGCAGAATGGGAACAGACCT-1,GSM8848584,0,Prostate epithelial - AR high,0.11332205,True,CNV_high_candidate
GSM8848584_ATTGAGCAGCTTCTAGACAGACCT-1,GSM8848584,0,Prostate epithelial - AR high,0.13383305,True,CNV_high_candidate
GSM8848584_ATTGAGCAGGTCAAACACAGACCT-1,GSM8848584,0,Prostate epithelial - AR high,0.07006161,False,CNV_low_candidate
GSM8848584_ATTGAGCAGTTTCAGTACAGACCT-1,GSM8848584,0,Prostate epithelial - AR high,0.13143623,True,CNV_high_candidate
GSM8848584_ATTGAGGGTCAACAAGACAGACCT-1,GSM8848584,2,Steroidogenic-like,0.04391423,False,CNV_low_candidate
GSM8848584_ATTGAGGGTGCGTACCACAGACCT-1,GSM8848584,4,Fibroblast,0.037575293,False,reference_like
GSM8848584_ATTGAGGGTGGACACGACAGACCT-1,GSM8848584,2,Steroidogenic-like,0.043435846,False,CNV_low_candidate
GSM8848584_ATTGAGTCACGTAAATACAGACCT-1,GSM8848584,1,Neuroendocrine-like,0.044585995,False,CNV_low_candidate
GSM8848584_ATTGAGTCAGTAAGTTACAGACCT-1,GSM8848584,0,Prostate epithelial - AR high,0.05635297,False,CNV_low_candidate
GSM8848584_ATTGAGTCATGCGGATACAGACCT-1,GSM8848584,0,Prostate epithelial - AR high,0.05169299,False,CNV_low_candidate
GSM8848584_ATTGAGTCATTTAGCCACAGACCT-1,GSM8848584,0,Prostate epithelial - AR high,0.03248115,False,CNV_low_candidate
GSM8848584_ATTGATGAGGTAAGTCACAGACCT-1,GSM8848584,2,Steroidogenic-like,0.02107347,False,CNV_low_candidate
GSM8848584_ATTGATGAGGTCGAGCACAGACCT-1,GSM8848584,3,Endothelial,0.018252207,False,reference_like
GSM8848584_ATTGCACGTGGGAACTACAGACCT-1,GSM8848584,0,Prostate epithelial - AR high,0.052415513,False,CNV_low_candidate
GSM8848584_ATTGCACGTTGCACTGACAGACCT-1,GSM8848584,6,Macrophage,0.051566962,False,reference_like
GSM8848584_ATTGCATTCCTCTAAGACAGACCT-1,GSM8848584,0,Prostate epithelial - AR high,0.10813376,True,CNV_high_candidate
GSM8848584_ATTGCATTCGGCTAGAACAGACCT-1,GSM8848584,1,Neuroendocrine-like,0.015026165,False,CNV_low_candidate
GSM8848584_ATTGCATTCTTGAGGGACAGACCT-1,GSM8848584,3,Endothelial,0.041532706,False,reference_like
GSM8848584_ATTGCCGGTACGTAAGACAGACCT-1,GSM8848584,1,Neuroendocrine-like,0.03450469,False,CNV_low_candidate
GSM8848584_ATTGCCGGTGAACGTAACAGACCT-1,GSM8848584,2,Steroidogenic-like,0.07022913,False,CNV_low_candidate
GSM8848584_ATTGCCGGTTGCGCTAACAGACCT-1,GSM8848584,2,Steroidogenic-like,0.01712949,False,CNV_low_candidate
GSM8848584_ATTGCCTCAAGCTCAAACAGACCT-1,GSM8848584,4,Fibroblast,0.063789584,False,reference_like
GSM8848584_ATTGCCTCAATATGCGACAGACCT-1,GSM8848584,2,Steroidogenic-like,0.07970384,False,CNV_low_candidate
GSM8848584_ATTGCGACACAATAGTACAGACCT-1,GSM8848584,0,Prostate epithelial - AR high,0.12889996,True,CNV_high_candidate
GSM8848584_ATTGCGACATCGAACAACAGACCT-1,GSM8848584,2,Steroidogenic-like,0.0680045,False,CNV_low_candidate
GSM8848584_ATTGCTCCACATACCTACAGACCT-1,GSM8848584,2,Steroidogenic-like,0.073419794,False,CNV_low_candidate
GSM8848584_ATTGCTCCATCACGCCACAGACCT-1,GSM8848584,1,Neuroendocrine-like,0.07136828,False,CNV_low_candidate
GSM8848584_ATTGGCGAGAGGTTCGACAGACCT-1,GSM8848584,0,Prostate epithelial - AR high,0.07128443,False,CNV_low_candidate
GSM8848584_ATTGGCGAGATAGCTAACAGACCT-1,GSM8848584,2,Steroidogenic-like,0.025660269,False,CNV_low_candidate
GSM8848584_ATTGGCGAGCAGCCAAACAGACCT-1,GSM8848584,6,Macrophage,0.03162012,False,reference_like
GSM8848584_ATTGGCGAGTGAGGAAACAGACCT-1,GSM8848584,4,Fibroblast,0.03994754,False,reference_like
GSM8848584_ATTGGCTGTGCCCGATACAGACCT-1,GSM8848584,0,Prostate epithelial - AR high,0.07201951,False,CNV_low_candidate
GSM8848584_ATTGGGAGTTGAATCCACAGACCT-1,GSM8848584,0,Prostate epithelial - AR high,0.13988467,True,CNV_high_candidate
GSM8848584_ATTGTTGGTCAATTGCACAGACCT-1,GSM8848584,2,Steroidogenic-like,0.04565648,False,CNV_low_candidate
GSM8848584_ATTGTTGGTTAATGCCACAGACCT-1,GSM8848584,2,Steroidogenic-like,0.057663403,False,CNV_low_candidate
GSM8848584_ATTTACGGTATTGCGTACAGACCT-1,GSM8848584,6,Macrophage,0.027581826,False,reference_like
GSM8848584_ATTTACGGTGCGGTTCACAGACCT-1,GSM8848584,0,Prostate epithelial - AR high,0.05987985,False,CNV_low_candidate
GSM8848584_ATTTAGCTCGGGACTAACAGACCT-1,GSM8848584,0,Prostate epithelial - AR high,0.077042304,False,CNV_low_candidate
GSM8848584_ATTTAGCTCTGGAAACACAGACCT-1,GSM8848584,5,T/NK lymphocyte,0.019766102,False,reference_like
GSM8848584_ATTTAGGAGAAACTCAACAGACCT-1,GSM8848584,2,Steroidogenic-like,0.021977425,False,CNV_low_candidate
GSM8848584_ATTTAGGAGCGGGACTACAGACCT-1,GSM8848584,2,Steroidogenic-like,0.015882893,False,CNV_low_candidate
GSM8848584_ATTTCCTGTACCTAGTACAGACCT-1,GSM8848584,2,Steroidogenic-like,0.07500357,False,CNV_low_candidate
GSM8848584_ATTTCCTGTACCTCAGACAGACCT-1,GSM8848584,2,Steroidogenic-like,0.050356757,False,CNV_low_candidate
GSM8848584_ATTTGCCCACTTCGATACAGACCT-1,GSM8848584,0,Prostate epithelial - AR high,0.04849777,False,CNV_low_candidate
GSM8848584_ATTTGCCCAGTAATACACAGACCT-1,GSM8848584,2,Steroidogenic-like,0.050468817,False,CNV_low_candidate
GSM8848584_ATTTGGTTCACCATATACAGACCT-1,GSM8848584,2,Steroidogenic-like,0.03038679,False,CNV_low_candidate
GSM8848584_ATTTGTGGTAAGGTTGACAGACCT-1,GSM8848584,0,Prostate epithelial - AR high,0.12336794,True,CNV_high_candidate
GSM8848584_ATTTGTGGTTTGCAACACAGACCT-1,GSM8848584,1,Neuroendocrine-like,0.04192082,False,CNV_low_candidate
GSM8848584_CAAACAATCATAACCTACAGACCT-1,GSM8848584,0,Prostate epithelial - AR high,0.13878985,True,CNV_high_candidate
GSM8848584_CAAACAATCCTGTTCTACAGACCT-1,GSM8848584,0,Prostate epithelial - AR high,0.05845272,False,CNV_low_candidate
GSM8848584_CAAACAATCTTAAGCTACAGACCT-1,GSM8848584,0,Prostate epithelial - AR high,0.0723852,False,CNV_low_candidate
GSM8848584_CAAACTTTCATGAGGTACAGACCT-1,GSM8848584,6,Macrophage,0.034843624,False,reference_like
GSM8848584_CAAACTTTCGGTACAGACAGACCT-1,GSM8848584,0,Prostate epithelial - AR high,0.05966968,False,CNV_low_candidate
GSM8848584_CAAAGCTAGGTAGTTAACAGACCT-1,GSM8848584,2,Steroidogenic-like,0.021772658,False,CNV_low_candidate
GSM8848584_CAAAGGGCAATGAAGAACAGACCT-1,GSM8848584,3,Endothelial,0.024980405,False,reference_like
GSM8848584_CAAAGGGCATTCCTTTACAGACCT-1,GSM8848584,2,Steroidogenic-like,0.021506801,False,CNV_low_candidate
GSM8848584_CAAATCAAGCTTACTGACAGACCT-1,GSM8848584,2,Steroidogenic-like,0.034274463,False,CNV_low_candidate
GSM8848584_CAAATCCGTCCTGACAACAGACCT-1,GSM8848584,4,Fibroblast,0.02855317,False,reference_like
GSM8848584_CAAATTGAGCTCAAGGACAGACCT-1,GSM8848584,1,Neuroendocrine-like,0.020842414,False,CNV_low_candidate
GSM8848584_CAAATTGAGGCTTATTACAGACCT-1,GSM8848584,2,Steroidogenic-like,0.052124385,False,CNV_low_candidate
GSM8848584_CAACCAACAACCTGTTACAGACCT-1,GSM8848584,6,Macrophage,0.058011953,False,reference_like
GSM8848584_CAACCAACAATCGTGAACAGACCT-1,GSM8848584,0,Prostate epithelial - AR high,0.03432213,False,CNV_low_candidate
GSM8848584_CAACCAACACAACATGACAGACCT-1,GSM8848584,0,Prostate epithelial - AR high,0.052596003,False,CNV_low_candidate
GSM8848584_CAACCAACATTTAGCCACAGACCT-1,GSM8848584,1,Neuroendocrine-like,0.05130237,False,CNV_low_candidate
GSM8848584_CAACCGGCACGTAAATACAGACCT-1,GSM8848584,4,Fibroblast,0.019475786,False,reference_like
GSM8848584_CAACCGGCAGTTGCCCACAGACCT-1,GSM8848584,0,Prostate epithelial - AR high,0.04939273,False,CNV_low_candidate
GSM8848584_CAACCGTTCACAACAAACAGACCT-1,GSM8848584,6,Macrophage,0.040881716,False,reference_like
GSM8848584_CAACCTATCATGATGAACAGACCT-1,GSM8848584,0,Prostate epithelial - AR high,0.0778122,False,CNV_low_candidate
GSM8848584_CAACCTATCCAAACGGACAGACCT-1,GSM8848584,1,Neuroendocrine-like,0.025338227,False,CNV_low_candidate
GSM8848584_CAACCTGGTTTGAGCTACAGACCT-1,GSM8848584,6,Macrophage,0.076755874,False,reference_like
GSM8848584_CAACCTTCAGATTGCAACAGACCT-1,GSM8848584,0,Prostate epithelial - AR high,0.03947415,False,CNV_low_candidate
GSM8848584_CAACCTTCATGAAGCCACAGACCT-1,GSM8848584,0,Prostate epithelial - AR high,0.03826077,False,CNV_low_candidate
GSM8848584_CAACTAAAGACTTAAGACAGACCT-1,GSM8848584,1,Neuroendocrine-like,0.031892087,False,CNV_low_candidate
GSM8848584_CAACTAAAGTGGACCAACAGACCT-1,GSM8848584,0,Prostate epithelial - AR high,0.083057255,False,CNV_low_candidate
GSM8848584_CAAGACTAGTTGACCCACAGACCT-1,GSM8848584,2,Steroidogenic-like,0.06880161,False,CNV_low_candidate
GSM8848584_CAAGCGATCCGTGACTACAGACCT-1,GSM8848584,0,Prostate epithelial - AR high,0.061603338,False,CNV_low_candidate
GSM8848584_CAAGGCCAGGACAAAGACAGACCT-1,GSM8848584,2,Steroidogenic-like,0.052325338,False,CNV_low_candidate
GSM8848584_CAAGGTCCAAATAAGGACAGACCT-1,GSM8848584,5,T/NK lymphocyte,0.022231925,False,reference_like
GSM8848584_CAAGGTCCAATGGGAGACAGACCT-1,GSM8848584,1,Neuroendocrine-like,0.08616205,False,CNV_low_candidate
GSM8848584_CAAGGTCCACAACATGACAGACCT-1,GSM8848584,2,Steroidogenic-like,0.08442878,False,CNV_low_candidate
GSM8848584_CAAGGTCCACATAAGTACAGACCT-1,GSM8848584,2,Steroidogenic-like,0.03152534,False,CNV_low_candidate
GSM8848584_CAAGGTCCATGGCCGAACAGACCT-1,GSM8848584,2,Steroidogenic-like,0.114269115,True,CNV_high_candidate
GSM8848584_CAAGGTTAGACCAGGCACAGACCT-1,GSM8848584,1,Neuroendocrine-like,0.115356915,True,CNV_high_candidate
GSM8848584_CAAGGTTAGGGTTTCCACAGACCT-1,GSM8848584,2,Steroidogenic-like,0.027612472,False,CNV_low_candidate
GSM8848584_CAAGTCCTCACCAGGAACAGACCT-1,GSM8848584,6,Macrophage,0.028589284,False,reference_like
GSM8848584_CAAGTCCTCAGGTAACACAGACCT-1,GSM8848584,3,Endothelial,0.031522628,False,reference_like
GSM8848584_CAAGTCCTCGCTTCAAACAGACCT-1,GSM8848584,0,Prostate epithelial - AR high,0.049720753,False,CNV_low_candidate
GSM8848584_CAAGTCGAGCTATTACACAGACCT-1,GSM8848584,2,Steroidogenic-like,0.065775074,False,CNV_low_candidate
GSM8848584_CAATAAGTCACAGGGCACAGACCT-1,GSM8848584,0,Prostate epithelial - AR high,0.021649184,False,CNV_low_candidate
GSM8848584_CAATACTTCTAATCACACAGACCT-1,GSM8848584,0,Prostate epithelial - AR high,0.07662466,False,CNV_low_candidate
GSM8848584_CAATAGCAGCTGGGTAACAGACCT-1,GSM8848584,2,Steroidogenic-like,0.036315653,False,CNV_low_candidate
GSM8848584_CAATAGTCAGGCTTAAACAGACCT-1,GSM8848584,2,Steroidogenic-like,0.022219049,False,CNV_low_candidate
GSM8848584_CAATCCATCATTATGCACAGACCT-1,GSM8848584,0,Prostate epithelial - AR high,0.06799921,False,CNV_low_candidate
GSM8848584_CAATCGCTCCTCTAAGACAGACCT-1,GSM8848584,2,Steroidogenic-like,0.06976588,False,CNV_low_candidate
GSM8848584_CAATGCCTCCTTTGTCACAGACCT-1,GSM8848584,0,Prostate epithelial - AR high,0.041037396,False,CNV_low_candidate
GSM8848584_CAATGGGTCAGTTAGAACAGACCT-1,GSM8848584,4,Fibroblast,0.023100318,False,reference_like
GSM8848584_CAATGGGTCCTCCCACACAGACCT-1,GSM8848584,3,Endothelial,0.021936072,False,reference_like
GSM8848584_CAATGGGTCGCCACATACAGACCT-1,GSM8848584,2,Steroidogenic-like,0.04087498,False,CNV_low_candidate
GSM8848584_CAATGTTTCCAAAGACACAGACCT-1,GSM8848584,0,Prostate epithelial - AR high,0.14353766,True,CNV_high_candidate
GSM8848584_CAATGTTTCCTCAATGACAGACCT-1,GSM8848584,0,Prostate epithelial - AR high,0.051043484,False,CNV_low_candidate
GSM8848584_CAATTGCGTCAAAGATACAGACCT-1,GSM8848584,2,Steroidogenic-like,0.05149978,False,CNV_low_candidate
GSM8848584_CACAAAGGTGGTTAAGACAGACCT-1,GSM8848584,2,Steroidogenic-like,0.054013625,False,CNV_low_candidate
GSM8848584_CACAAGGTCAAACCAAACAGACCT-1,GSM8848584,3,Endothelial,0.04767206,False,reference_like
GSM8848584_CACAAGGTCCCATTGAACAGACCT-1,GSM8848584,0,Prostate epithelial - AR high,0.05302338,False,CNV_low_candidate
GSM8848584_CACAAGGTCTCACCTTACAGACCT-1,GSM8848584,3,Endothelial,0.07453071,False,reference_like
GSM8848584_CACAAGGTCTGGAAACACAGACCT-1,GSM8848584,2,Steroidogenic-like,0.051238853,False,CNV_low_candidate
GSM8848584_CACAATAAGCTAACTTACAGACCT-1,GSM8848584,0,Prostate epithelial - AR high,0.09720418,False,CNV_low_candidate
GSM8848584_CACAATAAGGACAAGAACAGACCT-1,GSM8848584,2,Steroidogenic-like,0.09417905,False,CNV_low_candidate
GSM8848584_CACAATAAGGATGCATACAGACCT-1,GSM8848584,2,Steroidogenic-like,0.048047077,False,CNV_low_candidate
GSM8848584_CACAATAAGGTCAAGTACAGACCT-1,GSM8848584,2,Steroidogenic-like,0.0881213,False,CNV_low_candidate
GSM8848584_CACAATAAGTCACCTAACAGACCT-1,GSM8848584,2,Steroidogenic-like,0.091043815,False,CNV_low_candidate
GSM8848584_CACAATAAGTTGACGGACAGACCT-1,GSM8848584,2,Steroidogenic-like,0.04794086,False,CNV_low_candidate
GSM8848584_CACAGCAAGACTTAAGACAGACCT-1,GSM8848584,1,Neuroendocrine-like,0.03678394,False,CNV_low_candidate
GSM8848584_CACATAAAGTAGCGCAACAGACCT-1,GSM8848584,0,Prostate epithelial - AR high,0.036645852,False,CNV_low_candidate
GSM8848584_CACCAACTCCTAAGTTACAGACCT-1,GSM8848584,1,Neuroendocrine-like,0.01658067,False,CNV_low_candidate
GSM8848584_CACCCATAGTTACAGAACAGACCT-1,GSM8848584,2,Steroidogenic-like,0.027250739,False,CNV_low_candidate
GSM8848584_CACCTGGTCACGGACAACAGACCT-1,GSM8848584,2,Steroidogenic-like,0.031999882,False,CNV_low_candidate
GSM8848584_CACGCATTCGCGTTACACAGACCT-1,GSM8848584,0,Prostate epithelial - AR high,0.025419883,False,CNV_low_candidate
GSM8848584_CACGCATTCTCCATCTACAGACCT-1,GSM8848584,2,Steroidogenic-like,0.08404384,False,CNV_low_candidate
GSM8848584_CACGTTATCTTGAATCACAGACCT-1,GSM8848584,2,Steroidogenic-like,0.09553679,False,CNV_low_candidate
GSM8848584_CACTAACGTCGTTCTCACAGACCT-1,GSM8848584,1,Neuroendocrine-like,0.023330504,False,CNV_low_candidate
GSM8848584_CACTAGCTCAGGCCAAACAGACCT-1,GSM8848584,0,Prostate epithelial - AR high,0.11093691,True,CNV_high_candidate
GSM8848584_CACTAGCTCAGTTTACACAGACCT-1,GSM8848584,2,Steroidogenic-like,0.07667574,False,CNV_low_candidate
GSM8848584_CACTAGCTCATAATCCACAGACCT-1,GSM8848584,0,Prostate epithelial - AR high,0.090151355,False,CNV_low_candidate
GSM8848584_CACTAGCTCATGACAAACAGACCT-1,GSM8848584,2,Steroidogenic-like,0.11752698,True,CNV_high_candidate
GSM8848584_CACTAGCTCCGCCTCTACAGACCT-1,GSM8848584,0,Prostate epithelial - AR high,0.0664762,False,CNV_low_candidate
GSM8848584_CACTATGTCAATTTGCACAGACCT-1,GSM8848584,1,Neuroendocrine-like,0.01987114,False,CNV_low_candidate
GSM8848584_CACTATGTCAGCGGGTACAGACCT-1,GSM8848584,1,Neuroendocrine-like,0.0151228765,False,CNV_low_candidate
GSM8848584_CACTATGTCATTTAGCACAGACCT-1,GSM8848584,4,Fibroblast,0.055308934,False,reference_like
GSM8848584_CACTATGTCCCTCGCTACAGACCT-1,GSM8848584,0,Prostate epithelial - AR high,0.07937727,False,CNV_low_candidate
GSM8848584_CACTATGTCGATTCTGACAGACCT-1,GSM8848584,0,Prostate epithelial - AR high,0.104538195,True,CNV_high_candidate
GSM8848584_CACTATGTCTATCACGACAGACCT-1,GSM8848584,4,Fibroblast,0.03620211,False,reference_like
GSM8848584_CACTATGTCTATGGCCACAGACCT-1,GSM8848584,0,Prostate epithelial - AR high,0.07848797,False,CNV_low_candidate
GSM8848584_CACTCCCTCGCTTGACACAGACCT-1,GSM8848584,0,Prostate epithelial - AR high,0.027674736,False,CNV_low_candidate
GSM8848584_CACTCCCTCTCGCCTCACAGACCT-1,GSM8848584,0,Prostate epithelial - AR high,0.05112788,False,CNV_low_candidate
GSM8848584_CACTGTCAGCAACTTTACAGACCT-1,GSM8848584,3,Endothelial,0.050260145,False,reference_like
GSM8848584_CACTGTCAGCATTTCGACAGACCT-1,GSM8848584,2,Steroidogenic-like,0.07547219,False,CNV_low_candidate
GSM8848584_CACTGTCAGCTTACATACAGACCT-1,GSM8848584,2,Steroidogenic-like,0.04008681,False,CNV_low_candidate
GSM8848584_CACTGTCAGGTGAGCCACAGACCT-1,GSM8848584,2,Steroidogenic-like,0.02980857,False,CNV_low_candidate
GSM8848584_CACTTGATCCCGCTGAACAGACCT-1,GSM8848584,2,Steroidogenic-like,0.082528315,False,CNV_low_candidate
GSM8848584_CACTTGATCGTAAAGCACAGACCT-1,GSM8848584,2,Steroidogenic-like,0.06984233,False,CNV_low_candidate
GSM8848584_CACTTTACAGTTATGGACAGACCT-1,GSM8848584,2,Steroidogenic-like,0.030169394,False,CNV_low_candidate
GSM8848584_CAGAATGGTGGACACGACAGACCT-1,GSM8848584,2,Steroidogenic-like,0.030208064,False,CNV_low_candidate
GSM8848584_CAGACCAAGATAGCCGACAGACCT-1,GSM8848584,0,Prostate epithelial - AR high,0.050575018,False,CNV_low_candidate
GSM8848584_CAGAGAGCAAGCCACGACAGACCT-1,GSM8848584,0,Prostate epithelial - AR high,0.032793473,False,CNV_low_candidate
GSM8848584_CAGAGAGCAATAGCTGACAGACCT-1,GSM8848584,4,Fibroblast,0.04292341,False,reference_like
GSM8848584_CAGAGAGCAATGGGAGACAGACCT-1,GSM8848584,2,Steroidogenic-like,0.05277811,False,CNV_low_candidate
GSM8848584_CAGAGAGCATAAGTCGACAGACCT-1,GSM8848584,2,Steroidogenic-like,0.062994,False,CNV_low_candidate
GSM8848584_CAGAGAGCATCATGTCACAGACCT-1,GSM8848584,3,Endothelial,0.02302009,False,reference_like
GSM8848584_CAGAGAGCATGACCAAACAGACCT-1,GSM8848584,2,Steroidogenic-like,0.06514904,False,CNV_low_candidate
GSM8848584_CAGATTCGTATTGACCACAGACCT-1,GSM8848584,2,Steroidogenic-like,0.067297645,False,CNV_low_candidate
GSM8848584_CAGATTCGTGATAAACACAGACCT-1,GSM8848584,2,Steroidogenic-like,0.027962618,False,CNV_low_candidate
GSM8848584_CAGATTCGTGCTGATTACAGACCT-1,GSM8848584,5,T/NK lymphocyte,0.037731744,False,reference_like
GSM8848584_CAGCAATAGGCCTTCGACAGACCT-1,GSM8848584,2,Steroidogenic-like,0.017721958,False,CNV_low_candidate
GSM8848584_CAGCCAGCACATAAACACAGACCT-1,GSM8848584,2,Steroidogenic-like,0.056062713,False,CNV_low_candidate
GSM8848584_CAGCCAGCATTCCTTTACAGACCT-1,GSM8848584,0,Prostate epithelial - AR high,0.09760585,False,CNV_low_candidate
GSM8848584_CAGCGAATCCTCCCACACAGACCT-1,GSM8848584,4,Fibroblast,0.019742537,False,reference_like
GSM8848584_CAGCGAATCCTGATCAACAGACCT-1,GSM8848584,0,Prostate epithelial - AR high,0.06934128,False,CNV_low_candidate
GSM8848584_CAGCTAGAGCCATAAAACAGACCT-1,GSM8848584,2,Steroidogenic-like,0.03752671,False,CNV_low_candidate
GSM8848584_CAGCTAGAGCCCTGATACAGACCT-1,GSM8848584,0,Prostate epithelial - AR high,0.10274998,True,CNV_high_candidate
GSM8848584_CAGCTGGCACGTAGTAACAGACCT-1,GSM8848584,3,Endothelial,0.023127967,False,reference_like
GSM8848584_CAGCTGGCAGCACTAAACAGACCT-1,GSM8848584,1,Neuroendocrine-like,0.021971764,False,CNV_low_candidate
GSM8848584_CAGGAAGCAGGTATATACAGACCT-1,GSM8848584,2,Steroidogenic-like,0.061257478,False,CNV_low_candidate
GSM8848584_CAGGAAGCATTAGTGGACAGACCT-1,GSM8848584,2,Steroidogenic-like,0.07684235,False,CNV_low_candidate
GSM8848584_CAGGATAGTAACTACCACAGACCT-1,GSM8848584,1,Neuroendocrine-like,0.05163201,False,CNV_low_candidate
GSM8848584_CAGGATAGTGCTCATGACAGACCT-1,GSM8848584,0,Prostate epithelial - AR high,0.045393772,False,CNV_low_candidate
GSM8848584_CAGGATAGTGCTTCTCACAGACCT-1,GSM8848584,2,Steroidogenic-like,0.07376585,False,CNV_low_candidate
GSM8848584_CAGGATCCATAGACGCACAGACCT-1,GSM8848584,0,Prostate epithelial - AR high,0.09491942,False,CNV_low_candidate
GSM8848584_CAGGATTAGCCTAGTCACAGACCT-1,GSM8848584,4,Fibroblast,0.022792947,False,reference_like
GSM8848584_CAGGCGAGTAAGCGTAACAGACCT-1,GSM8848584,2,Steroidogenic-like,0.0827653,False,CNV_low_candidate
GSM8848584_CAGGCTAAGCGATGGCACAGACCT-1,GSM8848584,3,Endothelial,0.09696963,False,reference_like
GSM8848584_CAGGCTAAGTCGCGAAACAGACCT-1,GSM8848584,0,Prostate epithelial - AR high,0.033108275,False,CNV_low_candidate
GSM8848584_CAGGGCAGTAAACCCTACAGACCT-1,GSM8848584,0,Prostate epithelial - AR high,0.07503134,False,CNV_low_candidate
GSM8848584_CAGGGCAGTAAGGCTAACAGACCT-1,GSM8848584,4,Fibroblast,0.07519127,False,reference_like
GSM8848584_CAGGGCAGTATAGTGGACAGACCT-1,GSM8848584,4,Fibroblast,0.07651139,False,reference_like
GSM8848584_CAGGGCAGTCATGATCACAGACCT-1,GSM8848584,2,Steroidogenic-like,0.024814738,False,CNV_low_candidate
GSM8848584_CAGGTATAGCAGGTCAACAGACCT-1,GSM8848584,0,Prostate epithelial - AR high,0.03491386,False,CNV_low_candidate
GSM8848584_CAGGTCAAGCCATAAAACAGACCT-1,GSM8848584,0,Prostate epithelial - AR high,0.11192626,True,CNV_high_candidate
GSM8848584_CAGGTCAAGGTTGCAGACAGACCT-1,GSM8848584,0,Prostate epithelial - AR high,0.06594604,False,CNV_low_candidate
GSM8848584_CAGGTTCTCATGGAACACAGACCT-1,GSM8848584,0,Prostate epithelial - AR high,0.058894,False,CNV_low_candidate
GSM8848584_CAGGTTGAGATATTGGACAGACCT-1,GSM8848584,0,Prostate epithelial - AR high,0.11668362,True,CNV_high_candidate
GSM8848584_CAGGTTGAGGCGGATCACAGACCT-1,GSM8848584,5,T/NK lymphocyte,0.04943164,False,reference_like
GSM8848584_CAGGTTGAGGGAGGCAACAGACCT-1,GSM8848584,2,Steroidogenic-like,0.07531484,False,CNV_low_candidate
GSM8848584_CAGGTTTGTCTATCTTACAGACCT-1,GSM8848584,0,Prostate epithelial - AR high,0.03554263,False,CNV_low_candidate
GSM8848584_CAGGTTTGTTAAGGATACAGACCT-1,GSM8848584,2,Steroidogenic-like,0.026117371,False,CNV_low_candidate
GSM8848584_CAGTGAAGTGTTAGTCACAGACCT-1,GSM8848584,6,Macrophage,0.05765414,False,reference_like
GSM8848584_CAGTGAAGTTCTGGCAACAGACCT-1,GSM8848584,0,Prostate epithelial - AR high,0.11612012,True,CNV_high_candidate
GSM8848584_CAGTGAGTCACGTTATACAGACCT-1,GSM8848584,1,Neuroendocrine-like,0.038545687,False,CNV_low_candidate
GSM8848584_CAGTGAGTCCCAAATTACAGACCT-1,GSM8848584,6,Macrophage,0.04701942,False,reference_like
GSM8848584_CAGTGTGAGCGAAGTTACAGACCT-1,GSM8848584,1,Neuroendocrine-like,0.040168215,False,CNV_low_candidate
GSM8848584_CAGTTAAAGGGAGGATACAGACCT-1,GSM8848584,1,Neuroendocrine-like,0.02089888,False,CNV_low_candidate
GSM8848584_CATAAACCAATGGCCGACAGACCT-1,GSM8848584,2,Steroidogenic-like,0.04360252,False,CNV_low_candidate
GSM8848584_CATAAACCACCGTTTGACAGACCT-1,GSM8848584,0,Prostate epithelial - AR high,0.05615295,False,CNV_low_candidate
GSM8848584_CATAATCTCAGCGGGTACAGACCT-1,GSM8848584,0,Prostate epithelial - AR high,0.11499033,True,CNV_high_candidate
GSM8848584_CATAATCTCCCTGGATACAGACCT-1,GSM8848584,1,Neuroendocrine-like,0.013885034,False,CNV_low_candidate
GSM8848584_CATAATCTCCGCCACAACAGACCT-1,GSM8848584,6,Macrophage,0.022793848,False,reference_like
GSM8848584_CATAATGAGCTTACATACAGACCT-1,GSM8848584,0,Prostate epithelial - AR high,0.07817849,False,CNV_low_candidate
GSM8848584_CATACCGGTTTCCTCAACAGACCT-1,GSM8848584,2,Steroidogenic-like,0.040615287,False,CNV_low_candidate
GSM8848584_CATACTTAGATAACGCACAGACCT-1,GSM8848584,0,Prostate epithelial - AR high,0.031932663,False,CNV_low_candidate
GSM8848584_CATACTTAGTCTACCAACAGACCT-1,GSM8848584,1,Neuroendocrine-like,0.05949483,False,CNV_low_candidate
GSM8848584_CATACTTAGTTACATCACAGACCT-1,GSM8848584,2,Steroidogenic-like,0.015032465,False,CNV_low_candidate
GSM8848584_CATACTTAGTTTCCAGACAGACCT-1,GSM8848584,0,Prostate epithelial - AR high,0.054940145,False,CNV_low_candidate
GSM8848584_CATAGAGGTCATTATGACAGACCT-1,GSM8848584,2,Steroidogenic-like,0.028007973,False,CNV_low_candidate
GSM8848584_CATAGAGGTCGTAAAGACAGACCT-1,GSM8848584,4,Fibroblast,0.042727925,False,reference_like
GSM8848584_CATAGCCTCATGAATGACAGACCT-1,GSM8848584,1,Neuroendocrine-like,0.076249085,False,CNV_low_candidate
GSM8848584_CATAGCGAGCAAACTAACAGACCT-1,GSM8848584,0,Prostate epithelial - AR high,0.04158245,False,CNV_low_candidate
GSM8848584_CATAGCGAGCAGGTCAACAGACCT-1,GSM8848584,2,Steroidogenic-like,0.082837954,False,CNV_low_candidate
GSM8848584_CATAGCGAGTAAGCTAACAGACCT-1,GSM8848584,2,Steroidogenic-like,0.04540294,False,CNV_low_candidate
GSM8848584_CATAGCTGTAACCGCCACAGACCT-1,GSM8848584,1,Neuroendocrine-like,0.07071267,False,CNV_low_candidate
GSM8848584_CATAGGCCATCTATCAACAGACCT-1,GSM8848584,0,Prostate epithelial - AR high,0.05892062,False,CNV_low_candidate
GSM8848584_CATAGGGTCTGGAAACACAGACCT-1,GSM8848584,0,Prostate epithelial - AR high,0.06169627,False,CNV_low_candidate
GSM8848584_CATAGGTAGCAATTGAACAGACCT-1,GSM8848584,2,Steroidogenic-like,0.07876167,False,CNV_low_candidate
GSM8848584_CATAGGTAGCCAAACGACAGACCT-1,GSM8848584,2,Steroidogenic-like,0.07015978,False,CNV_low_candidate
GSM8848584_CATATTCAGACCTTGCACAGACCT-1,GSM8848584,1,Neuroendocrine-like,0.06133986,False,CNV_low_candidate
GSM8848584_CATATTCAGGCAGGCTACAGACCT-1,GSM8848584,2,Steroidogenic-like,0.015642086,False,CNV_low_candidate
GSM8848584_CATATTGGTCCCTCATACAGACCT-1,GSM8848584,2,Steroidogenic-like,0.059319057,False,CNV_low_candidate
GSM8848584_CATATTGGTGCATCGCACAGACCT-1,GSM8848584,1,Neuroendocrine-like,0.066059925,False,CNV_low_candidate
GSM8848584_CATATTGGTGGACCCTACAGACCT-1,GSM8848584,0,Prostate epithelial - AR high,0.049031407,False,CNV_low_candidate
GSM8848584_CATATTGGTGGCTCACACAGACCT-1,GSM8848584,3,Endothelial,0.019461352,False,reference_like
GSM8848584_CATCAAGCATAAGCCAACAGACCT-1,GSM8848584,2,Steroidogenic-like,0.065225154,False,CNV_low_candidate
GSM8848584_CATCAATTCGGGATGCACAGACCT-1,GSM8848584,2,Steroidogenic-like,0.034529485,False,CNV_low_candidate
GSM8848584_CATCATGTCTAACCATACAGACCT-1,GSM8848584,2,Steroidogenic-like,0.06365914,False,CNV_low_candidate
GSM8848584_CATCATGTCTCAAACTACAGACCT-1,GSM8848584,1,Neuroendocrine-like,0.052620918,False,CNV_low_candidate
GSM8848584_CATCATGTCTGGAAACACAGACCT-1,GSM8848584,0,Prostate epithelial - AR high,0.08240404,False,CNV_low_candidate
GSM8848584_CATCCTTTCATTGTACACAGACCT-1,GSM8848584,2,Steroidogenic-like,0.023922542,False,CNV_low_candidate
GSM8848584_CATCCTTTCCGTCCAGACAGACCT-1,GSM8848584,1,Neuroendocrine-like,0.07843548,False,CNV_low_candidate
GSM8848584_CATCGGTTCAGGCCTTACAGACCT-1,GSM8848584,0,Prostate epithelial - AR high,0.09966281,True,CNV_high_candidate
GSM8848584_CATCGGTTCCGCCCAAACAGACCT-1,GSM8848584,2,Steroidogenic-like,0.04729147,False,CNV_low_candidate
GSM8848584_CATCGGTTCCTAAAGAACAGACCT-1,GSM8848584,2,Steroidogenic-like,0.09049853,False,CNV_low_candidate
GSM8848584_CATCTTGAGATAATCGACAGACCT-1,GSM8848584,0,Prostate epithelial - AR high,0.13148142,True,CNV_high_candidate
GSM8848584_CATCTTGAGCGCCTTGACAGACCT-1,GSM8848584,2,Steroidogenic-like,0.028420532,False,CNV_low_candidate
GSM8848584_CATCTTGAGCTTACTGACAGACCT-1,GSM8848584,0,Prostate epithelial - AR high,0.12689367,True,CNV_high_candidate
GSM8848584_CATCTTGAGGTGAGCCACAGACCT-1,GSM8848584,2,Steroidogenic-like,0.04120264,False,CNV_low_candidate
GSM8848584_CATCTTGAGGTTCGAGACAGACCT-1,GSM8848584,1,Neuroendocrine-like,0.07469529,False,CNV_low_candidate
GSM8848584_CATCTTGAGTACGGGCACAGACCT-1,GSM8848584,1,Neuroendocrine-like,0.061728545,False,CNV_low_candidate
GSM8848584_CATGAAGGTAACCCATACAGACCT-1,GSM8848584,2,Steroidogenic-like,0.023663152,False,CNV_low_candidate
GSM8848584_CATGAAGGTTAACGGAACAGACCT-1,GSM8848584,0,Prostate epithelial - AR high,0.054609485,False,CNV_low_candidate
GSM8848584_CATGAGGTCAATCCTGACAGACCT-1,GSM8848584,2,Steroidogenic-like,0.024045896,False,CNV_low_candidate
GSM8848584_CATGAGGTCACGTTCAACAGACCT-1,GSM8848584,4,Fibroblast,0.043658458,False,reference_like
GSM8848584_CATGAGGTCCATCCAAACAGACCT-1,GSM8848584,0,Prostate epithelial - AR high,0.040682305,False,CNV_low_candidate
GSM8848584_CATGAGGTCCATCCTTACAGACCT-1,GSM8848584,0,Prostate epithelial - AR high,0.07838922,False,CNV_low_candidate
GSM8848584_CATGAGGTCGACTCACACAGACCT-1,GSM8848584,0,Prostate epithelial - AR high,0.11953985,True,CNV_high_candidate
GSM8848584_CATGCCAGTAATGGTGACAGACCT-1,GSM8848584,1,Neuroendocrine-like,0.039832648,False,CNV_low_candidate
GSM8848584_CATGCCAGTGTGAGACACAGACCT-1,GSM8848584,0,Prostate epithelial - AR high,0.03620678,False,CNV_low_candidate
GSM8848584_CATGCCAGTTAGCGGGACAGACCT-1,GSM8848584,0,Prostate epithelial - AR high,0.09308095,False,CNV_low_candidate
GSM8848584_CATGCTCAGACAAAGGACAGACCT-1,GSM8848584,1,Neuroendocrine-like,0.019060252,False,CNV_low_candidate
GSM8848584_CATGCTCAGATGCAACACAGACCT-1,GSM8848584,0,Prostate epithelial - AR high,0.02836795,False,CNV_low_candidate
GSM8848584_CATGCTCAGCGAAGCCACAGACCT-1,GSM8848584,2,Steroidogenic-like,0.059312224,False,CNV_low_candidate
GSM8848584_CATGCTCAGGTATTTCACAGACCT-1,GSM8848584,2,Steroidogenic-like,0.014333943,False,CNV_low_candidate
GSM8848584_CATGCTCAGTAAGTGCACAGACCT-1,GSM8848584,6,Macrophage,0.02971469,False,reference_like
GSM8848584_CATGCTTCAAACAATCACAGACCT-1,GSM8848584,2,Steroidogenic-like,0.021899164,False,CNV_low_candidate
GSM8848584_CATGTTGTCACTAATCACAGACCT-1,GSM8848584,2,Steroidogenic-like,0.05219871,False,CNV_low_candidate
GSM8848584_CATGTTGTCAGCACGAACAGACCT-1,GSM8848584,0,Prostate epithelial - AR high,0.036592003,False,CNV_low_candidate
GSM8848584_CATGTTGTCATAACCTACAGACCT-1,GSM8848584,2,Steroidogenic-like,0.08629992,False,CNV_low_candidate
GSM8848584_CATTACGTCCTGGAAGACAGACCT-1,GSM8848584,4,Fibroblast,0.09984479,True,reference_like
GSM8848584_CATTACGTCGAACGTGACAGACCT-1,GSM8848584,0,Prostate epithelial - AR high,0.08019603,False,CNV_low_candidate
GSM8848584_CATTAGCGTGGCTTTGACAGACCT-1,GSM8848584,1,Neuroendocrine-like,0.044612862,False,CNV_low_candidate
GSM8848584_CATTAGCGTGGTTACTACAGACCT-1,GSM8848584,2,Steroidogenic-like,0.08707351,False,CNV_low_candidate
GSM8848584_CATTAGCGTTAGCATCACAGACCT-1,GSM8848584,0,Prostate epithelial - AR high,0.040007684,False,CNV_low_candidate
GSM8848584_CATTAGGCATCCGGAGACAGACCT-1,GSM8848584,1,Neuroendocrine-like,0.10084062,True,CNV_high_candidate
GSM8848584_CATTATGGTACGTTACACAGACCT-1,GSM8848584,4,Fibroblast,0.06469055,False,reference_like
GSM8848584_CATTATGGTACGTTCGACAGACCT-1,GSM8848584,0,Prostate epithelial - AR high,0.07999394,False,CNV_low_candidate
GSM8848584_CATTATGGTATTTACGACAGACCT-1,GSM8848584,2,Steroidogenic-like,0.082229026,False,CNV_low_candidate
GSM8848584_CATTATGGTCCTCCTGACAGACCT-1,GSM8848584,0,Prostate epithelial - AR high,0.057347935,False,CNV_low_candidate
GSM8848584_CATTCCTTCGATTACTACAGACCT-1,GSM8848584,0,Prostate epithelial - AR high,0.11648732,True,CNV_high_candidate
GSM8848584_CATTCGCAGGCGCAACACAGACCT-1,GSM8848584,1,Neuroendocrine-like,0.042885445,False,CNV_low_candidate
GSM8848584_CATTGAAAGACTATTCACAGACCT-1,GSM8848584,2,Steroidogenic-like,0.092149794,False,CNV_low_candidate
GSM8848584_CATTGAAAGCAAGACTACAGACCT-1,GSM8848584,0,Prostate epithelial - AR high,0.049253773,False,CNV_low_candidate
GSM8848584_CATTGAAAGGTGAGGGACAGACCT-1,GSM8848584,2,Steroidogenic-like,0.02412951,False,CNV_low_candidate
GSM8848584_CATTGAAAGGTTGTGGACAGACCT-1,GSM8848584,0,Prostate epithelial - AR high,0.07692091,False,CNV_low_candidate
GSM8848584_CATTGACGTAAGGTTGACAGACCT-1,GSM8848584,1,Neuroendocrine-like,0.054278616,False,CNV_low_candidate
GSM8848584_CATTGACGTAGCCATTACAGACCT-1,GSM8848584,0,Prostate epithelial - AR high,0.11678001,True,CNV_high_candidate
GSM8848584_CATTGACGTCTACCTCACAGACCT-1,GSM8848584,4,Fibroblast,0.05138928,False,reference_like
GSM8848584_CATTGACGTTGCACTGACAGACCT-1,GSM8848584,2,Steroidogenic-like,0.024395447,False,CNV_low_candidate
GSM8848584_CATTGACGTTTGGCCAACAGACCT-1,GSM8848584,0,Prostate epithelial - AR high,0.06650139,False,CNV_low_candidate
GSM8848584_CATTGCGGTCATCATAACAGACCT-1,GSM8848584,2,Steroidogenic-like,0.041478172,False,CNV_low_candidate
GSM8848584_CATTGCGGTCGAAGCGACAGACCT-1,GSM8848584,1,Neuroendocrine-like,0.08418674,False,CNV_low_candidate
GSM8848584_CATTGCGGTGAGAAGGACAGACCT-1,GSM8848584,2,Steroidogenic-like,0.07665309,False,CNV_low_candidate
GSM8848584_CATTGCGGTGAGTAATACAGACCT-1,GSM8848584,4,Fibroblast,0.061643776,False,reference_like
GSM8848584_CATTGTCCATAAGTCGACAGACCT-1,GSM8848584,0,Prostate epithelial - AR high,0.064555705,False,CNV_low_candidate
GSM8848584_CATTGTCCATTACACCACAGACCT-1,GSM8848584,0,Prostate epithelial - AR high,0.0997621,True,CNV_high_candidate
GSM8848584_CATTGTGTCACAGGGCACAGACCT-1,GSM8848584,4,Fibroblast,0.082460284,False,reference_like
GSM8848584_CATTGTGTCATCAGCCACAGACCT-1,GSM8848584,4,Fibroblast,0.061529327,False,reference_like
GSM8848584_CATTGTGTCCTGAGGAACAGACCT-1,GSM8848584,1,Neuroendocrine-like,0.09946473,True,CNV_high_candidate
GSM8848584_CATTGTGTCTATTGACACAGACCT-1,GSM8848584,0,Prostate epithelial - AR high,0.107711695,True,CNV_high_candidate
GSM8848584_CATTTAGGTCAGGGCAACAGACCT-1,GSM8848584,0,Prostate epithelial - AR high,0.115388714,True,CNV_high_candidate
GSM8848584_CATTTCGAGCTGGGTAACAGACCT-1,GSM8848584,2,Steroidogenic-like,0.06649411,False,CNV_low_candidate
GSM8848584_CATTTCTGTCAATTCAACAGACCT-1,GSM8848584,0,Prostate epithelial - AR high,0.0498327,False,CNV_low_candidate
GSM8848584_CATTTCTGTCACAGAAACAGACCT-1,GSM8848584,2,Steroidogenic-like,0.03876598,False,CNV_low_candidate
GSM8848584_CATTTGGTCAACTGGGACAGACCT-1,GSM8848584,1,Neuroendocrine-like,0.032747056,False,CNV_low_candidate
GSM8848584_CATTTGGTCACGTTATACAGACCT-1,GSM8848584,6,Macrophage,0.06070832,False,reference_like
GSM8848584_CCAAACTGTACTTAGCACAGACCT-1,GSM8848584,0,Prostate epithelial - AR high,0.03915339,False,CNV_low_candidate
GSM8848584_CCAAACTGTGACCTGCACAGACCT-1,GSM8848584,0,Prostate epithelial - AR high,0.036538847,False,CNV_low_candidate
GSM8848584_CCAAACTGTGCTGCACACAGACCT-1,GSM8848584,0,Prostate epithelial - AR high,0.04209875,False,CNV_low_candidate
GSM8848584_CCAAAGCCAAGGGTCTACAGACCT-1,GSM8848584,2,Steroidogenic-like,0.05100495,False,CNV_low_candidate
GSM8848584_CCAAAGCCACGTGCTCACAGACCT-1,GSM8848584,1,Neuroendocrine-like,0.026900789,False,CNV_low_candidate
GSM8848584_CCAACCGTCACATTACACAGACCT-1,GSM8848584,4,Fibroblast,0.029108284,False,reference_like
GSM8848584_CCAACCGTCCATCCTTACAGACCT-1,GSM8848584,6,Macrophage,0.02729568,False,reference_like
GSM8848584_CCAACCGTCTAAATCCACAGACCT-1,GSM8848584,2,Steroidogenic-like,0.05077414,False,CNV_low_candidate
GSM8848584_CCAACTGGTAAAGCGCACAGACCT-1,GSM8848584,2,Steroidogenic-like,0.057018794,False,CNV_low_candidate
GSM8848584_CCAACTGGTATCCGCAACAGACCT-1,GSM8848584,0,Prostate epithelial - AR high,0.035427354,False,CNV_low_candidate
GSM8848584_CCAACTGGTTTGTCCCACAGACCT-1,GSM8848584,0,Prostate epithelial - AR high,0.08156131,False,CNV_low_candidate
GSM8848584_CCAAGACCATAAGCTGACAGACCT-1,GSM8848584,4,Fibroblast,0.027151333,False,reference_like
GSM8848584_CCAAGACCATTGCCCAACAGACCT-1,GSM8848584,0,Prostate epithelial - AR high,0.08674968,False,CNV_low_candidate
GSM8848584_CCAAGTGAGCCATAAAACAGACCT-1,GSM8848584,3,Endothelial,0.047016185,False,reference_like
GSM8848584_CCAAGTGAGCCCTTGGACAGACCT-1,GSM8848584,1,Neuroendocrine-like,0.025948947,False,CNV_low_candidate
GSM8848584_CCAAGTGAGTCATAAGACAGACCT-1,GSM8848584,0,Prostate epithelial - AR high,0.07861654,False,CNV_low_candidate
GSM8848584_CCAAGTGAGTGTCCACACAGACCT-1,GSM8848584,2,Steroidogenic-like,0.07712924,False,CNV_low_candidate
GSM8848584_CCAAGTGAGTTGACCCACAGACCT-1,GSM8848584,2,Steroidogenic-like,0.061770916,False,CNV_low_candidate
GSM8848584_CCAATACGTAGCCAAAACAGACCT-1,GSM8848584,0,Prostate epithelial - AR high,0.033843327,False,CNV_low_candidate
GSM8848584_CCAATTAGTATTGACCACAGACCT-1,GSM8848584,0,Prostate epithelial - AR high,0.091267906,False,CNV_low_candidate
GSM8848584_CCAATTTAGCGGCTTTACAGACCT-1,GSM8848584,6,Macrophage,0.025240505,False,reference_like
GSM8848584_CCAATTTAGGAACCATACAGACCT-1,GSM8848584,2,Steroidogenic-like,0.05351773,False,CNV_low_candidate
GSM8848584_CCACATTCAATACTGGACAGACCT-1,GSM8848584,2,Steroidogenic-like,0.051568788,False,CNV_low_candidate
GSM8848584_CCACTAATCCTGAGGAACAGACCT-1,GSM8848584,1,Neuroendocrine-like,0.08435238,False,CNV_low_candidate
GSM8848584_CCAGAAAGTGGTGAGTACAGACCT-1,GSM8848584,4,Fibroblast,0.040289417,False,reference_like
GSM8848584_CCAGAAAGTGTTAGTCACAGACCT-1,GSM8848584,4,Fibroblast,0.06464142,False,reference_like
GSM8848584_CCAGAAAGTTGGAGCGACAGACCT-1,GSM8848584,2,Steroidogenic-like,0.08508492,False,CNV_low_candidate
GSM8848584_CCAGAACCAAGTTTCCACAGACCT-1,GSM8848584,2,Steroidogenic-like,0.023691535,False,CNV_low_candidate
GSM8848584_CCAGAACCATTCAGGAACAGACCT-1,GSM8848584,2,Steroidogenic-like,0.08985837,False,CNV_low_candidate
GSM8848584_CCAGCACGTACACCCAACAGACCT-1,GSM8848584,0,Prostate epithelial - AR high,0.09145193,False,CNV_low_candidate
GSM8848584_CCAGCACGTCCGGTACACAGACCT-1,GSM8848584,1,Neuroendocrine-like,0.024466535,False,CNV_low_candidate
GSM8848584_CCAGGTTTCCTTTGAGACAGACCT-1,GSM8848584,0,Prostate epithelial - AR high,0.038125332,False,CNV_low_candidate
GSM8848584_CCAGGTTTCTCAGCACACAGACCT-1,GSM8848584,0,Prostate epithelial - AR high,0.03833084,False,CNV_low_candidate
GSM8848584_CCATAACGTGTTCCAGACAGACCT-1,GSM8848584,5,T/NK lymphocyte,0.023455502,False,reference_like
GSM8848584_CCATAACGTTTGTTGAACAGACCT-1,GSM8848584,0,Prostate epithelial - AR high,0.074179865,False,CNV_low_candidate
GSM8848584_CCATCACAGCTAAGTAACAGACCT-1,GSM8848584,1,Neuroendocrine-like,0.019895189,False,CNV_low_candidate
GSM8848584_CCATCAGGTGCTCCAAACAGACCT-1,GSM8848584,4,Fibroblast,0.06304582,False,reference_like
GSM8848584_CCATCATCAGCCTTCAACAGACCT-1,GSM8848584,0,Prostate epithelial - AR high,0.03789123,False,CNV_low_candidate
GSM8848584_CCATCATCATGCTCCAACAGACCT-1,GSM8848584,3,Endothelial,0.06462294,False,reference_like
GSM8848584_CCATCCCTCATAACCTACAGACCT-1,GSM8848584,4,Fibroblast,0.01258613,False,reference_like
GSM8848584_CCATCCCTCCGGACAAACAGACCT-1,GSM8848584,1,Neuroendocrine-like,0.0831939,False,CNV_low_candidate
GSM8848584_CCATCCCTCCTGCAACACAGACCT-1,GSM8848584,6,Macrophage,0.024237083,False,reference_like
GSM8848584_CCATGGTTCAGCCCTGACAGACCT-1,GSM8848584,1,Neuroendocrine-like,0.058321744,False,CNV_low_candidate
GSM8848584_CCATGGTTCCAGATAAACAGACCT-1,GSM8848584,2,Steroidogenic-like,0.06360815,False,CNV_low_candidate
GSM8848584_CCATGGTTCGAAATGCACAGACCT-1,GSM8848584,3,Endothelial,0.027080292,False,reference_like
GSM8848584_CCATGGTTCTAATGGAACAGACCT-1,GSM8848584,2,Steroidogenic-like,0.03408464,False,CNV_low_candidate
GSM8848584_CCATTAAGTCGGTTATACAGACCT-1,GSM8848584,1,Neuroendocrine-like,0.02779001,False,CNV_low_candidate
GSM8848584_CCATTAAGTTTGTCCCACAGACCT-1,GSM8848584,0,Prostate epithelial - AR high,0.04881259,False,CNV_low_candidate
GSM8848584_CCATTAGTCAGCGGGTACAGACCT-1,GSM8848584,1,Neuroendocrine-like,0.034838185,False,CNV_low_candidate
GSM8848584_CCATTAGTCGAGGCACACAGACCT-1,GSM8848584,2,Steroidogenic-like,0.057531804,False,CNV_low_candidate
GSM8848584_CCATTCGCAGGCGAAAACAGACCT-1,GSM8848584,0,Prostate epithelial - AR high,0.11151178,True,CNV_high_candidate
GSM8848584_CCATTGTCATAAGCTGACAGACCT-1,GSM8848584,2,Steroidogenic-like,0.03875636,False,CNV_low_candidate
GSM8848584_CCCAACTAGGGAGGATACAGACCT-1,GSM8848584,2,Steroidogenic-like,0.05882532,False,CNV_low_candidate
GSM8848584_CCCAACTAGGTTGTGGACAGACCT-1,GSM8848584,0,Prostate epithelial - AR high,0.051536005,False,CNV_low_candidate
GSM8848584_CCCAACTAGTTGACCCACAGACCT-1,GSM8848584,2,Steroidogenic-like,0.071335204,False,CNV_low_candidate
GSM8848584_CCCACCTTCAAAGGGAACAGACCT-1,GSM8848584,0,Prostate epithelial - AR high,0.120953314,True,CNV_high_candidate
GSM8848584_CCCACCTTCACTATGTACAGACCT-1,GSM8848584,2,Steroidogenic-like,0.03688948,False,CNV_low_candidate
GSM8848584_CCCACCTTCGCTTGGTACAGACCT-1,GSM8848584,0,Prostate epithelial - AR high,0.046293322,False,CNV_low_candidate
GSM8848584_CCCACTTGTAATGCGAACAGACCT-1,GSM8848584,1,Neuroendocrine-like,0.030702371,False,CNV_low_candidate
GSM8848584_CCCACTTGTCAATTGCACAGACCT-1,GSM8848584,2,Steroidogenic-like,0.035644565,False,CNV_low_candidate
GSM8848584_CCCACTTGTTAAGTCCACAGACCT-1,GSM8848584,3,Endothelial,0.027473051,False,reference_like
GSM8848584_CCCATAATCATTGTACACAGACCT-1,GSM8848584,3,Endothelial,0.060422756,False,reference_like
GSM8848584_CCCATAATCCTTTGTCACAGACCT-1,GSM8848584,2,Steroidogenic-like,0.028134795,False,CNV_low_candidate
GSM8848584_CCCATAGGTTTCAGGTACAGACCT-1,GSM8848584,1,Neuroendocrine-like,0.12177483,True,CNV_high_candidate
GSM8848584_CCCATCACAAGCTCAAACAGACCT-1,GSM8848584,4,Fibroblast,0.06363555,False,reference_like
GSM8848584_CCCATCACAGCTCGCTACAGACCT-1,GSM8848584,0,Prostate epithelial - AR high,0.046249174,False,CNV_low_candidate
GSM8848584_CCCATCCTCACCCTCCACAGACCT-1,GSM8848584,6,Macrophage,0.061915252,False,reference_like
GSM8848584_CCCATCCTCCGAATTTACAGACCT-1,GSM8848584,2,Steroidogenic-like,0.0752607,False,CNV_low_candidate
GSM8848584_CCCATCCTCGCTTGACACAGACCT-1,GSM8848584,2,Steroidogenic-like,0.08519181,False,CNV_low_candidate
GSM8848584_CCCATCCTCTTGAAGAACAGACCT-1,GSM8848584,1,Neuroendocrine-like,0.06648864,False,CNV_low_candidate
GSM8848584_CCCATTAAGTGCTGAGACAGACCT-1,GSM8848584,3,Endothelial,0.0929395,False,reference_like
GSM8848584_CCCATTCGTCAAGCTTACAGACCT-1,GSM8848584,0,Prostate epithelial - AR high,0.07809246,False,CNV_low_candidate
GSM8848584_CCCATTCGTTAACGGAACAGACCT-1,GSM8848584,0,Prostate epithelial - AR high,0.042836893,False,CNV_low_candidate
GSM8848584_CCCATTCGTTTCCAAAACAGACCT-1,GSM8848584,0,Prostate epithelial - AR high,0.09789503,False,CNV_low_candidate
GSM8848584_CCCGAACGTGGTTCTGACAGACCT-1,GSM8848584,3,Endothelial,0.02790055,False,reference_like
GSM8848584_CCCGAACGTTAGCGCCACAGACCT-1,GSM8848584,6,Macrophage,0.079503,False,reference_like
GSM8848584_CCCGAAGCATTTGTTGACAGACCT-1,GSM8848584,0,Prostate epithelial - AR high,0.12930292,True,CNV_high_candidate
GSM8848584_CCCGCAATCATGGATAACAGACCT-1,GSM8848584,4,Fibroblast,0.10225576,True,reference_like
GSM8848584_CCCGCAATCCTAAATCACAGACCT-1,GSM8848584,1,Neuroendocrine-like,0.051321585,False,CNV_low_candidate
GSM8848584_CCCGTAAGTACGCACCACAGACCT-1,GSM8848584,1,Neuroendocrine-like,0.11921843,True,CNV_high_candidate
GSM8848584_CCCGTAAGTCACAGAAACAGACCT-1,GSM8848584,5,T/NK lymphocyte,0.023521377,False,reference_like
GSM8848584_CCCGTAGTCACCTTTCACAGACCT-1,GSM8848584,5,T/NK lymphocyte,0.017354757,False,reference_like
GSM8848584_CCCGTAGTCGTAGTTTACAGACCT-1,GSM8848584,2,Steroidogenic-like,0.0772065,False,CNV_low_candidate
GSM8848584_CCCGTAGTCTCAAACTACAGACCT-1,GSM8848584,2,Steroidogenic-like,0.05988806,False,CNV_low_candidate
GSM8848584_CCCTAAGGTTAGCTCGACAGACCT-1,GSM8848584,6,Macrophage,0.033051327,False,reference_like
GSM8848584_CCCTGACCAACTTCGTACAGACCT-1,GSM8848584,4,Fibroblast,0.055512983,False,reference_like
GSM8848584_CCCTGACCAGTTGCCCACAGACCT-1,GSM8848584,1,Neuroendocrine-like,0.03916099,False,CNV_low_candidate
GSM8848584_CCCTGAGTCAGGCATGACAGACCT-1,GSM8848584,0,Prostate epithelial - AR high,0.055130254,False,CNV_low_candidate
GSM8848584_CCCTGAGTCATTATGCACAGACCT-1,GSM8848584,0,Prostate epithelial - AR high,0.12576923,True,CNV_high_candidate
GSM8848584_CCCTGATAGATGCTAAACAGACCT-1,GSM8848584,4,Fibroblast,0.1294456,True,reference_like
GSM8848584_CCCTGATAGCGGGACTACAGACCT-1,GSM8848584,3,Endothelial,0.07383841,False,reference_like
GSM8848584_CCCTGATAGTATCGCCACAGACCT-1,GSM8848584,0,Prostate epithelial - AR high,0.07347465,False,CNV_low_candidate
GSM8848584_CCCTGGATCAAGGTACACAGACCT-1,GSM8848584,2,Steroidogenic-like,0.023730319,False,CNV_low_candidate
GSM8848584_CCCTGGATCAAGTTTCACAGACCT-1,GSM8848584,2,Steroidogenic-like,0.108597256,True,CNV_high_candidate
GSM8848584_CCCTGGATCCAAACGGACAGACCT-1,GSM8848584,1,Neuroendocrine-like,0.023759002,False,CNV_low_candidate
GSM8848584_CCCTGGATCCTCACGGACAGACCT-1,GSM8848584,2,Steroidogenic-like,0.027348941,False,CNV_low_candidate
GSM8848584_CCCTGGATCGCCTATAACAGACCT-1,GSM8848584,0,Prostate epithelial - AR high,0.060463652,False,CNV_low_candidate
GSM8848584_CCCTGTGAGACTCAAAACAGACCT-1,GSM8848584,2,Steroidogenic-like,0.08755209,False,CNV_low_candidate
GSM8848584_CCCTGTGAGATGGATCACAGACCT-1,GSM8848584,4,Fibroblast,0.015818084,False,reference_like
GSM8848584_CCCTGTGAGCGCTACTACAGACCT-1,GSM8848584,1,Neuroendocrine-like,0.033005144,False,CNV_low_candidate
GSM8848584_CCCTGTTGTTAATGCCACAGACCT-1,GSM8848584,0,Prostate epithelial - AR high,0.087056026,False,CNV_low_candidate
GSM8848584_CCCTTACGTGCTCCAAACAGACCT-1,GSM8848584,6,Macrophage,0.041901626,False,reference_like
GSM8848584_CCCTTACGTGCTTCGAACAGACCT-1,GSM8848584,3,Endothelial,0.037299357,False,reference_like
GSM8848584_CCCTTCGGTATTTCGAACAGACCT-1,GSM8848584,2,Steroidogenic-like,0.04814886,False,CNV_low_candidate
GSM8848584_CCCTTCGGTTGACCCAACAGACCT-1,GSM8848584,5,T/NK lymphocyte,0.07011176,False,reference_like
GSM8848584_CCCTTGCTCCAACATTACAGACCT-1,GSM8848584,2,Steroidogenic-like,0.048896063,False,CNV_low_candidate
GSM8848584_CCGAAAGTCACCTAATACAGACCT-1,GSM8848584,4,Fibroblast,0.14802326,True,reference_like
GSM8848584_CCGAAAGTCATCCAGCACAGACCT-1,GSM8848584,2,Steroidogenic-like,0.07567988,False,CNV_low_candidate
GSM8848584_CCGAAAGTCGAGAGAAACAGACCT-1,GSM8848584,6,Macrophage,0.022425756,False,reference_like
GSM8848584_CCGATACTCTATGCATACAGACCT-1,GSM8848584,0,Prostate epithelial - AR high,0.13941383,True,CNV_high_candidate
GSM8848584_CCGATTGGTGAGAAGGACAGACCT-1,GSM8848584,4,Fibroblast,0.017757405,False,reference_like
GSM8848584_CCGCATTAGTAACTTCACAGACCT-1,GSM8848584,0,Prostate epithelial - AR high,0.10869775,True,CNV_high_candidate
GSM8848584_CCGCCATCATGTGGCGACAGACCT-1,GSM8848584,2,Steroidogenic-like,0.046705738,False,CNV_low_candidate
GSM8848584_CCGCCATCATTCCTGGACAGACCT-1,GSM8848584,0,Prostate epithelial - AR high,0.03197075,False,CNV_low_candidate
GSM8848584_CCGCTAAGTCAAAGATACAGACCT-1,GSM8848584,0,Prostate epithelial - AR high,0.10140123,True,CNV_high_candidate
GSM8848584_CCGCTATAGGTGAGTTACAGACCT-1,GSM8848584,2,Steroidogenic-like,0.05474797,False,CNV_low_candidate
GSM8848584_CCGGCTATCGAGAGAAACAGACCT-1,GSM8848584,1,Neuroendocrine-like,0.07000557,False,CNV_low_candidate
GSM8848584_CCGGTACGTGACCTGCACAGACCT-1,GSM8848584,1,Neuroendocrine-like,0.059471928,False,CNV_low_candidate
GSM8848584_CCGGTACGTGTTAGAGACAGACCT-1,GSM8848584,4,Fibroblast,0.067861296,False,reference_like
GSM8848584_CCGGTACGTTTATCGAACAGACCT-1,GSM8848584,2,Steroidogenic-like,0.033177134,False,CNV_low_candidate
GSM8848584_CCGTAATGTGTAATGGACAGACCT-1,GSM8848584,1,Neuroendocrine-like,0.04613468,False,CNV_low_candidate
GSM8848584_CCGTACGTCATAGGCGACAGACCT-1,GSM8848584,0,Prostate epithelial - AR high,0.033112008,False,CNV_low_candidate
GSM8848584_CCGTTGTAGGTATGGTACAGACCT-1,GSM8848584,2,Steroidogenic-like,0.045180086,False,CNV_low_candidate
GSM8848584_CCTAACCAGGAGTCATACAGACCT-1,GSM8848584,0,Prostate epithelial - AR high,0.08767788,False,CNV_low_candidate
GSM8848584_CCTAACCAGTTGACGGACAGACCT-1,GSM8848584,2,Steroidogenic-like,0.056269836,False,CNV_low_candidate
GSM8848584_CCTAACGGTAACGGGTACAGACCT-1,GSM8848584,0,Prostate epithelial - AR high,0.06816202,False,CNV_low_candidate
GSM8848584_CCTAACGGTGAGAAGGACAGACCT-1,GSM8848584,2,Steroidogenic-like,0.05791834,False,CNV_low_candidate
GSM8848584_CCTAACTCAAATAAGGACAGACCT-1,GSM8848584,0,Prostate epithelial - AR high,0.10154296,True,CNV_high_candidate
GSM8848584_CCTAACTCAATAGCTGACAGACCT-1,GSM8848584,0,Prostate epithelial - AR high,0.054374706,False,CNV_low_candidate
GSM8848584_CCTAAGCTCGCCTGCAACAGACCT-1,GSM8848584,2,Steroidogenic-like,0.05810361,False,CNV_low_candidate
GSM8848584_CCTAAGCTCGTAACTTACAGACCT-1,GSM8848584,2,Steroidogenic-like,0.053753637,False,CNV_low_candidate
GSM8848584_CCTAAGCTCTCAGCACACAGACCT-1,GSM8848584,0,Prostate epithelial - AR high,0.034495763,False,CNV_low_candidate
GSM8848584_CCTAAGGAGACTAACAACAGACCT-1,GSM8848584,3,Endothelial,0.07615145,False,reference_like
GSM8848584_CCTAATCCAATCAAGTACAGACCT-1,GSM8848584,2,Steroidogenic-like,0.0669552,False,CNV_low_candidate
GSM8848584_CCTAATCCAGTGAGAGACAGACCT-1,GSM8848584,2,Steroidogenic-like,0.036661707,False,CNV_low_candidate
GSM8848584_CCTACCTGTGTGAGTAACAGACCT-1,GSM8848584,3,Endothelial,0.059348874,False,reference_like
GSM8848584_CCTACCTGTTATGTGCACAGACCT-1,GSM8848584,3,Endothelial,0.060431615,False,reference_like
GSM8848584_CCTACTTTCTTAATGCACAGACCT-1,GSM8848584,1,Neuroendocrine-like,0.019709432,False,CNV_low_candidate
GSM8848584_CCTAGAGAGCGGGACTACAGACCT-1,GSM8848584,0,Prostate epithelial - AR high,0.07135496,False,CNV_low_candidate
GSM8848584_CCTAGAGAGCTTTACGACAGACCT-1,GSM8848584,2,Steroidogenic-like,0.05113275,False,CNV_low_candidate
GSM8848584_CCTAGAGAGGCAAGTTACAGACCT-1,GSM8848584,2,Steroidogenic-like,0.050555803,False,CNV_low_candidate
GSM8848584_CCTAGAGAGTGTAATGACAGACCT-1,GSM8848584,1,Neuroendocrine-like,0.016115135,False,CNV_low_candidate
GSM8848584_CCTAGGTTCGGTAAACACAGACCT-1,GSM8848584,2,Steroidogenic-like,0.08286828,False,CNV_low_candidate
GSM8848584_CCTATCGCATTGAGATACAGACCT-1,GSM8848584,1,Neuroendocrine-like,0.034433722,False,CNV_low_candidate
GSM8848584_CCTATGATCCAGAACGACAGACCT-1,GSM8848584,4,Fibroblast,0.0960979,False,reference_like
GSM8848584_CCTATGATCCAGATAAACAGACCT-1,GSM8848584,2,Steroidogenic-like,0.054108262,False,CNV_low_candidate
GSM8848584_CCTATGATCCATCCGGACAGACCT-1,GSM8848584,4,Fibroblast,0.025797816,False,reference_like
GSM8848584_CCTATGATCCGGACAAACAGACCT-1,GSM8848584,3,Endothelial,0.04214433,False,reference_like
GSM8848584_CCTATGATCTTACTCCACAGACCT-1,GSM8848584,0,Prostate epithelial - AR high,0.10117218,True,CNV_high_candidate
GSM8848584_CCTATGGGTGACCTTGACAGACCT-1,GSM8848584,0,Prostate epithelial - AR high,0.055576127,False,CNV_low_candidate
GSM8848584_CCTCAAATCATAATCCACAGACCT-1,GSM8848584,1,Neuroendocrine-like,0.026086813,False,CNV_low_candidate
GSM8848584_CCTCAAATCCAATACTACAGACCT-1,GSM8848584,2,Steroidogenic-like,0.058109645,False,CNV_low_candidate
GSM8848584_CCTCAAATCGTCAATTACAGACCT-1,GSM8848584,1,Neuroendocrine-like,0.02224773,False,CNV_low_candidate
GSM8848584_CCTCAAGGTATATTCGACAGACCT-1,GSM8848584,0,Prostate epithelial - AR high,0.089032315,False,CNV_low_candidate
GSM8848584_CCTCAAGGTATGGTCTACAGACCT-1,GSM8848584,5,T/NK lymphocyte,0.023338929,False,reference_like
GSM8848584_CCTCAAGGTCGTTCTCACAGACCT-1,GSM8848584,0,Prostate epithelial - AR high,0.0643248,False,CNV_low_candidate
GSM8848584_CCTCACACACATAGATACAGACCT-1,GSM8848584,0,Prostate epithelial - AR high,0.10957646,True,CNV_high_candidate
GSM8848584_CCTCACACATGGCTAAACAGACCT-1,GSM8848584,4,Fibroblast,0.015561951,False,reference_like
GSM8848584_CCTCAGCCAATAGCTGACAGACCT-1,GSM8848584,0,Prostate epithelial - AR high,0.09646112,False,CNV_low_candidate
GSM8848584_CCTCAGCCAATTAGGTACAGACCT-1,GSM8848584,6,Macrophage,0.07568105,False,reference_like
GSM8848584_CCTCAGCCAGCCTATTACAGACCT-1,GSM8848584,2,Steroidogenic-like,0.07139614,False,CNV_low_candidate
GSM8848584_CCTCAGCCATTGCATCACAGACCT-1,GSM8848584,1,Neuroendocrine-like,0.069160715,False,CNV_low_candidate
GSM8848584_CCTCAGCCATTGGGTAACAGACCT-1,GSM8848584,1,Neuroendocrine-like,0.017721452,False,CNV_low_candidate
GSM8848584_CCTCAGCCATTGTACCACAGACCT-1,GSM8848584,0,Prostate epithelial - AR high,0.052839965,False,CNV_low_candidate
GSM8848584_CCTCATCGTACTTCAAACAGACCT-1,GSM8848584,2,Steroidogenic-like,0.0714271,False,CNV_low_candidate
GSM8848584_CCTCGATAGGAGGCCTACAGACCT-1,GSM8848584,2,Steroidogenic-like,0.048324972,False,CNV_low_candidate
GSM8848584_CCTCGATAGGTTACTTACAGACCT-1,GSM8848584,2,Steroidogenic-like,0.083188795,False,CNV_low_candidate
GSM8848584_CCTGGTAGTGCGGCAAACAGACCT-1,GSM8848584,0,Prostate epithelial - AR high,0.04568079,False,CNV_low_candidate
GSM8848584_CCTGGTCCAATCTCTAACAGACCT-1,GSM8848584,2,Steroidogenic-like,0.056366585,False,CNV_low_candidate
GSM8848584_CCTGTTGCAAACACGCACAGACCT-1,GSM8848584,0,Prostate epithelial - AR high,0.041389346,False,CNV_low_candidate
GSM8848584_CCTGTTGCAAAGCCTAACAGACCT-1,GSM8848584,1,Neuroendocrine-like,0.05802052,False,CNV_low_candidate
GSM8848584_CCTTAAAGTTTCCAAAACAGACCT-1,GSM8848584,2,Steroidogenic-like,0.090765126,False,CNV_low_candidate
GSM8848584_CCTTAATAGATAACTGACAGACCT-1,GSM8848584,1,Neuroendocrine-like,0.022039818,False,CNV_low_candidate
GSM8848584_CCTTAATAGCTACGTCACAGACCT-1,GSM8848584,0,Prostate epithelial - AR high,0.11490874,True,CNV_high_candidate
GSM8848584_CCTTAATAGGGAGGCAACAGACCT-1,GSM8848584,5,T/NK lymphocyte,0.08905449,False,reference_like
GSM8848584_CCTTATGAGGGTTTCCACAGACCT-1,GSM8848584,2,Steroidogenic-like,0.045259573,False,CNV_low_candidate
GSM8848584_CCTTATGAGTTTGCATACAGACCT-1,GSM8848584,6,Macrophage,0.015792891,False,reference_like
GSM8848584_CCTTATGAGTTTGGTTACAGACCT-1,GSM8848584,2,Steroidogenic-like,0.074528396,False,CNV_low_candidate
GSM8848584_CCTTATTGTAGCCATTACAGACCT-1,GSM8848584,2,Steroidogenic-like,0.0606323,False,CNV_low_candidate
GSM8848584_CCTTATTGTTAGCATCACAGACCT-1,GSM8848584,1,Neuroendocrine-like,0.057819318,False,CNV_low_candidate
GSM8848584_CCTTATTGTTGAGCTTACAGACCT-1,GSM8848584,2,Steroidogenic-like,0.0515167,False,CNV_low_candidate
GSM8848584_CCTTCCATCAGGCCTTACAGACCT-1,GSM8848584,2,Steroidogenic-like,0.055395976,False,CNV_low_candidate
GSM8848584_CCTTCCATCATCCCAAACAGACCT-1,GSM8848584,0,Prostate epithelial - AR high,0.10330017,True,CNV_high_candidate
GSM8848584_CCTTCCATCCATAAAGACAGACCT-1,GSM8848584,0,Prostate epithelial - AR high,0.031879578,False,CNV_low_candidate
GSM8848584_CCTTCCTCAAGGGTCTACAGACCT-1,GSM8848584,0,Prostate epithelial - AR high,0.10383937,True,CNV_high_candidate
GSM8848584_CCTTCCTCACTCCCAAACAGACCT-1,GSM8848584,0,Prostate epithelial - AR high,0.029019076,False,CNV_low_candidate
GSM8848584_CCTTCCTCACTGTCATACAGACCT-1,GSM8848584,4,Fibroblast,0.05657027,False,reference_like
GSM8848584_CCTTGAATCCAATTACACAGACCT-1,GSM8848584,2,Steroidogenic-like,0.022752509,False,CNV_low_candidate
GSM8848584_CCTTGAGGTGCGGCTTACAGACCT-1,GSM8848584,4,Fibroblast,0.054306705,False,reference_like
GSM8848584_CCTTGAGGTTCTGGCAACAGACCT-1,GSM8848584,2,Steroidogenic-like,0.02761024,False,CNV_low_candidate
GSM8848584_CGAAATGGTTAATGCCACAGACCT-1,GSM8848584,2,Steroidogenic-like,0.05917965,False,CNV_low_candidate
GSM8848584_CGAAATGGTTACCGTGACAGACCT-1,GSM8848584,0,Prostate epithelial - AR high,0.108712666,True,CNV_high_candidate
GSM8848584_CGAAATGGTTGTTCCCACAGACCT-1,GSM8848584,0,Prostate epithelial - AR high,0.030217,False,CNV_low_candidate
GSM8848584_CGAACCAAGAGCAATCACAGACCT-1,GSM8848584,0,Prostate epithelial - AR high,0.052702416,False,CNV_low_candidate
GSM8848584_CGAACCAAGATAGCTAACAGACCT-1,GSM8848584,1,Neuroendocrine-like,0.035190247,False,CNV_low_candidate
GSM8848584_CGAACCAAGCTTCTAGACAGACCT-1,GSM8848584,2,Steroidogenic-like,0.028191863,False,CNV_low_candidate
GSM8848584_CGAACCAAGGCCATTCACAGACCT-1,GSM8848584,6,Macrophage,0.03616532,False,reference_like
GSM8848584_CGAACCAAGGGAGGCAACAGACCT-1,GSM8848584,1,Neuroendocrine-like,0.022379244,False,CNV_low_candidate
GSM8848584_CGAACTTGTAATTTCGACAGACCT-1,GSM8848584,0,Prostate epithelial - AR high,0.08382558,False,CNV_low_candidate
GSM8848584_CGAACTTGTACTGCCAACAGACCT-1,GSM8848584,2,Steroidogenic-like,0.07584509,False,CNV_low_candidate
GSM8848584_CGAACTTGTGTCCAATACAGACCT-1,GSM8848584,1,Neuroendocrine-like,0.019524759,False,CNV_low_candidate
GSM8848584_CGAAGAAAGATTCCCAACAGACCT-1,GSM8848584,0,Prostate epithelial - AR high,0.050626956,False,CNV_low_candidate
GSM8848584_CGAAGAAAGGAGCCGTACAGACCT-1,GSM8848584,3,Endothelial,0.05127423,False,reference_like
GSM8848584_CGAAGGTGTCGTTATAACAGACCT-1,GSM8848584,6,Macrophage,0.06417204,False,reference_like
GSM8848584_CGAAGGTGTGGGTGTGACAGACCT-1,GSM8848584,5,T/NK lymphocyte,0.052565947,False,reference_like
GSM8848584_CGAATAGGTAAACCCTACAGACCT-1,GSM8848584,2,Steroidogenic-like,0.027934248,False,CNV_low_candidate
GSM8848584_CGAATAGGTCATGCATACAGACCT-1,GSM8848584,0,Prostate epithelial - AR high,0.13346584,True,CNV_high_candidate
GSM8848584_CGAATAGGTTTCCAAAACAGACCT-1,GSM8848584,0,Prostate epithelial - AR high,0.07663874,False,CNV_low_candidate
GSM8848584_CGAATATCACAATGGCACAGACCT-1,GSM8848584,3,Endothelial,0.09359278,False,reference_like
GSM8848584_CGACACAAGGATCCCTACAGACCT-1,GSM8848584,3,Endothelial,0.059979726,False,reference_like
GSM8848584_CGACACCGTACTTACAACAGACCT-1,GSM8848584,0,Prostate epithelial - AR high,0.12885891,True,CNV_high_candidate
GSM8848584_CGACACCGTCACAGAAACAGACCT-1,GSM8848584,1,Neuroendocrine-like,0.03126803,False,CNV_low_candidate
GSM8848584_CGACTCCCAATGTTCCACAGACCT-1,GSM8848584,0,Prostate epithelial - AR high,0.10475484,True,CNV_high_candidate
GSM8848584_CGACTTTCAAAGACCCACAGACCT-1,GSM8848584,0,Prostate epithelial - AR high,0.102211796,True,CNV_high_candidate
GSM8848584_CGACTTTCACCTAACTACAGACCT-1,GSM8848584,1,Neuroendocrine-like,0.05200609,False,CNV_low_candidate
GSM8848584_CGAGAGGAGAGGCGAGACAGACCT-1,GSM8848584,4,Fibroblast,0.030942267,False,reference_like
GSM8848584_CGAGAGGAGCTCCCTCACAGACCT-1,GSM8848584,2,Steroidogenic-like,0.05056822,False,CNV_low_candidate
GSM8848584_CGAGCGAGTACGTTACACAGACCT-1,GSM8848584,0,Prostate epithelial - AR high,0.047982432,False,CNV_low_candidate
GSM8848584_CGAGCGAGTCGTCCAAACAGACCT-1,GSM8848584,3,Endothelial,0.027229724,False,reference_like
GSM8848584_CGAGCGAGTGTGTCGCACAGACCT-1,GSM8848584,2,Steroidogenic-like,0.059281494,False,CNV_low_candidate
GSM8848584_CGAGCGAGTTCCAGCAACAGACCT-1,GSM8848584,4,Fibroblast,0.024841648,False,reference_like
GSM8848584_CGAGCGAGTTTACTGAACAGACCT-1,GSM8848584,0,Prostate epithelial - AR high,0.032005627,False,CNV_low_candidate
GSM8848584_CGAGGAGAGGAAACTCACAGACCT-1,GSM8848584,0,Prostate epithelial - AR high,0.053702928,False,CNV_low_candidate
GSM8848584_CGAGTTACAGAGGCTTACAGACCT-1,GSM8848584,1,Neuroendocrine-like,0.023863327,False,CNV_low_candidate
GSM8848584_CGATAAATCCTTTGAGACAGACCT-1,GSM8848584,6,Macrophage,0.07829465,False,reference_like
GSM8848584_CGATAGGTCATAACCTACAGACCT-1,GSM8848584,4,Fibroblast,0.06238351,False,reference_like
GSM8848584_CGATAGGTCCAACTATACAGACCT-1,GSM8848584,3,Endothelial,0.095198736,False,reference_like
GSM8848584_CGATAGGTCCCTCTCAACAGACCT-1,GSM8848584,3,Endothelial,0.068438984,False,reference_like
GSM8848584_CGATAGGTCCTGACTAACAGACCT-1,GSM8848584,1,Neuroendocrine-like,0.023227401,False,CNV_low_candidate
GSM8848584_CGATATGCACTAGCGGACAGACCT-1,GSM8848584,0,Prostate epithelial - AR high,0.076624945,False,CNV_low_candidate
GSM8848584_CGATATGCACTCCCAAACAGACCT-1,GSM8848584,1,Neuroendocrine-like,0.07431987,False,CNV_low_candidate
GSM8848584_CGATGAAGTACCTTAAACAGACCT-1,GSM8848584,4,Fibroblast,0.0722329,False,reference_like
GSM8848584_CGATGAAGTTCTTGAAACAGACCT-1,GSM8848584,1,Neuroendocrine-like,0.050688703,False,CNV_low_candidate
GSM8848584_CGATGACCAATAGAAGACAGACCT-1,GSM8848584,0,Prostate epithelial - AR high,0.041125268,False,CNV_low_candidate
GSM8848584_CGATTCATCAGGCATGACAGACCT-1,GSM8848584,3,Endothelial,0.073239304,False,reference_like
GSM8848584_CGATTCATCCTGCCAGACAGACCT-1,GSM8848584,2,Steroidogenic-like,0.073419,False,CNV_low_candidate
GSM8848584_CGATTGACATCCACCAACAGACCT-1,GSM8848584,2,Steroidogenic-like,0.10041276,True,CNV_high_candidate
GSM8848584_CGATTTAGTACTTCCCACAGACCT-1,GSM8848584,2,Steroidogenic-like,0.060627542,False,CNV_low_candidate
GSM8848584_CGATTTAGTAGCGCGAACAGACCT-1,GSM8848584,1,Neuroendocrine-like,0.07806276,False,CNV_low_candidate
GSM8848584_CGCAACTTCATCAGCCACAGACCT-1,GSM8848584,0,Prostate epithelial - AR high,0.051109504,False,CNV_low_candidate
GSM8848584_CGCAACTTCCCATAATACAGACCT-1,GSM8848584,1,Neuroendocrine-like,0.022435356,False,CNV_low_candidate
GSM8848584_CGCAACTTCGCAAATAACAGACCT-1,GSM8848584,0,Prostate epithelial - AR high,0.03152157,False,CNV_low_candidate
GSM8848584_CGCAACTTCTTAAGGAACAGACCT-1,GSM8848584,2,Steroidogenic-like,0.020983059,False,CNV_low_candidate
GSM8848584_CGCAAGGGTTGCGCTAACAGACCT-1,GSM8848584,3,Endothelial,0.066198885,False,reference_like
GSM8848584_CGCAAGGGTTGGATAGACAGACCT-1,GSM8848584,2,Steroidogenic-like,0.03840474,False,CNV_low_candidate
GSM8848584_CGCAATCTCAATGTTCACAGACCT-1,GSM8848584,0,Prostate epithelial - AR high,0.025424257,False,CNV_low_candidate
GSM8848584_CGCAATCTCACCTGTAACAGACCT-1,GSM8848584,0,Prostate epithelial - AR high,0.061087873,False,CNV_low_candidate
GSM8848584_CGCAATCTCCTCCCACACAGACCT-1,GSM8848584,0,Prostate epithelial - AR high,0.051468544,False,CNV_low_candidate
GSM8848584_CGCAATTGTAATGGATACAGACCT-1,GSM8848584,1,Neuroendocrine-like,0.01615857,False,CNV_low_candidate
GSM8848584_CGCAATTGTATGGTAGACAGACCT-1,GSM8848584,3,Endothelial,0.021017233,False,reference_like
GSM8848584_CGCAATTGTTAGCGCCACAGACCT-1,GSM8848584,0,Prostate epithelial - AR high,0.049815156,False,CNV_low_candidate
GSM8848584_CGCACATTCACCTGTAACAGACCT-1,GSM8848584,1,Neuroendocrine-like,0.051660396,False,CNV_low_candidate
GSM8848584_CGCACATTCAGCACCTACAGACCT-1,GSM8848584,4,Fibroblast,0.05531573,False,reference_like
GSM8848584_CGCACATTCAGGCCAAACAGACCT-1,GSM8848584,0,Prostate epithelial - AR high,0.10511401,True,CNV_high_candidate
GSM8848584_CGCACATTCGTTCGTAACAGACCT-1,GSM8848584,0,Prostate epithelial - AR high,0.06531064,False,CNV_low_candidate
GSM8848584_CGCAGCACAAATATGCACAGACCT-1,GSM8848584,0,Prostate epithelial - AR high,0.12727642,True,CNV_high_candidate
GSM8848584_CGCAGCACAGCAAGCTACAGACCT-1,GSM8848584,4,Fibroblast,0.15251921,True,reference_like
GSM8848584_CGCAGGTAGGAACTTAACAGACCT-1,GSM8848584,0,Prostate epithelial - AR high,0.06272225,False,CNV_low_candidate
GSM8848584_CGCAGGTAGTCTAATCACAGACCT-1,GSM8848584,4,Fibroblast,0.068160065,False,reference_like
GSM8848584_CGCATCCCAACGACTAACAGACCT-1,GSM8848584,0,Prostate epithelial - AR high,0.0667271,False,CNV_low_candidate
GSM8848584_CGCATGAAGTCACCTAACAGACCT-1,GSM8848584,2,Steroidogenic-like,0.036999382,False,CNV_low_candidate
GSM8848584_CGCATTATCCATCCAAACAGACCT-1,GSM8848584,2,Steroidogenic-like,0.026748486,False,CNV_low_candidate
GSM8848584_CGCATTATCGCAGCAAACAGACCT-1,GSM8848584,4,Fibroblast,0.04037757,False,reference_like
GSM8848584_CGCCATCCACAAATACACAGACCT-1,GSM8848584,0,Prostate epithelial - AR high,0.048153993,False,CNV_low_candidate
GSM8848584_CGCCATCCACGTGCTCACAGACCT-1,GSM8848584,3,Endothelial,0.059828084,False,reference_like
GSM8848584_CGCGACACACCGGTAGACAGACCT-1,GSM8848584,4,Fibroblast,0.06949726,False,reference_like
GSM8848584_CGCGACACACCTAAGAACAGACCT-1,GSM8848584,6,Macrophage,0.040584136,False,reference_like
GSM8848584_CGCGACACATTAGTGGACAGACCT-1,GSM8848584,2,Steroidogenic-like,0.02323324,False,CNV_low_candidate
GSM8848584_CGCGATAAGATAATCGACAGACCT-1,GSM8848584,1,Neuroendocrine-like,0.09927403,False,CNV_low_candidate
GSM8848584_CGCGATAAGGACTTGGACAGACCT-1,GSM8848584,2,Steroidogenic-like,0.034582686,False,CNV_low_candidate
GSM8848584_CGCGATAAGGCTTTATACAGACCT-1,GSM8848584,2,Steroidogenic-like,0.0774135,False,CNV_low_candidate
GSM8848584_CGCGTGACAACTAAACACAGACCT-1,GSM8848584,0,Prostate epithelial - AR high,0.052928332,False,CNV_low_candidate
GSM8848584_CGCGTGACATCATGTCACAGACCT-1,GSM8848584,0,Prostate epithelial - AR high,0.14260069,True,CNV_high_candidate
GSM8848584_CGCGTTCCACCTTTGGACAGACCT-1,GSM8848584,4,Fibroblast,0.07069187,False,reference_like
GSM8848584_CGCTACGTCCTTAGATACAGACCT-1,GSM8848584,0,Prostate epithelial - AR high,0.0429885,False,CNV_low_candidate
GSM8848584_CGCTATATCCAAAGACACAGACCT-1,GSM8848584,1,Neuroendocrine-like,0.034053404,False,CNV_low_candidate
GSM8848584_CGCTATATCGCTTCGGACAGACCT-1,GSM8848584,4,Fibroblast,0.097714104,False,reference_like
GSM8848584_CGCTCAGTCATCCAGCACAGACCT-1,GSM8848584,0,Prostate epithelial - AR high,0.1561238,True,CNV_high_candidate
GSM8848584_CGCTCAGTCATTACCGACAGACCT-1,GSM8848584,0,Prostate epithelial - AR high,0.15730476,True,CNV_high_candidate
GSM8848584_CGCTGGACAGGATGCTACAGACCT-1,GSM8848584,0,Prostate epithelial - AR high,0.037711848,False,CNV_low_candidate
GSM8848584_CGCTGGACATTACACCACAGACCT-1,GSM8848584,0,Prostate epithelial - AR high,0.031158349,False,CNV_low_candidate
GSM8848584_CGCTTTAAGACTAACAACAGACCT-1,GSM8848584,0,Prostate epithelial - AR high,0.13042971,True,CNV_high_candidate
GSM8848584_CGCTTTAAGCCTTAATACAGACCT-1,GSM8848584,2,Steroidogenic-like,0.06218864,False,CNV_low_candidate
GSM8848584_CGCTTTAAGTGGCTTCACAGACCT-1,GSM8848584,0,Prostate epithelial - AR high,0.025699615,False,CNV_low_candidate
GSM8848584_CGGAACCAGCGCTTACACAGACCT-1,GSM8848584,2,Steroidogenic-like,0.07857213,False,CNV_low_candidate
GSM8848584_CGGAACCAGTGTAATGACAGACCT-1,GSM8848584,0,Prostate epithelial - AR high,0.05643936,False,CNV_low_candidate
GSM8848584_CGGCAATCAATCGTGAACAGACCT-1,GSM8848584,1,Neuroendocrine-like,0.065727755,False,CNV_low_candidate
GSM8848584_CGGCAATCACCGTTTGACAGACCT-1,GSM8848584,0,Prostate epithelial - AR high,0.036113452,False,CNV_low_candidate
GSM8848584_CGGCAATCACCTAAGAACAGACCT-1,GSM8848584,0,Prostate epithelial - AR high,0.031288914,False,CNV_low_candidate
GSM8848584_CGGCAATCACGTAATGACAGACCT-1,GSM8848584,1,Neuroendocrine-like,0.06531051,False,CNV_low_candidate
GSM8848584_CGGCAATCATCGAACAACAGACCT-1,GSM8848584,0,Prostate epithelial - AR high,0.13454881,True,CNV_high_candidate
GSM8848584_CGGCAATCATTTGGAGACAGACCT-1,GSM8848584,4,Fibroblast,0.053767618,False,reference_like
GSM8848584_CGGCTAAAGACAACACACAGACCT-1,GSM8848584,2,Steroidogenic-like,0.050600488,False,CNV_low_candidate
GSM8848584_CGGGATGGTTAGCATCACAGACCT-1,GSM8848584,5,T/NK lymphocyte,0.029251277,False,reference_like
GSM8848584_CGGGATGGTTTGGGCCACAGACCT-1,GSM8848584,0,Prostate epithelial - AR high,0.07739313,False,CNV_low_candidate
GSM8848584_CGGGCTACACTTTGTAACAGACCT-1,GSM8848584,0,Prostate epithelial - AR high,0.03706083,False,CNV_low_candidate
GSM8848584_CGGGCTACATTACTTGACAGACCT-1,GSM8848584,0,Prostate epithelial - AR high,0.045417022,False,CNV_low_candidate
GSM8848584_CGGGTTAAGCCTGGTTACAGACCT-1,GSM8848584,2,Steroidogenic-like,0.051345225,False,CNV_low_candidate
GSM8848584_CGGTATTGTTAATGCCACAGACCT-1,GSM8848584,2,Steroidogenic-like,0.05654424,False,CNV_low_candidate
GSM8848584_CGGTCAAAGCCTTAATACAGACCT-1,GSM8848584,2,Steroidogenic-like,0.020103503,False,CNV_low_candidate
GSM8848584_CGGTGAGGTCCAATACACAGACCT-1,GSM8848584,0,Prostate epithelial - AR high,0.026957963,False,CNV_low_candidate
GSM8848584_CGGTGAGGTTGCTGTGACAGACCT-1,GSM8848584,2,Steroidogenic-like,0.08026854,False,CNV_low_candidate
GSM8848584_CGGTGAGGTTGTGACTACAGACCT-1,GSM8848584,2,Steroidogenic-like,0.033390842,False,CNV_low_candidate
GSM8848584_CGGTGCACATATGGTGACAGACCT-1,GSM8848584,0,Prostate epithelial - AR high,0.03313836,False,CNV_low_candidate
GSM8848584_CGGTGCACATGCTCCAACAGACCT-1,GSM8848584,2,Steroidogenic-like,0.054323874,False,CNV_low_candidate
GSM8848584_CGGTGTGCACTTTGTAACAGACCT-1,GSM8848584,0,Prostate epithelial - AR high,0.029427938,False,CNV_low_candidate
GSM8848584_CGGTGTGCAGATTGCAACAGACCT-1,GSM8848584,2,Steroidogenic-like,0.054899666,False,CNV_low_candidate
GSM8848584_CGGTTAGAGGCTGTGAACAGACCT-1,GSM8848584,4,Fibroblast,0.047685664,False,reference_like
GSM8848584_CGGTTAGAGGGTTGCAACAGACCT-1,GSM8848584,0,Prostate epithelial - AR high,0.0747303,False,CNV_low_candidate
GSM8848584_CGGTTAGAGGTAACTAACAGACCT-1,GSM8848584,2,Steroidogenic-like,0.03772537,False,CNV_low_candidate
GSM8848584_CGGTTATGTAGCGGATACAGACCT-1,GSM8848584,2,Steroidogenic-like,0.051913686,False,CNV_low_candidate
GSM8848584_CGGTTATGTTGGAGCGACAGACCT-1,GSM8848584,1,Neuroendocrine-like,0.07216726,False,CNV_low_candidate
GSM8848584_CGTAAACAGCCATTTGACAGACCT-1,GSM8848584,2,Steroidogenic-like,0.0567394,False,CNV_low_candidate
GSM8848584_CGTAAACAGCTATTACACAGACCT-1,GSM8848584,2,Steroidogenic-like,0.06092654,False,CNV_low_candidate
GSM8848584_CGTAAACAGCTGATTTACAGACCT-1,GSM8848584,1,Neuroendocrine-like,0.050871488,False,CNV_low_candidate
GSM8848584_CGTAAACAGCTTACCAACAGACCT-1,GSM8848584,2,Steroidogenic-like,0.06320714,False,CNV_low_candidate
GSM8848584_CGTAAACAGTACGGGCACAGACCT-1,GSM8848584,1,Neuroendocrine-like,0.0572261,False,CNV_low_candidate
GSM8848584_CGTAAACAGTGATTTCACAGACCT-1,GSM8848584,0,Prostate epithelial - AR high,0.15005827,True,CNV_high_candidate
GSM8848584_CGTAACGAGGGAGGCAACAGACCT-1,GSM8848584,2,Steroidogenic-like,0.029221104,False,CNV_low_candidate
GSM8848584_CGTAAGTAGTCCTGCGACAGACCT-1,GSM8848584,2,Steroidogenic-like,0.016407069,False,CNV_low_candidate
GSM8848584_CGTAATCGTAAATAGCACAGACCT-1,GSM8848584,0,Prostate epithelial - AR high,0.052983355,False,CNV_low_candidate
GSM8848584_CGTAATCGTAACCCATACAGACCT-1,GSM8848584,3,Endothelial,0.03450378,False,reference_like
GSM8848584_CGTAATCGTCCTGACAACAGACCT-1,GSM8848584,2,Steroidogenic-like,0.06677617,False,CNV_low_candidate
GSM8848584_CGTAATCGTTAACGAGACAGACCT-1,GSM8848584,0,Prostate epithelial - AR high,0.04730994,False,CNV_low_candidate
GSM8848584_CGTAATCGTTAGGTGAACAGACCT-1,GSM8848584,0,Prostate epithelial - AR high,0.03422099,False,CNV_low_candidate
GSM8848584_CGTAATCGTTGGGCGAACAGACCT-1,GSM8848584,2,Steroidogenic-like,0.05558361,False,CNV_low_candidate
GSM8848584_CGTAATTTCCATCCGGACAGACCT-1,GSM8848584,0,Prostate epithelial - AR high,0.07634203,False,CNV_low_candidate
GSM8848584_CGTAATTTCTTTGGTGACAGACCT-1,GSM8848584,2,Steroidogenic-like,0.0422632,False,CNV_low_candidate
GSM8848584_CGTACGTTCGCTTGGTACAGACCT-1,GSM8848584,0,Prostate epithelial - AR high,0.031495184,False,CNV_low_candidate
GSM8848584_CGTACGTTCTCCATCTACAGACCT-1,GSM8848584,3,Endothelial,0.0295564,False,reference_like
GSM8848584_CGTACTTCATGGATTGACAGACCT-1,GSM8848584,2,Steroidogenic-like,0.064263284,False,CNV_low_candidate
GSM8848584_CGTAGCGCACATAAGTACAGACCT-1,GSM8848584,0,Prostate epithelial - AR high,0.03456322,False,CNV_low_candidate
GSM8848584_CGTAGCGCATGGCCGAACAGACCT-1,GSM8848584,2,Steroidogenic-like,0.04508597,False,CNV_low_candidate
GSM8848584_CGTATATTCAAACTTCACAGACCT-1,GSM8848584,0,Prostate epithelial - AR high,0.054692004,False,CNV_low_candidate
GSM8848584_CGTCATTCAGCGGATTACAGACCT-1,GSM8848584,0,Prostate epithelial - AR high,0.06326124,False,CNV_low_candidate
GSM8848584_CGTCATTCATTCTGTAACAGACCT-1,GSM8848584,2,Steroidogenic-like,0.08365285,False,CNV_low_candidate
GSM8848584_CGTCCATAGACGCATGACAGACCT-1,GSM8848584,1,Neuroendocrine-like,0.039549857,False,CNV_low_candidate
GSM8848584_CGTCCATAGCAGGTCAACAGACCT-1,GSM8848584,2,Steroidogenic-like,0.01932224,False,CNV_low_candidate
GSM8848584_CGTCCATAGCTATATCACAGACCT-1,GSM8848584,5,T/NK lymphocyte,0.030866139,False,reference_like
GSM8848584_CGTCCATAGGAAACCTACAGACCT-1,GSM8848584,2,Steroidogenic-like,0.055305187,False,CNV_low_candidate
GSM8848584_CGTCCATAGGGATGAAACAGACCT-1,GSM8848584,2,Steroidogenic-like,0.048461374,False,CNV_low_candidate
GSM8848584_CGTGAGGGTAAACTGGACAGACCT-1,GSM8848584,1,Neuroendocrine-like,0.025290232,False,CNV_low_candidate
GSM8848584_CGTGCGTGTGATTACCACAGACCT-1,GSM8848584,1,Neuroendocrine-like,0.02811818,False,CNV_low_candidate
GSM8848584_CGTGCTTAGAGGAAATACAGACCT-1,GSM8848584,4,Fibroblast,0.016568594,False,reference_like
GSM8848584_CGTGTCCCACTCAATCACAGACCT-1,GSM8848584,2,Steroidogenic-like,0.04250051,False,CNV_low_candidate
GSM8848584_CGTGTTTCAAACTTGGACAGACCT-1,GSM8848584,2,Steroidogenic-like,0.020124793,False,CNV_low_candidate
GSM8848584_CGTGTTTCATCACAGAACAGACCT-1,GSM8848584,0,Prostate epithelial - AR high,0.0976766,False,CNV_low_candidate
GSM8848584_CGTGTTTCATCCGTCAACAGACCT-1,GSM8848584,0,Prostate epithelial - AR high,0.03238816,False,CNV_low_candidate
GSM8848584_CGTGTTTCATTGCCCAACAGACCT-1,GSM8848584,0,Prostate epithelial - AR high,0.03561445,False,CNV_low_candidate
GSM8848584_CGTTACATCAATGGGTACAGACCT-1,GSM8848584,2,Steroidogenic-like,0.045733217,False,CNV_low_candidate
GSM8848584_CGTTACATCCAACATTACAGACCT-1,GSM8848584,2,Steroidogenic-like,0.09129908,False,CNV_low_candidate
GSM8848584_CGTTACATCTAACCATACAGACCT-1,GSM8848584,6,Macrophage,0.06149798,False,reference_like
GSM8848584_CGTTACTCAAGAAATGACAGACCT-1,GSM8848584,0,Prostate epithelial - AR high,0.063699804,False,CNV_low_candidate
GSM8848584_CGTTATAGTCCATAGTACAGACCT-1,GSM8848584,2,Steroidogenic-like,0.06989707,False,CNV_low_candidate
GSM8848584_CGTTATGTCAACTTGTACAGACCT-1,GSM8848584,0,Prostate epithelial - AR high,0.04083656,False,CNV_low_candidate
GSM8848584_CGTTATGTCAAGATGCACAGACCT-1,GSM8848584,0,Prostate epithelial - AR high,0.04686598,False,CNV_low_candidate
GSM8848584_CGTTATGTCCTCACGGACAGACCT-1,GSM8848584,1,Neuroendocrine-like,0.06206253,False,CNV_low_candidate
GSM8848584_CGTTATTAGCGATGGCACAGACCT-1,GSM8848584,2,Steroidogenic-like,0.06033467,False,CNV_low_candidate
GSM8848584_CGTTATTAGGAACCGCACAGACCT-1,GSM8848584,2,Steroidogenic-like,0.052286625,False,CNV_low_candidate
GSM8848584_CGTTCAATCAGTAGCGACAGACCT-1,GSM8848584,3,Endothelial,0.0182023,False,reference_like
GSM8848584_CGTTCAATCAGTTAGAACAGACCT-1,GSM8848584,2,Steroidogenic-like,0.08305537,False,CNV_low_candidate
GSM8848584_CGTTCAATCATAATGGACAGACCT-1,GSM8848584,4,Fibroblast,0.050758578,False,reference_like
GSM8848584_CGTTGTCAGGTCAAACACAGACCT-1,GSM8848584,2,Steroidogenic-like,0.08782215,False,CNV_low_candidate
GSM8848584_CGTTGTCAGGTGAGAAACAGACCT-1,GSM8848584,2,Steroidogenic-like,0.08692913,False,CNV_low_candidate
GSM8848584_CGTTGTCAGGTTTCGCACAGACCT-1,GSM8848584,2,Steroidogenic-like,0.030322805,False,CNV_low_candidate
GSM8848584_CGTTTGGGTAACGGGTACAGACCT-1,GSM8848584,2,Steroidogenic-like,0.06128067,False,CNV_low_candidate
GSM8848584_CGTTTGGGTAGTTGTCACAGACCT-1,GSM8848584,2,Steroidogenic-like,0.04949174,False,CNV_low_candidate
GSM8848584_CGTTTGTCAAATAGGAACAGACCT-1,GSM8848584,2,Steroidogenic-like,0.06576749,False,CNV_low_candidate
GSM8848584_CGTTTGTCAGCGATCGACAGACCT-1,GSM8848584,0,Prostate epithelial - AR high,0.09321333,False,CNV_low_candidate
GSM8848584_CTAAATGAGACCTTTGACAGACCT-1,GSM8848584,0,Prostate epithelial - AR high,0.04071712,False,CNV_low_candidate
GSM8848584_CTAAATGAGGCGCATAACAGACCT-1,GSM8848584,1,Neuroendocrine-like,0.07724492,False,CNV_low_candidate
GSM8848584_CTAAATGAGGTAACTAACAGACCT-1,GSM8848584,1,Neuroendocrine-like,0.07721287,False,CNV_low_candidate
GSM8848584_CTAAATGAGGTAGTTAACAGACCT-1,GSM8848584,2,Steroidogenic-like,0.06100935,False,CNV_low_candidate
GSM8848584_CTAACAGCATGAGCTAACAGACCT-1,GSM8848584,4,Fibroblast,0.05757574,False,reference_like
GSM8848584_CTAACCATCAGCACCTACAGACCT-1,GSM8848584,2,Steroidogenic-like,0.060635276,False,CNV_low_candidate
GSM8848584_CTAACCATCGCTATATACAGACCT-1,GSM8848584,2,Steroidogenic-like,0.041697927,False,CNV_low_candidate
GSM8848584_CTAACCGGTCAGTGCCACAGACCT-1,GSM8848584,3,Endothelial,0.050520517,False,reference_like
GSM8848584_CTAACCGGTGAGAAGGACAGACCT-1,GSM8848584,0,Prostate epithelial - AR high,0.036082227,False,CNV_low_candidate
GSM8848584_CTAACCTCAACCCTATACAGACCT-1,GSM8848584,0,Prostate epithelial - AR high,0.030311665,False,CNV_low_candidate
GSM8848584_CTAACTAGTCGTTATAACAGACCT-1,GSM8848584,2,Steroidogenic-like,0.068383925,False,CNV_low_candidate
GSM8848584_CTAAGATCACAACAATACAGACCT-1,GSM8848584,4,Fibroblast,0.05716056,False,reference_like
GSM8848584_CTAAGATCACTAACAGACAGACCT-1,GSM8848584,2,Steroidogenic-like,0.09684553,False,CNV_low_candidate
GSM8848584_CTAAGATCACTGACTTACAGACCT-1,GSM8848584,3,Endothelial,0.06457677,False,reference_like
GSM8848584_CTAAGGGTCAAACCGGACAGACCT-1,GSM8848584,6,Macrophage,0.071561515,False,reference_like
GSM8848584_CTAAGGGTCATGGATAACAGACCT-1,GSM8848584,0,Prostate epithelial - AR high,0.14141718,True,CNV_high_candidate
GSM8848584_CTAAGGGTCCCAAATTACAGACCT-1,GSM8848584,1,Neuroendocrine-like,0.016364712,False,CNV_low_candidate
GSM8848584_CTAAGGGTCCGCAATCACAGACCT-1,GSM8848584,1,Neuroendocrine-like,0.03858162,False,CNV_low_candidate
GSM8848584_CTAAGTCGTAATTTCGACAGACCT-1,GSM8848584,1,Neuroendocrine-like,0.049004134,False,CNV_low_candidate
GSM8848584_CTAAGTCGTATGGTCTACAGACCT-1,GSM8848584,0,Prostate epithelial - AR high,0.06291825,False,CNV_low_candidate
GSM8848584_CTAAGTGCAACAAGTTACAGACCT-1,GSM8848584,2,Steroidogenic-like,0.027193164,False,CNV_low_candidate
GSM8848584_CTAATCTAGACAACACACAGACCT-1,GSM8848584,6,Macrophage,0.029760314,False,reference_like
GSM8848584_CTAATCTAGCAATCCCACAGACCT-1,GSM8848584,0,Prostate epithelial - AR high,0.103745066,True,CNV_high_candidate
GSM8848584_CTAATGCGTACCTAGTACAGACCT-1,GSM8848584,1,Neuroendocrine-like,0.015058285,False,CNV_low_candidate
GSM8848584_CTAATGCGTATGGGACACAGACCT-1,GSM8848584,0,Prostate epithelial - AR high,0.031803943,False,CNV_low_candidate
GSM8848584_CTAATGCGTATTCAGCACAGACCT-1,GSM8848584,0,Prostate epithelial - AR high,0.08836989,False,CNV_low_candidate
GSM8848584_CTAATGCGTGATTACCACAGACCT-1,GSM8848584,0,Prostate epithelial - AR high,0.06353869,False,CNV_low_candidate
GSM8848584_CTAATGCGTGTTTGCGACAGACCT-1,GSM8848584,2,Steroidogenic-like,0.097133905,False,CNV_low_candidate
GSM8848584_CTACATCCACTAACTCACAGACCT-1,GSM8848584,0,Prostate epithelial - AR high,0.052581903,False,CNV_low_candidate
GSM8848584_CTACCAGGTCCAGCACACAGACCT-1,GSM8848584,2,Steroidogenic-like,0.046495263,False,CNV_low_candidate
GSM8848584_CTACCCACAGACTCAAACAGACCT-1,GSM8848584,2,Steroidogenic-like,0.08540256,False,CNV_low_candidate
GSM8848584_CTACCCACATTGAAGTACAGACCT-1,GSM8848584,1,Neuroendocrine-like,0.05881506,False,CNV_low_candidate
GSM8848584_CTACCGGTCACGTTATACAGACCT-1,GSM8848584,1,Neuroendocrine-like,0.029972171,False,CNV_low_candidate
GSM8848584_CTACCGGTCGACTTGCACAGACCT-1,GSM8848584,0,Prostate epithelial - AR high,0.03054016,False,CNV_low_candidate
GSM8848584_CTACCTAAGGGTTTCCACAGACCT-1,GSM8848584,0,Prostate epithelial - AR high,0.061820723,False,CNV_low_candidate
GSM8848584_CTACGAACAGCTAGCGACAGACCT-1,GSM8848584,0,Prostate epithelial - AR high,0.061776202,False,CNV_low_candidate
GSM8848584_CTACGAACAGGATTATACAGACCT-1,GSM8848584,1,Neuroendocrine-like,0.044404995,False,CNV_low_candidate
GSM8848584_CTACTGGGTGTTGCTGACAGACCT-1,GSM8848584,1,Neuroendocrine-like,0.067129396,False,CNV_low_candidate
GSM8848584_CTAGATAAGGTTTCGCACAGACCT-1,GSM8848584,2,Steroidogenic-like,0.02351382,False,CNV_low_candidate
GSM8848584_CTAGATGCACAAGCGTACAGACCT-1,GSM8848584,2,Steroidogenic-like,0.08969614,False,CNV_low_candidate
GSM8848584_CTAGATGCATTGCCTGACAGACCT-1,GSM8848584,2,Steroidogenic-like,0.06994211,False,CNV_low_candidate
GSM8848584_CTAGGCGCATGAGCTAACAGACCT-1,GSM8848584,1,Neuroendocrine-like,0.052487362,False,CNV_low_candidate
GSM8848584_CTAGGCGCATGCGCAGACAGACCT-1,GSM8848584,5,T/NK lymphocyte,0.021049606,False,reference_like
GSM8848584_CTAGGCTTCATGGTCCACAGACCT-1,GSM8848584,2,Steroidogenic-like,0.027182002,False,CNV_low_candidate
GSM8848584_CTAGGTACAAGCTCAAACAGACCT-1,GSM8848584,2,Steroidogenic-like,0.102999926,True,CNV_high_candidate
GSM8848584_CTAGGTACATAACCGAACAGACCT-1,GSM8848584,2,Steroidogenic-like,0.05630819,False,CNV_low_candidate
GSM8848584_CTAGGTTGTGATTAGGACAGACCT-1,GSM8848584,0,Prostate epithelial - AR high,0.14116685,True,CNV_high_candidate
GSM8848584_CTAGGTTGTTACTCCCACAGACCT-1,GSM8848584,1,Neuroendocrine-like,0.06297429,False,CNV_low_candidate
GSM8848584_CTAGTCTCACACAAATACAGACCT-1,GSM8848584,0,Prostate epithelial - AR high,0.13095398,True,CNV_high_candidate
GSM8848584_CTAGTCTCACCAGCTCACAGACCT-1,GSM8848584,2,Steroidogenic-like,0.07248115,False,CNV_low_candidate
GSM8848584_CTAGTCTCACGGTCGAACAGACCT-1,GSM8848584,2,Steroidogenic-like,0.041451007,False,CNV_low_candidate
GSM8848584_CTATATCAGATGCCTCACAGACCT-1,GSM8848584,0,Prostate epithelial - AR high,0.11239504,True,CNV_high_candidate
GSM8848584_CTATATCAGTGCTGAGACAGACCT-1,GSM8848584,2,Steroidogenic-like,0.028697545,False,CNV_low_candidate
GSM8848584_CTATATCAGTTACAGAACAGACCT-1,GSM8848584,3,Endothelial,0.015747044,False,reference_like
GSM8848584_CTATCCGCAAGCTTTCACAGACCT-1,GSM8848584,2,Steroidogenic-like,0.06495025,False,CNV_low_candidate
GSM8848584_CTATCCGCACCAACAAACAGACCT-1,GSM8848584,2,Steroidogenic-like,0.089490786,False,CNV_low_candidate
GSM8848584_CTATCCGCACCATCCAACAGACCT-1,GSM8848584,0,Prostate epithelial - AR high,0.05258103,False,CNV_low_candidate
GSM8848584_CTATGAGCAAGGAATAACAGACCT-1,GSM8848584,4,Fibroblast,0.051086105,False,reference_like
GSM8848584_CTATGAGCATAGGCGTACAGACCT-1,GSM8848584,0,Prostate epithelial - AR high,0.042377025,False,CNV_low_candidate
GSM8848584_CTATGAGCATTTGTTGACAGACCT-1,GSM8848584,0,Prostate epithelial - AR high,0.124265,True,CNV_high_candidate
GSM8848584_CTATGCTCACCATCATACAGACCT-1,GSM8848584,2,Steroidogenic-like,0.056554586,False,CNV_low_candidate
GSM8848584_CTATGGCTCTTGAATCACAGACCT-1,GSM8848584,2,Steroidogenic-like,0.083228864,False,CNV_low_candidate
GSM8848584_CTATGGGAGTTACCTGACAGACCT-1,GSM8848584,0,Prostate epithelial - AR high,0.11738359,True,CNV_high_candidate
GSM8848584_CTATGTCCACTAACAGACAGACCT-1,GSM8848584,2,Steroidogenic-like,0.017349763,False,CNV_low_candidate
GSM8848584_CTATGTCCATCGAACAACAGACCT-1,GSM8848584,0,Prostate epithelial - AR high,0.12995815,True,CNV_high_candidate
GSM8848584_CTATGTTAGCGTGCTTACAGACCT-1,GSM8848584,1,Neuroendocrine-like,0.02827424,False,CNV_low_candidate
GSM8848584_CTATTAGGTAACCGCCACAGACCT-1,GSM8848584,0,Prostate epithelial - AR high,0.04886899,False,CNV_low_candidate
GSM8848584_CTATTAGGTCGAGGCAACAGACCT-1,GSM8848584,0,Prostate epithelial - AR high,0.0696383,False,CNV_low_candidate
GSM8848584_CTATTGGTCGACTTTGACAGACCT-1,GSM8848584,6,Macrophage,0.058422025,False,reference_like
GSM8848584_CTCAAATTCAATTTGCACAGACCT-1,GSM8848584,0,Prostate epithelial - AR high,0.13035189,True,CNV_high_candidate
GSM8848584_CTCAACATCAGCACGAACAGACCT-1,GSM8848584,6,Macrophage,0.032700464,False,reference_like
GSM8848584_CTCAACATCCCTCAAAACAGACCT-1,GSM8848584,2,Steroidogenic-like,0.105096154,True,CNV_high_candidate
GSM8848584_CTCAACATCCTAATCGACAGACCT-1,GSM8848584,0,Prostate epithelial - AR high,0.027274925,False,CNV_low_candidate
GSM8848584_CTCAACATCCTCACTTACAGACCT-1,GSM8848584,0,Prostate epithelial - AR high,0.03359164,False,CNV_low_candidate
GSM8848584_CTCAACATCGTGATTTACAGACCT-1,GSM8848584,0,Prostate epithelial - AR high,0.118801355,True,CNV_high_candidate
GSM8848584_CTCAAGACAAGTTAACACAGACCT-1,GSM8848584,2,Steroidogenic-like,0.090530075,False,CNV_low_candidate
GSM8848584_CTCAAGACACTATCACACAGACCT-1,GSM8848584,0,Prostate epithelial - AR high,0.101391256,True,CNV_high_candidate
GSM8848584_CTCAAGCTCACAGCCTACAGACCT-1,GSM8848584,2,Steroidogenic-like,0.03764779,False,CNV_low_candidate
GSM8848584_CTCAAGCTCACATTCGACAGACCT-1,GSM8848584,0,Prostate epithelial - AR high,0.024503378,False,CNV_low_candidate
GSM8848584_CTCAAGCTCACCTAATACAGACCT-1,GSM8848584,1,Neuroendocrine-like,0.014306701,False,CNV_low_candidate
GSM8848584_CTCAAGCTCAGGAGCCACAGACCT-1,GSM8848584,2,Steroidogenic-like,0.015751362,False,CNV_low_candidate
GSM8848584_CTCAAGCTCCATCCGGACAGACCT-1,GSM8848584,2,Steroidogenic-like,0.024649205,False,CNV_low_candidate
GSM8848584_CTCAAGCTCCTGATCAACAGACCT-1,GSM8848584,0,Prostate epithelial - AR high,0.14464192,True,CNV_high_candidate
GSM8848584_CTCAAGCTCGTTCAATACAGACCT-1,GSM8848584,1,Neuroendocrine-like,0.02300504,False,CNV_low_candidate
GSM8848584_CTCAATAGTAAGCGTAACAGACCT-1,GSM8848584,0,Prostate epithelial - AR high,0.08983909,False,CNV_low_candidate
GSM8848584_CTCAATAGTACTTAGCACAGACCT-1,GSM8848584,1,Neuroendocrine-like,0.04514938,False,CNV_low_candidate
GSM8848584_CTCAATAGTTAAGGATACAGACCT-1,GSM8848584,0,Prostate epithelial - AR high,0.14886074,True,CNV_high_candidate
GSM8848584_CTCACACAGATGAAGGACAGACCT-1,GSM8848584,4,Fibroblast,0.031530764,False,reference_like
GSM8848584_CTCACACAGATTCATCACAGACCT-1,GSM8848584,4,Fibroblast,0.098866805,False,reference_like
GSM8848584_CTCACACAGCAACTTTACAGACCT-1,GSM8848584,0,Prostate epithelial - AR high,0.12577076,True,CNV_high_candidate
GSM8848584_CTCACACAGGATGGTTACAGACCT-1,GSM8848584,2,Steroidogenic-like,0.1023247,True,CNV_high_candidate
GSM8848584_CTCACACAGGCAAGCCACAGACCT-1,GSM8848584,2,Steroidogenic-like,0.09125596,False,CNV_low_candidate
GSM8848584_CTCACACAGGCAGGCTACAGACCT-1,GSM8848584,3,Endothelial,0.11796358,True,reference_like
GSM8848584_CTCAGCTAGACTCAAAACAGACCT-1,GSM8848584,2,Steroidogenic-like,0.06386121,False,CNV_low_candidate
GSM8848584_CTCAGCTAGCTTACCAACAGACCT-1,GSM8848584,1,Neuroendocrine-like,0.03263817,False,CNV_low_candidate
GSM8848584_CTCAGGGCACTCAATCACAGACCT-1,GSM8848584,0,Prostate epithelial - AR high,0.03817966,False,CNV_low_candidate
GSM8848584_CTCATAAGTCGCAACCACAGACCT-1,GSM8848584,0,Prostate epithelial - AR high,0.07500504,False,CNV_low_candidate
GSM8848584_CTCATAAGTTGCTGTGACAGACCT-1,GSM8848584,3,Endothelial,0.02184425,False,reference_like
GSM8848584_CTCATGATCAAGCTCCACAGACCT-1,GSM8848584,1,Neuroendocrine-like,0.05133326,False,CNV_low_candidate
GSM8848584_CTCATGATCAGGCAATACAGACCT-1,GSM8848584,4,Fibroblast,0.019112404,False,reference_like
GSM8848584_CTCATGATCCTTTCGTACAGACCT-1,GSM8848584,2,Steroidogenic-like,0.098953485,False,CNV_low_candidate
GSM8848584_CTCATGATCTAGCGGAACAGACCT-1,GSM8848584,2,Steroidogenic-like,0.06701218,False,CNV_low_candidate
GSM8848584_CTCATGATCTGTGACCACAGACCT-1,GSM8848584,0,Prostate epithelial - AR high,0.12524527,True,CNV_high_candidate
GSM8848584_CTCATTACACTAAGCAACAGACCT-1,GSM8848584,1,Neuroendocrine-like,0.020987172,False,CNV_low_candidate
GSM8848584_CTCATTACAGGCGAAAACAGACCT-1,GSM8848584,2,Steroidogenic-like,0.06458095,False,CNV_low_candidate
GSM8848584_CTCCATCGTGAAGCACACAGACCT-1,GSM8848584,0,Prostate epithelial - AR high,0.025681613,False,CNV_low_candidate
GSM8848584_CTCCATCGTGCGCAAGACAGACCT-1,GSM8848584,2,Steroidogenic-like,0.06844676,False,CNV_low_candidate
GSM8848584_CTCGACTAGCAATCCCACAGACCT-1,GSM8848584,1,Neuroendocrine-like,0.028427145,False,CNV_low_candidate
GSM8848584_CTCGATCAGGGAGGATACAGACCT-1,GSM8848584,2,Steroidogenic-like,0.07219346,False,CNV_low_candidate
GSM8848584_CTCGATCAGTTTGAGAACAGACCT-1,GSM8848584,2,Steroidogenic-like,0.047922608,False,CNV_low_candidate
GSM8848584_CTCGATTCATACCTTAACAGACCT-1,GSM8848584,2,Steroidogenic-like,0.057593513,False,CNV_low_candidate
GSM8848584_CTCGCTTGTATTTCGAACAGACCT-1,GSM8848584,2,Steroidogenic-like,0.03439114,False,CNV_low_candidate
GSM8848584_CTCGCTTGTTTGTCAAACAGACCT-1,GSM8848584,0,Prostate epithelial - AR high,0.04150926,False,CNV_low_candidate
GSM8848584_CTCGTTAAGCGAGCTAACAGACCT-1,GSM8848584,0,Prostate epithelial - AR high,0.030559877,False,CNV_low_candidate
GSM8848584_CTCGTTAAGCTTGATTACAGACCT-1,GSM8848584,3,Endothelial,0.04108842,False,reference_like
GSM8848584_CTCGTTAAGTTATCCGACAGACCT-1,GSM8848584,2,Steroidogenic-like,0.038056437,False,CNV_low_candidate
GSM8848584_CTCTAACCATGCGCAGACAGACCT-1,GSM8848584,0,Prostate epithelial - AR high,0.038707018,False,CNV_low_candidate
GSM8848584_CTCTAACCATGTGGCGACAGACCT-1,GSM8848584,0,Prostate epithelial - AR high,0.104846984,True,CNV_high_candidate
GSM8848584_CTCTCAGCAATACTGGACAGACCT-1,GSM8848584,4,Fibroblast,0.051708303,False,reference_like
GSM8848584_CTCTCGACAGATAACTACAGACCT-1,GSM8848584,1,Neuroendocrine-like,0.065131344,False,CNV_low_candidate
GSM8848584_CTCTCGACATTTCGCGACAGACCT-1,GSM8848584,4,Fibroblast,0.028962657,False,reference_like
GSM8848584_CTGAATCGTCATCAGTACAGACCT-1,GSM8848584,2,Steroidogenic-like,0.065599054,False,CNV_low_candidate
GSM8848584_CTGAATGCAAATACCGACAGACCT-1,GSM8848584,6,Macrophage,0.023052204,False,reference_like
GSM8848584_CTGAATGCACCATCCAACAGACCT-1,GSM8848584,0,Prostate epithelial - AR high,0.06968617,False,CNV_low_candidate
GSM8848584_CTGAATGCACTAAGGCACAGACCT-1,GSM8848584,2,Steroidogenic-like,0.038437836,False,CNV_low_candidate
GSM8848584_CTGAATGCATCGTTCGACAGACCT-1,GSM8848584,2,Steroidogenic-like,0.038847636,False,CNV_low_candidate
GSM8848584_CTGACCAGTATTACCAACAGACCT-1,GSM8848584,4,Fibroblast,0.014186369,False,reference_like
GSM8848584_CTGACCAGTTTCAGGTACAGACCT-1,GSM8848584,1,Neuroendocrine-like,0.03909596,False,CNV_low_candidate
GSM8848584_CTGAGTCTCGGTTCCGACAGACCT-1,GSM8848584,0,Prostate epithelial - AR high,0.08109683,False,CNV_low_candidate
GSM8848584_CTGAGTCTCTGGAAACACAGACCT-1,GSM8848584,1,Neuroendocrine-like,0.034253567,False,CNV_low_candidate
GSM8848584_CTGATCCAGCTAGATAACAGACCT-1,GSM8848584,2,Steroidogenic-like,0.043425865,False,CNV_low_candidate
GSM8848584_CTGATCCAGTTTCGGCACAGACCT-1,GSM8848584,2,Steroidogenic-like,0.068504274,False,CNV_low_candidate
GSM8848584_CTGATTTAGCTTGATTACAGACCT-1,GSM8848584,4,Fibroblast,0.021770833,False,reference_like
GSM8848584_CTGATTTAGGTAATGCACAGACCT-1,GSM8848584,2,Steroidogenic-like,0.017022531,False,CNV_low_candidate
GSM8848584_CTGATTTAGTCAATGAACAGACCT-1,GSM8848584,0,Prostate epithelial - AR high,0.070008084,False,CNV_low_candidate
GSM8848584_CTGGCTGTCCTTAGATACAGACCT-1,GSM8848584,0,Prostate epithelial - AR high,0.061941214,False,CNV_low_candidate
GSM8848584_CTGGTCAGTTGCGCTAACAGACCT-1,GSM8848584,1,Neuroendocrine-like,0.023093516,False,CNV_low_candidate
GSM8848584_CTGGTGAAGCCTAGTCACAGACCT-1,GSM8848584,0,Prostate epithelial - AR high,0.07815118,False,CNV_low_candidate
GSM8848584_CTGGTGAAGGAACCGCACAGACCT-1,GSM8848584,4,Fibroblast,0.01969238,False,reference_like
GSM8848584_CTGTCATCAAGGAATAACAGACCT-1,GSM8848584,4,Fibroblast,0.09662336,False,reference_like
GSM8848584_CTGTGCAGTGCTGCACACAGACCT-1,GSM8848584,2,Steroidogenic-like,0.04237976,False,CNV_low_candidate
GSM8848584_CTGTGGCGTCAAAGATACAGACCT-1,GSM8848584,1,Neuroendocrine-like,0.06851835,False,CNV_low_candidate
GSM8848584_CTGTGGCGTGTGAGGTACAGACCT-1,GSM8848584,0,Prostate epithelial - AR high,0.07892457,False,CNV_low_candidate
GSM8848584_CTGTGTGGTCCTTATTACAGACCT-1,GSM8848584,2,Steroidogenic-like,0.07485355,False,CNV_low_candidate
GSM8848584_CTGTGTGGTTAGTCTAACAGACCT-1,GSM8848584,0,Prostate epithelial - AR high,0.03519691,False,CNV_low_candidate
GSM8848584_CTGTTGCAGCGCAAGCACAGACCT-1,GSM8848584,0,Prostate epithelial - AR high,0.0853651,False,CNV_low_candidate
GSM8848584_CTGTTTACACCTATCGACAGACCT-1,GSM8848584,3,Endothelial,0.019061888,False,reference_like
GSM8848584_CTTAACGTCAGGCATGACAGACCT-1,GSM8848584,0,Prostate epithelial - AR high,0.12003726,True,CNV_high_candidate
GSM8848584_CTTAAGGCACCTTTGGACAGACCT-1,GSM8848584,1,Neuroendocrine-like,0.043296624,False,CNV_low_candidate
GSM8848584_CTTAAGGCATAGCGACACAGACCT-1,GSM8848584,2,Steroidogenic-like,0.05749594,False,CNV_low_candidate
GSM8848584_CTTAAGGCATCGGGCAACAGACCT-1,GSM8848584,2,Steroidogenic-like,0.06183537,False,CNV_low_candidate
GSM8848584_CTTAAGTTCAAGGGCCACAGACCT-1,GSM8848584,2,Steroidogenic-like,0.035401378,False,CNV_low_candidate
GSM8848584_CTTAAGTTCCTAAGTTACAGACCT-1,GSM8848584,1,Neuroendocrine-like,0.08212459,False,CNV_low_candidate
GSM8848584_CTTAAGTTCGGGACTAACAGACCT-1,GSM8848584,1,Neuroendocrine-like,0.07264133,False,CNV_low_candidate
GSM8848584_CTTAATGGTACGTAAGACAGACCT-1,GSM8848584,1,Neuroendocrine-like,0.018284628,False,CNV_low_candidate
GSM8848584_CTTAATGGTTGGTTTAACAGACCT-1,GSM8848584,0,Prostate epithelial - AR high,0.080304004,False,CNV_low_candidate
GSM8848584_CTTACCGCACTAACTCACAGACCT-1,GSM8848584,0,Prostate epithelial - AR high,0.04649352,False,CNV_low_candidate
GSM8848584_CTTACCTTCGGGATGCACAGACCT-1,GSM8848584,2,Steroidogenic-like,0.06678618,False,CNV_low_candidate
GSM8848584_CTTACTGAGCAAGTTAACAGACCT-1,GSM8848584,4,Fibroblast,0.0772611,False,reference_like
GSM8848584_CTTACTGAGCGCTCCAACAGACCT-1,GSM8848584,1,Neuroendocrine-like,0.058771595,False,CNV_low_candidate
GSM8848584_CTTAGAAAGATTGCAAACAGACCT-1,GSM8848584,0,Prostate epithelial - AR high,0.039498296,False,CNV_low_candidate
GSM8848584_CTTAGAAAGTGGACCAACAGACCT-1,GSM8848584,2,Steroidogenic-like,0.07980245,False,CNV_low_candidate
GSM8848584_CTTAGCCAGCTGGACAACAGACCT-1,GSM8848584,1,Neuroendocrine-like,0.05760329,False,CNV_low_candidate
GSM8848584_CTTAGCGGTACGTTCGACAGACCT-1,GSM8848584,0,Prostate epithelial - AR high,0.0358889,False,CNV_low_candidate
GSM8848584_CTTAGCGGTATTTACGACAGACCT-1,GSM8848584,0,Prostate epithelial - AR high,0.06815905,False,CNV_low_candidate
GSM8848584_CTTAGCGGTGACCTTGACAGACCT-1,GSM8848584,5,T/NK lymphocyte,0.04132131,False,reference_like
GSM8848584_CTTAGCGGTGGTTCGCACAGACCT-1,GSM8848584,0,Prostate epithelial - AR high,0.09668872,False,CNV_low_candidate
GSM8848584_CTTAGCTCAGACTCAAACAGACCT-1,GSM8848584,0,Prostate epithelial - AR high,0.13602269,True,CNV_high_candidate
GSM8848584_CTTAGTAGTAACCTTAACAGACCT-1,GSM8848584,2,Steroidogenic-like,0.073450655,False,CNV_low_candidate
GSM8848584_CTTAGTCCATTCAGGAACAGACCT-1,GSM8848584,1,Neuroendocrine-like,0.079466134,False,CNV_low_candidate
GSM8848584_CTTAGTGTCACTTCGAACAGACCT-1,GSM8848584,4,Fibroblast,0.023777807,False,reference_like
GSM8848584_CTTAGTGTCGAACCTCACAGACCT-1,GSM8848584,2,Steroidogenic-like,0.029997157,False,CNV_low_candidate
GSM8848584_CTTAGTGTCTTAATGCACAGACCT-1,GSM8848584,4,Fibroblast,0.071993805,False,reference_like
GSM8848584_CTTATGTAGTAAGCACACAGACCT-1,GSM8848584,0,Prostate epithelial - AR high,0.08443339,False,CNV_low_candidate
GSM8848584_CTTATGTAGTCTAATCACAGACCT-1,GSM8848584,2,Steroidogenic-like,0.055762492,False,CNV_low_candidate
GSM8848584_CTTCCTCCAAGGGTCTACAGACCT-1,GSM8848584,0,Prostate epithelial - AR high,0.04624122,False,CNV_low_candidate
GSM8848584_CTTCCTCCATCAAGCAACAGACCT-1,GSM8848584,2,Steroidogenic-like,0.06381036,False,CNV_low_candidate
GSM8848584_CTTCGAATCGGTAACGACAGACCT-1,GSM8848584,2,Steroidogenic-like,0.055594895,False,CNV_low_candidate
GSM8848584_CTTCGCCTCGACTTGCACAGACCT-1,GSM8848584,1,Neuroendocrine-like,0.019791074,False,CNV_low_candidate
GSM8848584_CTTGAACGTAGCCACCACAGACCT-1,GSM8848584,3,Endothelial,0.02456844,False,reference_like
GSM8848584_CTTGACTCAATAGCTGACAGACCT-1,GSM8848584,4,Fibroblast,0.026593566,False,reference_like
GSM8848584_CTTGACTCATATTTCGACAGACCT-1,GSM8848584,2,Steroidogenic-like,0.05844202,False,CNV_low_candidate
GSM8848584_CTTGAGGAGATGGATCACAGACCT-1,GSM8848584,0,Prostate epithelial - AR high,0.106486276,True,CNV_high_candidate
GSM8848584_CTTGATTAGGTTTCCAACAGACCT-1,GSM8848584,1,Neuroendocrine-like,0.025204439,False,CNV_low_candidate
GSM8848584_CTTGCACAGTACCAGGACAGACCT-1,GSM8848584,2,Steroidogenic-like,0.07476754,False,CNV_low_candidate
GSM8848584_CTTGCACAGTTATCCGACAGACCT-1,GSM8848584,6,Macrophage,0.015945185,False,reference_like
GSM8848584_CTTGCGCCAGCTGCTCACAGACCT-1,GSM8848584,1,Neuroendocrine-like,0.084832475,False,CNV_low_candidate
GSM8848584_CTTGGTTCACCTTACGACAGACCT-1,GSM8848584,0,Prostate epithelial - AR high,0.14331432,True,CNV_high_candidate
GSM8848584_CTTGGTTCATCACTCGACAGACCT-1,GSM8848584,0,Prostate epithelial - AR high,0.041492727,False,CNV_low_candidate
GSM8848584_CTTGTGATCAGTTTACACAGACCT-1,GSM8848584,0,Prostate epithelial - AR high,0.08200266,False,CNV_low_candidate
GSM8848584_CTTGTGATCTAAATCCACAGACCT-1,GSM8848584,1,Neuroendocrine-like,0.041236203,False,CNV_low_candidate
GSM8848584_CTTGTGATCTAGCGGAACAGACCT-1,GSM8848584,4,Fibroblast,0.03397793,False,reference_like
GSM8848584_CTTGTGTCATATAGGTACAGACCT-1,GSM8848584,4,Fibroblast,0.06768002,False,reference_like
GSM8848584_CTTGTGTCATGGCCGAACAGACCT-1,GSM8848584,2,Steroidogenic-like,0.06328984,False,CNV_low_candidate
GSM8848584_CTTGTGTCATTGGACAACAGACCT-1,GSM8848584,3,Endothelial,0.031321846,False,reference_like
GSM8848584_CTTTAACAGCAGCTAGACAGACCT-1,GSM8848584,0,Prostate epithelial - AR high,0.07467587,False,CNV_low_candidate
GSM8848584_CTTTAACAGTTACCCAACAGACCT-1,GSM8848584,1,Neuroendocrine-like,0.04647353,False,CNV_low_candidate
GSM8848584_CTTTAAGGTACTTCCCACAGACCT-1,GSM8848584,1,Neuroendocrine-like,0.026072431,False,CNV_low_candidate
GSM8848584_CTTTAAGGTAGGAGGAACAGACCT-1,GSM8848584,0,Prostate epithelial - AR high,0.07170441,False,CNV_low_candidate
GSM8848584_CTTTAAGGTTAGTGCTACAGACCT-1,GSM8848584,2,Steroidogenic-like,0.033900853,False,CNV_low_candidate
GSM8848584_CTTTAGGTCATAGGTAACAGACCT-1,GSM8848584,1,Neuroendocrine-like,0.029993925,False,CNV_low_candidate
GSM8848584_CTTTAGGTCCCTCGCTACAGACCT-1,GSM8848584,0,Prostate epithelial - AR high,0.027434075,False,CNV_low_candidate
GSM8848584_CTTTAGGTCGTTAACTACAGACCT-1,GSM8848584,0,Prostate epithelial - AR high,0.059241462,False,CNV_low_candidate
GSM8848584_CTTTAGTAGCAAATTGACAGACCT-1,GSM8848584,0,Prostate epithelial - AR high,0.032876592,False,CNV_low_candidate
GSM8848584_CTTTAGTAGCGCTTACACAGACCT-1,GSM8848584,3,Endothelial,0.03208817,False,reference_like
GSM8848584_CTTTAGTAGGCACTAGACAGACCT-1,GSM8848584,2,Steroidogenic-like,0.060113493,False,CNV_low_candidate
GSM8848584_CTTTAGTAGTGATGGTACAGACCT-1,GSM8848584,0,Prostate epithelial - AR high,0.08850705,False,CNV_low_candidate
GSM8848584_CTTTCATGTAGCGCGAACAGACCT-1,GSM8848584,1,Neuroendocrine-like,0.018785207,False,CNV_low_candidate
GSM8848584_CTTTCATGTGGCGTAGACAGACCT-1,GSM8848584,0,Prostate epithelial - AR high,0.12098167,True,CNV_high_candidate
GSM8848584_CTTTCGTTCTAAATCCACAGACCT-1,GSM8848584,0,Prostate epithelial - AR high,0.055952404,False,CNV_low_candidate
GSM8848584_CTTTCTATCCGCCCAAACAGACCT-1,GSM8848584,4,Fibroblast,0.030645072,False,reference_like
GSM8848584_CTTTCTATCTGGAAACACAGACCT-1,GSM8848584,2,Steroidogenic-like,0.090018384,False,CNV_low_candidate
GSM8848584_CTTTGGATCCAAATAGACAGACCT-1,GSM8848584,0,Prostate epithelial - AR high,0.035484437,False,CNV_low_candidate
GSM8848584_CTTTGGATCCTCTAAGACAGACCT-1,GSM8848584,2,Steroidogenic-like,0.07587804,False,CNV_low_candidate
GSM8848584_CTTTGGATCGCGCATTACAGACCT-1,GSM8848584,1,Neuroendocrine-like,0.02554888,False,CNV_low_candidate
GSM8848584_CTTTGGATCTGGCCATACAGACCT-1,GSM8848584,0,Prostate epithelial - AR high,0.07373194,False,CNV_low_candidate
GSM8848584_CTTTGGTCACATAGTGACAGACCT-1,GSM8848584,1,Neuroendocrine-like,0.028296338,False,CNV_low_candidate
GSM8848584_CTTTGGTCATGAGTCAACAGACCT-1,GSM8848584,4,Fibroblast,0.062852375,False,reference_like
GSM8848584_GAAATACGTTGTTTAGACAGACCT-1,GSM8848584,2,Steroidogenic-like,0.024206985,False,CNV_low_candidate
GSM8848584_GAACAATGTGCACAAAACAGACCT-1,GSM8848584,2,Steroidogenic-like,0.05291291,False,CNV_low_candidate
GSM8848584_GAACAATGTTTCGCCTACAGACCT-1,GSM8848584,0,Prostate epithelial - AR high,0.14328949,True,CNV_high_candidate
GSM8848584_GAACGAAAGATTCATCACAGACCT-1,GSM8848584,0,Prostate epithelial - AR high,0.08323175,False,CNV_low_candidate
GSM8848584_GAACGGCTCAGTTAGAACAGACCT-1,GSM8848584,0,Prostate epithelial - AR high,0.05307039,False,CNV_low_candidate
GSM8848584_GAACTTAAGATGATTGACAGACCT-1,GSM8848584,0,Prostate epithelial - AR high,0.045811735,False,CNV_low_candidate
GSM8848584_GAACTTAAGGACAAGAACAGACCT-1,GSM8848584,0,Prostate epithelial - AR high,0.06744634,False,CNV_low_candidate
GSM8848584_GAACTTGCACAGGCTGACAGACCT-1,GSM8848584,4,Fibroblast,0.029785382,False,reference_like
GSM8848584_GAAGAATAGTTTGACTACAGACCT-1,GSM8848584,2,Steroidogenic-like,0.031820767,False,CNV_low_candidate
GSM8848584_GAAGCACGTCTCACTCACAGACCT-1,GSM8848584,2,Steroidogenic-like,0.058006234,False,CNV_low_candidate
GSM8848584_GAAGCACGTCTCAGCAACAGACCT-1,GSM8848584,0,Prostate epithelial - AR high,0.030009622,False,CNV_low_candidate
GSM8848584_GAAGCCATCAATTTGCACAGACCT-1,GSM8848584,4,Fibroblast,0.015682926,False,reference_like
GSM8848584_GAAGCCATCCAAATTCACAGACCT-1,GSM8848584,0,Prostate epithelial - AR high,0.045511946,False,CNV_low_candidate
GSM8848584_GAAGCCATCCCTCGTCACAGACCT-1,GSM8848584,2,Steroidogenic-like,0.07129004,False,CNV_low_candidate
GSM8848584_GAAGCCATCCTGGAAGACAGACCT-1,GSM8848584,2,Steroidogenic-like,0.055039715,False,CNV_low_candidate
GSM8848584_GAAGCCATCCTTGTTCACAGACCT-1,GSM8848584,0,Prostate epithelial - AR high,0.07398994,False,CNV_low_candidate
GSM8848584_GAAGCCATCGCAGGACACAGACCT-1,GSM8848584,1,Neuroendocrine-like,0.079527535,False,CNV_low_candidate
GSM8848584_GAAGCCATCTCAAACTACAGACCT-1,GSM8848584,0,Prostate epithelial - AR high,0.032994308,False,CNV_low_candidate
GSM8848584_GAAGGATCACCTAAAGACAGACCT-1,GSM8848584,2,Steroidogenic-like,0.031626504,False,CNV_low_candidate
GSM8848584_GAAGGATCATAGACGCACAGACCT-1,GSM8848584,0,Prostate epithelial - AR high,0.134902,True,CNV_high_candidate
GSM8848584_GAAGGCTGTACAAAGTACAGACCT-1,GSM8848584,0,Prostate epithelial - AR high,0.09807075,False,CNV_low_candidate
GSM8848584_GAAGGCTGTCACTATAACAGACCT-1,GSM8848584,2,Steroidogenic-like,0.030632257,False,CNV_low_candidate
GSM8848584_GAAGGCTGTGACCTTGACAGACCT-1,GSM8848584,0,Prostate epithelial - AR high,0.11862736,True,CNV_high_candidate
GSM8848584_GAAGGCTGTTGTCAGTACAGACCT-1,GSM8848584,4,Fibroblast,0.06185601,False,reference_like
GSM8848584_GAAGGCTGTTTCCACCACAGACCT-1,GSM8848584,2,Steroidogenic-like,0.07010736,False,CNV_low_candidate
GSM8848584_GAAGGGTAGACGCATGACAGACCT-1,GSM8848584,4,Fibroblast,0.032611076,False,reference_like
GSM8848584_GAAGGGTAGCCATTTGACAGACCT-1,GSM8848584,1,Neuroendocrine-like,0.07837426,False,CNV_low_candidate
GSM8848584_GAAGGGTAGGTTAGTAACAGACCT-1,GSM8848584,0,Prostate epithelial - AR high,0.13153027,True,CNV_high_candidate
GSM8848584_GAAGTATGTGACATGAACAGACCT-1,GSM8848584,1,Neuroendocrine-like,0.06039781,False,CNV_low_candidate
GSM8848584_GAAGTATGTTATGTGCACAGACCT-1,GSM8848584,0,Prostate epithelial - AR high,0.030522328,False,CNV_low_candidate
GSM8848584_GAATAACGTGCGGTTCACAGACCT-1,GSM8848584,1,Neuroendocrine-like,0.019821798,False,CNV_low_candidate
GSM8848584_GAATCGAGTATGGTCTACAGACCT-1,GSM8848584,2,Steroidogenic-like,0.044751924,False,CNV_low_candidate
GSM8848584_GAATCGAGTATTCGGTACAGACCT-1,GSM8848584,1,Neuroendocrine-like,0.027489608,False,CNV_low_candidate
GSM8848584_GAATCTAAGAATGGGAACAGACCT-1,GSM8848584,3,Endothelial,0.034364387,False,reference_like
GSM8848584_GAATCTAAGACGCATGACAGACCT-1,GSM8848584,2,Steroidogenic-like,0.024954235,False,CNV_low_candidate
GSM8848584_GAATCTAAGGTAGTTAACAGACCT-1,GSM8848584,1,Neuroendocrine-like,0.028535292,False,CNV_low_candidate
GSM8848584_GAATGACTCACTCGCGACAGACCT-1,GSM8848584,0,Prostate epithelial - AR high,0.104690306,True,CNV_high_candidate
GSM8848584_GAATGCGTCAAAGGCTACAGACCT-1,GSM8848584,2,Steroidogenic-like,0.042574953,False,CNV_low_candidate
GSM8848584_GAATGGTTCCTTTCTAACAGACCT-1,GSM8848584,2,Steroidogenic-like,0.024027731,False,CNV_low_candidate
GSM8848584_GAATGTCAGGTTAGGTACAGACCT-1,GSM8848584,2,Steroidogenic-like,0.045914665,False,CNV_low_candidate
GSM8848584_GACAAACTCAGGCAATACAGACCT-1,GSM8848584,0,Prostate epithelial - AR high,0.082055695,False,CNV_low_candidate
GSM8848584_GACAAACTCTGTCAGCACAGACCT-1,GSM8848584,0,Prostate epithelial - AR high,0.03765332,False,CNV_low_candidate
GSM8848584_GACAACTAGGTAGTTAACAGACCT-1,GSM8848584,4,Fibroblast,0.011960162,False,reference_like
GSM8848584_GACAACTAGTATGGGTACAGACCT-1,GSM8848584,0,Prostate epithelial - AR high,0.036976017,False,CNV_low_candidate
GSM8848584_GACAATATCATCGATTACAGACCT-1,GSM8848584,2,Steroidogenic-like,0.054470986,False,CNV_low_candidate
GSM8848584_GACAATATCCCTCATTACAGACCT-1,GSM8848584,2,Steroidogenic-like,0.06765409,False,CNV_low_candidate
GSM8848584_GACAATATCTATGGCCACAGACCT-1,GSM8848584,0,Prostate epithelial - AR high,0.04074848,False,CNV_low_candidate
GSM8848584_GACAGGCTCATTAGCTACAGACCT-1,GSM8848584,1,Neuroendocrine-like,0.08140051,False,CNV_low_candidate
GSM8848584_GACAGGGAGAGGCGTCACAGACCT-1,GSM8848584,3,Endothelial,0.045854144,False,reference_like
GSM8848584_GACAGGGAGGGCCTTTACAGACCT-1,GSM8848584,2,Steroidogenic-like,0.07938122,False,CNV_low_candidate
GSM8848584_GACAGGGAGGTAATGCACAGACCT-1,GSM8848584,1,Neuroendocrine-like,0.057897042,False,CNV_low_candidate
GSM8848584_GACAGTTAGAAACTCAACAGACCT-1,GSM8848584,2,Steroidogenic-like,0.09979674,True,CNV_high_candidate
GSM8848584_GACAGTTAGTTGGCCTACAGACCT-1,GSM8848584,1,Neuroendocrine-like,0.038605712,False,CNV_low_candidate
GSM8848584_GACATAATCAGCGAATACAGACCT-1,GSM8848584,1,Neuroendocrine-like,0.043462623,False,CNV_low_candidate
GSM8848584_GACATCCTCAGGCCAAACAGACCT-1,GSM8848584,0,Prostate epithelial - AR high,0.15022235,True,CNV_high_candidate
GSM8848584_GACATCCTCATTGTACACAGACCT-1,GSM8848584,2,Steroidogenic-like,0.08250358,False,CNV_low_candidate
GSM8848584_GACATCCTCCAAACAAACAGACCT-1,GSM8848584,4,Fibroblast,0.1188944,True,reference_like
GSM8848584_GACATCCTCTCAAACTACAGACCT-1,GSM8848584,1,Neuroendocrine-like,0.065593116,False,CNV_low_candidate
GSM8848584_GACATGCCATTGCCGCACAGACCT-1,GSM8848584,0,Prostate epithelial - AR high,0.041350696,False,CNV_low_candidate
GSM8848584_GACATTAAGAGGCGTCACAGACCT-1,GSM8848584,0,Prostate epithelial - AR high,0.032667246,False,CNV_low_candidate
GSM8848584_GACATTAAGGATCCAGACAGACCT-1,GSM8848584,1,Neuroendocrine-like,0.02212378,False,CNV_low_candidate
GSM8848584_GACATTCGTCGTAACTACAGACCT-1,GSM8848584,0,Prostate epithelial - AR high,0.038473286,False,CNV_low_candidate
GSM8848584_GACATTCGTGCGCAAGACAGACCT-1,GSM8848584,2,Steroidogenic-like,0.050601773,False,CNV_low_candidate
GSM8848584_GACATTCGTTTCACCCACAGACCT-1,GSM8848584,0,Prostate epithelial - AR high,0.09837235,False,CNV_low_candidate
GSM8848584_GACATTGCAAACCCAAACAGACCT-1,GSM8848584,0,Prostate epithelial - AR high,0.037369486,False,CNV_low_candidate
GSM8848584_GACATTGCATATTTCGACAGACCT-1,GSM8848584,1,Neuroendocrine-like,0.07972798,False,CNV_low_candidate
GSM8848584_GACATTGCATCAGGACACAGACCT-1,GSM8848584,0,Prostate epithelial - AR high,0.032684453,False,CNV_low_candidate
GSM8848584_GACCAAGTCACCATATACAGACCT-1,GSM8848584,0,Prostate epithelial - AR high,0.07710786,False,CNV_low_candidate
GSM8848584_GACCAATAGACCAGGCACAGACCT-1,GSM8848584,2,Steroidogenic-like,0.07697156,False,CNV_low_candidate
GSM8848584_GACCAATAGCGTGCTTACAGACCT-1,GSM8848584,1,Neuroendocrine-like,0.021094993,False,CNV_low_candidate
GSM8848584_GACCAATAGGCGAGAGACAGACCT-1,GSM8848584,2,Steroidogenic-like,0.08920564,False,CNV_low_candidate
GSM8848584_GACCAATAGTGAATCAACAGACCT-1,GSM8848584,0,Prostate epithelial - AR high,0.042878207,False,CNV_low_candidate
GSM8848584_GACCAATAGTGAGTCGACAGACCT-1,GSM8848584,4,Fibroblast,0.027360506,False,reference_like
GSM8848584_GACCAGGGTAGTTGTCACAGACCT-1,GSM8848584,3,Endothelial,0.065671474,False,reference_like
GSM8848584_GACCAGGGTCAACAAGACAGACCT-1,GSM8848584,0,Prostate epithelial - AR high,0.046032466,False,CNV_low_candidate
GSM8848584_GACCAGGGTGATTACCACAGACCT-1,GSM8848584,2,Steroidogenic-like,0.07368069,False,CNV_low_candidate
GSM8848584_GACCCAAAGCCTTAATACAGACCT-1,GSM8848584,0,Prostate epithelial - AR high,0.12513146,True,CNV_high_candidate
GSM8848584_GACCCAAAGGCGGATCACAGACCT-1,GSM8848584,3,Endothelial,0.072858565,False,reference_like
GSM8848584_GACCCAAAGGTGAGGGACAGACCT-1,GSM8848584,6,Macrophage,0.021537427,False,reference_like
GSM8848584_GACCCAAAGTCAATAGACAGACCT-1,GSM8848584,0,Prostate epithelial - AR high,0.041566357,False,CNV_low_candidate
GSM8848584_GACCGTGCACCTTACGACAGACCT-1,GSM8848584,1,Neuroendocrine-like,0.032981068,False,CNV_low_candidate
GSM8848584_GACCTCAGTGCATCGCACAGACCT-1,GSM8848584,4,Fibroblast,0.110986345,True,reference_like
GSM8848584_GACCTCAGTTAACGTCACAGACCT-1,GSM8848584,2,Steroidogenic-like,0.09333311,False,CNV_low_candidate
GSM8848584_GACCTCAGTTAATCCAACAGACCT-1,GSM8848584,0,Prostate epithelial - AR high,0.03363408,False,CNV_low_candidate
GSM8848584_GACCTCAGTTCTTACTACAGACCT-1,GSM8848584,4,Fibroblast,0.1102025,True,reference_like
GSM8848584_GACCTTCAGACGCATGACAGACCT-1,GSM8848584,2,Steroidogenic-like,0.07405054,False,CNV_low_candidate
GSM8848584_GACCTTCAGACTAATGACAGACCT-1,GSM8848584,0,Prostate epithelial - AR high,0.046674468,False,CNV_low_candidate
GSM8848584_GACCTTCAGCGAGCTAACAGACCT-1,GSM8848584,1,Neuroendocrine-like,0.06919167,False,CNV_low_candidate
GSM8848584_GACCTTCAGGATTATGACAGACCT-1,GSM8848584,0,Prostate epithelial - AR high,0.12258185,True,CNV_high_candidate
GSM8848584_GACCTTCAGGCGATATACAGACCT-1,GSM8848584,2,Steroidogenic-like,0.075566314,False,CNV_low_candidate
GSM8848584_GACGAGGAGACCTTTGACAGACCT-1,GSM8848584,1,Neuroendocrine-like,0.08346371,False,CNV_low_candidate
GSM8848584_GACGCAATCACGTTATACAGACCT-1,GSM8848584,2,Steroidogenic-like,0.071134165,False,CNV_low_candidate
GSM8848584_GACGCAATCGGTAACGACAGACCT-1,GSM8848584,0,Prostate epithelial - AR high,0.048368827,False,CNV_low_candidate
GSM8848584_GACGCAATCGTCAACCACAGACCT-1,GSM8848584,4,Fibroblast,0.027372591,False,reference_like
GSM8848584_GACGCAATCGTCCATAACAGACCT-1,GSM8848584,2,Steroidogenic-like,0.04452626,False,CNV_low_candidate
GSM8848584_GACGCAATCTGTGATTACAGACCT-1,GSM8848584,0,Prostate epithelial - AR high,0.07309828,False,CNV_low_candidate
GSM8848584_GACTAAATCCAATTACACAGACCT-1,GSM8848584,4,Fibroblast,0.05901855,False,reference_like
GSM8848584_GACTAAATCGCTTCAAACAGACCT-1,GSM8848584,4,Fibroblast,0.073561065,False,reference_like
GSM8848584_GACTAACAGCAGGCTAACAGACCT-1,GSM8848584,0,Prostate epithelial - AR high,0.089781225,False,CNV_low_candidate
GSM8848584_GACTAACAGGATTATGACAGACCT-1,GSM8848584,5,T/NK lymphocyte,0.03019045,False,reference_like
GSM8848584_GACTAACAGGCTAGATACAGACCT-1,GSM8848584,2,Steroidogenic-like,0.05650783,False,CNV_low_candidate
GSM8848584_GACTAACAGGTTCGAGACAGACCT-1,GSM8848584,6,Macrophage,0.04847671,False,reference_like
GSM8848584_GACTAAGGTCAAAGATACAGACCT-1,GSM8848584,0,Prostate epithelial - AR high,0.03599781,False,CNV_low_candidate
GSM8848584_GACTAAGGTCACAGGGACAGACCT-1,GSM8848584,2,Steroidogenic-like,0.058752514,False,CNV_low_candidate
GSM8848584_GACTAAGGTTCGATGTACAGACCT-1,GSM8848584,2,Steroidogenic-like,0.05077546,False,CNV_low_candidate
GSM8848584_GACTAAGGTTGGAGCGACAGACCT-1,GSM8848584,6,Macrophage,0.060722057,False,reference_like
GSM8848584_GACTAGTAGCTAAACAACAGACCT-1,GSM8848584,2,Steroidogenic-like,0.06578723,False,CNV_low_candidate
GSM8848584_GACTAGTAGGCCAACAACAGACCT-1,GSM8848584,0,Prostate epithelial - AR high,0.04511505,False,CNV_low_candidate
GSM8848584_GACTAGTAGGCTTAGGACAGACCT-1,GSM8848584,2,Steroidogenic-like,0.058119666,False,CNV_low_candidate
GSM8848584_GACTGAGTCCTTGAGCACAGACCT-1,GSM8848584,6,Macrophage,0.018154735,False,reference_like
GSM8848584_GACTGAGTCGACCGTTACAGACCT-1,GSM8848584,2,Steroidogenic-like,0.08874069,False,CNV_low_candidate
GSM8848584_GACTTAAAGCCCTTGGACAGACCT-1,GSM8848584,1,Neuroendocrine-like,0.022503912,False,CNV_low_candidate
GSM8848584_GACTTAAAGCGAAGAAACAGACCT-1,GSM8848584,0,Prostate epithelial - AR high,0.026994638,False,CNV_low_candidate
GSM8848584_GACTTAAAGTACCAGGACAGACCT-1,GSM8848584,2,Steroidogenic-like,0.057727613,False,CNV_low_candidate
GSM8848584_GACTTACGTTGTTGTAACAGACCT-1,GSM8848584,0,Prostate epithelial - AR high,0.036482453,False,CNV_low_candidate
GSM8848584_GACTTCGGTGTGAGTAACAGACCT-1,GSM8848584,3,Endothelial,0.028513204,False,reference_like
GSM8848584_GACTTGCTCGCCACATACAGACCT-1,GSM8848584,4,Fibroblast,0.021532126,False,reference_like
GSM8848584_GACTTGCTCTGTGCACACAGACCT-1,GSM8848584,4,Fibroblast,0.051589742,False,reference_like
GSM8848584_GACTTTGTCCAAATTCACAGACCT-1,GSM8848584,0,Prostate epithelial - AR high,0.08864805,False,CNV_low_candidate
GSM8848584_GACTTTGTCGCACACTACAGACCT-1,GSM8848584,0,Prostate epithelial - AR high,0.057366304,False,CNV_low_candidate
GSM8848584_GACTTTGTCGTGATTTACAGACCT-1,GSM8848584,1,Neuroendocrine-like,0.029931566,False,CNV_low_candidate
GSM8848584_GAGACCCAGATGATTGACAGACCT-1,GSM8848584,1,Neuroendocrine-like,0.078718334,False,CNV_low_candidate
GSM8848584_GAGATACTCATTAGCTACAGACCT-1,GSM8848584,2,Steroidogenic-like,0.065079406,False,CNV_low_candidate
GSM8848584_GAGCAAGCAAGATAAGACAGACCT-1,GSM8848584,1,Neuroendocrine-like,0.037901137,False,CNV_low_candidate
GSM8848584_GAGCATGTCATCGATTACAGACCT-1,GSM8848584,0,Prostate epithelial - AR high,0.03664723,False,CNV_low_candidate
GSM8848584_GAGCATGTCATTAGTCACAGACCT-1,GSM8848584,2,Steroidogenic-like,0.10911216,True,CNV_high_candidate
GSM8848584_GAGCATGTCCCGCTGAACAGACCT-1,GSM8848584,2,Steroidogenic-like,0.09769168,False,CNV_low_candidate
GSM8848584_GAGCATGTCTCAGCACACAGACCT-1,GSM8848584,1,Neuroendocrine-like,0.041347645,False,CNV_low_candidate
GSM8848584_GAGCCTGCATCAAGTGACAGACCT-1,GSM8848584,2,Steroidogenic-like,0.05779163,False,CNV_low_candidate
GSM8848584_GAGCTAGTCACTATACACAGACCT-1,GSM8848584,3,Endothelial,0.06921031,False,reference_like
GSM8848584_GAGCTATAGAATGGGAACAGACCT-1,GSM8848584,0,Prostate epithelial - AR high,0.121198446,True,CNV_high_candidate
GSM8848584_GAGCTATAGGCGCAGTACAGACCT-1,GSM8848584,2,Steroidogenic-like,0.06321428,False,CNV_low_candidate
GSM8848584_GAGCTATAGGTCACTCACAGACCT-1,GSM8848584,0,Prostate epithelial - AR high,0.05210325,False,CNV_low_candidate
GSM8848584_GAGCTGGGTCTAACCGACAGACCT-1,GSM8848584,6,Macrophage,0.062991984,False,reference_like
GSM8848584_GAGCTTGAGCCACTCGACAGACCT-1,GSM8848584,0,Prostate epithelial - AR high,0.030254042,False,CNV_low_candidate
GSM8848584_GAGCTTTGTTTGGCCAACAGACCT-1,GSM8848584,2,Steroidogenic-like,0.034291584,False,CNV_low_candidate
GSM8848584_GAGGAGTAGTTACACTACAGACCT-1,GSM8848584,2,Steroidogenic-like,0.028816221,False,CNV_low_candidate
GSM8848584_GAGGATGCAATCTCTAACAGACCT-1,GSM8848584,1,Neuroendocrine-like,0.052242465,False,CNV_low_candidate
GSM8848584_GAGGATGCACGGTACGACAGACCT-1,GSM8848584,0,Prostate epithelial - AR high,0.04076767,False,CNV_low_candidate
GSM8848584_GAGGATGCAGGTATTGACAGACCT-1,GSM8848584,0,Prostate epithelial - AR high,0.08726385,False,CNV_low_candidate
GSM8848584_GAGGGAGTCGGTCAAGACAGACCT-1,GSM8848584,1,Neuroendocrine-like,0.048437584,False,CNV_low_candidate
GSM8848584_GAGGTCCAGTACCCACACAGACCT-1,GSM8848584,0,Prostate epithelial - AR high,0.035758782,False,CNV_low_candidate
GSM8848584_GAGGTTTAGACTCAAAACAGACCT-1,GSM8848584,2,Steroidogenic-like,0.04461045,False,CNV_low_candidate
GSM8848584_GAGGTTTAGCTCGATCACAGACCT-1,GSM8848584,3,Endothelial,0.061071422,False,reference_like
GSM8848584_GAGGTTTAGTTAGGGTACAGACCT-1,GSM8848584,2,Steroidogenic-like,0.031736642,False,CNV_low_candidate
GSM8848584_GAGTAACTCGGTAACGACAGACCT-1,GSM8848584,1,Neuroendocrine-like,0.023592524,False,CNV_low_candidate
GSM8848584_GAGTAATGTGCCCTTTACAGACCT-1,GSM8848584,0,Prostate epithelial - AR high,0.06515968,False,CNV_low_candidate
GSM8848584_GAGTGACGTACGCACCACAGACCT-1,GSM8848584,6,Macrophage,0.035530847,False,reference_like
GSM8848584_GAGTGACGTCCACAATACAGACCT-1,GSM8848584,2,Steroidogenic-like,0.034826227,False,CNV_low_candidate
GSM8848584_GAGTGCGGTTGCCTGAACAGACCT-1,GSM8848584,6,Macrophage,0.049149565,False,reference_like
GSM8848584_GAGTTACAGCAGGCTAACAGACCT-1,GSM8848584,1,Neuroendocrine-like,0.025271226,False,CNV_low_candidate
GSM8848584_GAGTTACAGGGTTGGCACAGACCT-1,GSM8848584,2,Steroidogenic-like,0.055679098,False,CNV_low_candidate
GSM8848584_GATAAAGCAGGTATTGACAGACCT-1,GSM8848584,3,Endothelial,0.031528007,False,reference_like
GSM8848584_GATAAAGCATCAATCCACAGACCT-1,GSM8848584,2,Steroidogenic-like,0.091717616,False,CNV_low_candidate
GSM8848584_GATAAAGCATCATAGGACAGACCT-1,GSM8848584,0,Prostate epithelial - AR high,0.033840004,False,CNV_low_candidate
GSM8848584_GATAGGTTCACCATATACAGACCT-1,GSM8848584,2,Steroidogenic-like,0.059134454,False,CNV_low_candidate
GSM8848584_GATAGGTTCAGCCTTAACAGACCT-1,GSM8848584,0,Prostate epithelial - AR high,0.085864596,False,CNV_low_candidate
GSM8848584_GATATGATCCCGCTGAACAGACCT-1,GSM8848584,0,Prostate epithelial - AR high,0.07283956,False,CNV_low_candidate
GSM8848584_GATATGATCCTTTGTCACAGACCT-1,GSM8848584,0,Prostate epithelial - AR high,0.13345142,True,CNV_high_candidate
GSM8848584_GATATGATCGTCCATAACAGACCT-1,GSM8848584,0,Prostate epithelial - AR high,0.12031808,True,CNV_high_candidate
GSM8848584_GATCAAATCAATGGGTACAGACCT-1,GSM8848584,2,Steroidogenic-like,0.029931836,False,CNV_low_candidate
GSM8848584_GATCAAATCAGGCAATACAGACCT-1,GSM8848584,1,Neuroendocrine-like,0.022569105,False,CNV_low_candidate
GSM8848584_GATCAAATCCTTATGGACAGACCT-1,GSM8848584,1,Neuroendocrine-like,0.019379092,False,CNV_low_candidate
GSM8848584_GATCAATCAAGGCTTAACAGACCT-1,GSM8848584,2,Steroidogenic-like,0.033699006,False,CNV_low_candidate
GSM8848584_GATCAATCAGCCCTTAACAGACCT-1,GSM8848584,2,Steroidogenic-like,0.04715688,False,CNV_low_candidate
GSM8848584_GATCAATCATGAGGGAACAGACCT-1,GSM8848584,2,Steroidogenic-like,0.056595236,False,CNV_low_candidate
GSM8848584_GATCACACAAAGTGCCACAGACCT-1,GSM8848584,0,Prostate epithelial - AR high,0.083102375,False,CNV_low_candidate
GSM8848584_GATCACACAAGGTGTCACAGACCT-1,GSM8848584,0,Prostate epithelial - AR high,0.13106827,True,CNV_high_candidate
GSM8848584_GATCACACAGCTAAGCACAGACCT-1,GSM8848584,2,Steroidogenic-like,0.067860484,False,CNV_low_candidate
GSM8848584_GATCACACATTTGCTAACAGACCT-1,GSM8848584,3,Endothelial,0.029621415,False,reference_like
GSM8848584_GATCATAAGGACACGCACAGACCT-1,GSM8848584,1,Neuroendocrine-like,0.016899697,False,CNV_low_candidate
GSM8848584_GATCATGCAAACGGTCACAGACCT-1,GSM8848584,2,Steroidogenic-like,0.017609663,False,CNV_low_candidate
GSM8848584_GATCATGCAGGTAGCTACAGACCT-1,GSM8848584,2,Steroidogenic-like,0.06936929,False,CNV_low_candidate
GSM8848584_GATCATGCAGTTATGGACAGACCT-1,GSM8848584,0,Prostate epithelial - AR high,0.093746744,False,CNV_low_candidate
GSM8848584_GATCTTAGTGGTTAAGACAGACCT-1,GSM8848584,2,Steroidogenic-like,0.015966987,False,CNV_low_candidate
GSM8848584_GATGACAGTGCATTACACAGACCT-1,GSM8848584,5,T/NK lymphocyte,0.044283934,False,reference_like
GSM8848584_GATGCACCAGCTCGCTACAGACCT-1,GSM8848584,1,Neuroendocrine-like,0.017601134,False,CNV_low_candidate
GSM8848584_GATGCACCATTGACTCACAGACCT-1,GSM8848584,0,Prostate epithelial - AR high,0.07269373,False,CNV_low_candidate
GSM8848584_GATGCCCGTGGAAGCTACAGACCT-1,GSM8848584,0,Prostate epithelial - AR high,0.044872046,False,CNV_low_candidate
GSM8848584_GATGGAGCAAACAAGAACAGACCT-1,GSM8848584,2,Steroidogenic-like,0.09625151,False,CNV_low_candidate
GSM8848584_GATGGAGCAGCTCATTACAGACCT-1,GSM8848584,0,Prostate epithelial - AR high,0.116875984,True,CNV_high_candidate
GSM8848584_GATGGAGCATCCAAGAACAGACCT-1,GSM8848584,0,Prostate epithelial - AR high,0.045005452,False,CNV_low_candidate
GSM8848584_GATGGCTCAAGTTGCAACAGACCT-1,GSM8848584,0,Prostate epithelial - AR high,0.07984529,False,CNV_low_candidate
GSM8848584_GATGGCTCACCTTCAGACAGACCT-1,GSM8848584,2,Steroidogenic-like,0.048396252,False,CNV_low_candidate
GSM8848584_GATGGTAGTGGCCCATACAGACCT-1,GSM8848584,4,Fibroblast,0.06122295,False,reference_like
GSM8848584_GATTAACCAAACCGGTACAGACCT-1,GSM8848584,2,Steroidogenic-like,0.018480401,False,CNV_low_candidate
GSM8848584_GATTACCGTGATGCAAACAGACCT-1,GSM8848584,0,Prostate epithelial - AR high,0.100591764,True,CNV_high_candidate
GSM8848584_GATTACCGTGGTGAGTACAGACCT-1,GSM8848584,0,Prostate epithelial - AR high,0.13250427,True,CNV_high_candidate
GSM8848584_GATTAGTCATTTGGGAACAGACCT-1,GSM8848584,0,Prostate epithelial - AR high,0.05557639,False,CNV_low_candidate
GSM8848584_GATTATCTCGGTAACGACAGACCT-1,GSM8848584,1,Neuroendocrine-like,0.042149913,False,CNV_low_candidate
GSM8848584_GATTATCTCGTTCAATACAGACCT-1,GSM8848584,2,Steroidogenic-like,0.043308195,False,CNV_low_candidate
GSM8848584_GATTATCTCTAAGTAGACAGACCT-1,GSM8848584,0,Prostate epithelial - AR high,0.09239695,False,CNV_low_candidate
GSM8848584_GATTCAGCAACAAGTTACAGACCT-1,GSM8848584,1,Neuroendocrine-like,0.018971885,False,CNV_low_candidate
GSM8848584_GATTCAGCAGTTATCCACAGACCT-1,GSM8848584,1,Neuroendocrine-like,0.031398077,False,CNV_low_candidate
GSM8848584_GATTCCCAGAGGCGAGACAGACCT-1,GSM8848584,2,Steroidogenic-like,0.038802315,False,CNV_low_candidate
GSM8848584_GATTCCCAGCCTAAGGACAGACCT-1,GSM8848584,4,Fibroblast,0.028064443,False,reference_like
GSM8848584_GATTCCCAGCTATCGCACAGACCT-1,GSM8848584,2,Steroidogenic-like,0.050460685,False,CNV_low_candidate
GSM8848584_GATTCGCTCACAGGGCACAGACCT-1,GSM8848584,2,Steroidogenic-like,0.054401852,False,CNV_low_candidate
GSM8848584_GATTGATCATCATAGGACAGACCT-1,GSM8848584,4,Fibroblast,0.079337865,False,reference_like
GSM8848584_GATTGGCCACTAACGAACAGACCT-1,GSM8848584,0,Prostate epithelial - AR high,0.050609116,False,CNV_low_candidate
GSM8848584_GATTGGCCATCTATGCACAGACCT-1,GSM8848584,0,Prostate epithelial - AR high,0.04696064,False,CNV_low_candidate
GSM8848584_GATTGGCCATTGAGATACAGACCT-1,GSM8848584,2,Steroidogenic-like,0.04873726,False,CNV_low_candidate
GSM8848584_GATTTGAAGTGTTTCGACAGACCT-1,GSM8848584,3,Endothelial,0.121602766,True,reference_like
GSM8848584_GCAAACCCATCATAGGACAGACCT-1,GSM8848584,2,Steroidogenic-like,0.116753794,True,CNV_high_candidate
GSM8848584_GCAAACTAGCTTAGTTACAGACCT-1,GSM8848584,0,Prostate epithelial - AR high,0.05380719,False,CNV_low_candidate
GSM8848584_GCAAACTAGGGTTGCAACAGACCT-1,GSM8848584,2,Steroidogenic-like,0.0490702,False,CNV_low_candidate
GSM8848584_GCAAATATCCATTAACACAGACCT-1,GSM8848584,0,Prostate epithelial - AR high,0.033429872,False,CNV_low_candidate
GSM8848584_GCAAATATCGGTACCTACAGACCT-1,GSM8848584,0,Prostate epithelial - AR high,0.047975518,False,CNV_low_candidate
GSM8848584_GCAAATGGTGATCCTGACAGACCT-1,GSM8848584,2,Steroidogenic-like,0.05591541,False,CNV_low_candidate
GSM8848584_GCAAATTCACTTCGATACAGACCT-1,GSM8848584,0,Prostate epithelial - AR high,0.096967146,False,CNV_low_candidate
GSM8848584_GCAAGAAAGTCCTCAAACAGACCT-1,GSM8848584,1,Neuroendocrine-like,0.05596571,False,CNV_low_candidate
GSM8848584_GCAAGCCAGACGCATGACAGACCT-1,GSM8848584,2,Steroidogenic-like,0.044085354,False,CNV_low_candidate
GSM8848584_GCAAGCCAGCAGGTCAACAGACCT-1,GSM8848584,2,Steroidogenic-like,0.058757037,False,CNV_low_candidate
GSM8848584_GCAAGCCAGTATGGTAACAGACCT-1,GSM8848584,6,Macrophage,0.017469216,False,reference_like
GSM8848584_GCAAGGCTCACGAACGACAGACCT-1,GSM8848584,0,Prostate epithelial - AR high,0.04320956,False,CNV_low_candidate
GSM8848584_GCAAGGTGTGTGACCCACAGACCT-1,GSM8848584,1,Neuroendocrine-like,0.016912092,False,CNV_low_candidate
GSM8848584_GCAAGTTAGGTTTCCAACAGACCT-1,GSM8848584,0,Prostate epithelial - AR high,0.047514476,False,CNV_low_candidate
GSM8848584_GCACAAAGTGAAGCACACAGACCT-1,GSM8848584,4,Fibroblast,0.028649125,False,reference_like
GSM8848584_GCACAAAGTGACATTCACAGACCT-1,GSM8848584,2,Steroidogenic-like,0.031077867,False,CNV_low_candidate
GSM8848584_GCACAAAGTGTTTGCGACAGACCT-1,GSM8848584,5,T/NK lymphocyte,0.09738331,False,reference_like
GSM8848584_GCACAAAGTTGCATCGACAGACCT-1,GSM8848584,2,Steroidogenic-like,0.058335003,False,CNV_low_candidate
GSM8848584_GCACAAAGTTTGTTTCACAGACCT-1,GSM8848584,2,Steroidogenic-like,0.07825224,False,CNV_low_candidate
GSM8848584_GCACAACCACATTGTCACAGACCT-1,GSM8848584,1,Neuroendocrine-like,0.02312141,False,CNV_low_candidate
GSM8848584_GCACACCGTATCCGCAACAGACCT-1,GSM8848584,2,Steroidogenic-like,0.016290735,False,CNV_low_candidate
GSM8848584_GCACACCGTGTGTCGCACAGACCT-1,GSM8848584,2,Steroidogenic-like,0.035549976,False,CNV_low_candidate
GSM8848584_GCACAGCAGAGGATAGACAGACCT-1,GSM8848584,6,Macrophage,0.020117963,False,reference_like
GSM8848584_GCACAGCAGTCATAAGACAGACCT-1,GSM8848584,2,Steroidogenic-like,0.07481727,False,CNV_low_candidate
GSM8848584_GCACCAAAGGGCCTTTACAGACCT-1,GSM8848584,0,Prostate epithelial - AR high,0.09872397,False,CNV_low_candidate
GSM8848584_GCACTAACACATTGTCACAGACCT-1,GSM8848584,2,Steroidogenic-like,0.015396468,False,CNV_low_candidate
GSM8848584_GCACTAACACCTAACTACAGACCT-1,GSM8848584,0,Prostate epithelial - AR high,0.036536664,False,CNV_low_candidate
GSM8848584_GCACTCAGTTAATCCAACAGACCT-1,GSM8848584,2,Steroidogenic-like,0.041966453,False,CNV_low_candidate
GSM8848584_GCACTTGGTTGTTGGTACAGACCT-1,GSM8848584,1,Neuroendocrine-like,0.08542801,False,CNV_low_candidate
GSM8848584_GCAGCTAAGACTCCTAACAGACCT-1,GSM8848584,2,Steroidogenic-like,0.031112498,False,CNV_low_candidate
GSM8848584_GCAGCTAAGGCCTCTGACAGACCT-1,GSM8848584,3,Endothelial,0.01982246,False,reference_like
GSM8848584_GCAGGCTAGGCTACTCACAGACCT-1,GSM8848584,0,Prostate epithelial - AR high,0.03344304,False,CNV_low_candidate
GSM8848584_GCAGGCTAGGTTCCGTACAGACCT-1,GSM8848584,1,Neuroendocrine-like,0.048305232,False,CNV_low_candidate
GSM8848584_GCAGGCTAGTTGCAAAACAGACCT-1,GSM8848584,1,Neuroendocrine-like,0.08708964,False,CNV_low_candidate
GSM8848584_GCAGGTTCACGTGCTCACAGACCT-1,GSM8848584,2,Steroidogenic-like,0.044785313,False,CNV_low_candidate
GSM8848584_GCAGGTTCATCCCTCTACAGACCT-1,GSM8848584,0,Prostate epithelial - AR high,0.10411788,True,CNV_high_candidate
GSM8848584_GCAGTAAGTACTTATGACAGACCT-1,GSM8848584,0,Prostate epithelial - AR high,0.03419094,False,CNV_low_candidate
GSM8848584_GCAGTAAGTGTTAGTCACAGACCT-1,GSM8848584,2,Steroidogenic-like,0.05964471,False,CNV_low_candidate
GSM8848584_GCAGTAAGTTGCACTGACAGACCT-1,GSM8848584,2,Steroidogenic-like,0.07173658,False,CNV_low_candidate
GSM8848584_GCAGTAAGTTTCAGGTACAGACCT-1,GSM8848584,0,Prostate epithelial - AR high,0.057257257,False,CNV_low_candidate
GSM8848584_GCAGTACCACACAAATACAGACCT-1,GSM8848584,2,Steroidogenic-like,0.0786506,False,CNV_low_candidate
GSM8848584_GCAGTACCAGATTGCAACAGACCT-1,GSM8848584,2,Steroidogenic-like,0.04377501,False,CNV_low_candidate
GSM8848584_GCAGTACCAGGAGCAAACAGACCT-1,GSM8848584,4,Fibroblast,0.13712522,True,reference_like
GSM8848584_GCAGTACCATCGATAGACAGACCT-1,GSM8848584,2,Steroidogenic-like,0.10232477,True,CNV_high_candidate
GSM8848584_GCAGTTTGTGTGGCTCACAGACCT-1,GSM8848584,2,Steroidogenic-like,0.03232919,False,CNV_low_candidate
GSM8848584_GCATCACTCGATTATCACAGACCT-1,GSM8848584,0,Prostate epithelial - AR high,0.057908963,False,CNV_low_candidate
GSM8848584_GCATCTATCGCATTTGACAGACCT-1,GSM8848584,0,Prostate epithelial - AR high,0.049043573,False,CNV_low_candidate
GSM8848584_GCATCTATCTCTATGGACAGACCT-1,GSM8848584,2,Steroidogenic-like,0.021064704,False,CNV_low_candidate
GSM8848584_GCATCTATCTTAAGCTACAGACCT-1,GSM8848584,0,Prostate epithelial - AR high,0.079272486,False,CNV_low_candidate
GSM8848584_GCATCTATCTTTAGCGACAGACCT-1,GSM8848584,0,Prostate epithelial - AR high,0.034327935,False,CNV_low_candidate
GSM8848584_GCATGCAAGTTAGGCGACAGACCT-1,GSM8848584,5,T/NK lymphocyte,0.026264345,False,reference_like
GSM8848584_GCATGGATCAGCGATGACAGACCT-1,GSM8848584,2,Steroidogenic-like,0.019227853,False,CNV_low_candidate
GSM8848584_GCATGGATCAGGCCTTACAGACCT-1,GSM8848584,3,Endothelial,0.067412846,False,reference_like
GSM8848584_GCATTACGTTTGGCCAACAGACCT-1,GSM8848584,4,Fibroblast,0.079792276,False,reference_like
GSM8848584_GCATTTAGTATTGGGAACAGACCT-1,GSM8848584,0,Prostate epithelial - AR high,0.113094375,True,CNV_high_candidate
GSM8848584_GCATTTGTCCCTCGTCACAGACCT-1,GSM8848584,5,T/NK lymphocyte,0.016077472,False,reference_like
GSM8848584_GCCAACAAGCTTATCGACAGACCT-1,GSM8848584,2,Steroidogenic-like,0.12003159,True,CNV_high_candidate
GSM8848584_GCCAATACAAAGGTAAACAGACCT-1,GSM8848584,4,Fibroblast,0.03887656,False,reference_like
GSM8848584_GCCAATACAACTAGTGACAGACCT-1,GSM8848584,0,Prostate epithelial - AR high,0.058530096,False,CNV_low_candidate
GSM8848584_GCCAATACATGTGGCGACAGACCT-1,GSM8848584,2,Steroidogenic-like,0.05747828,False,CNV_low_candidate
GSM8848584_GCCACAAAGGATGCATACAGACCT-1,GSM8848584,2,Steroidogenic-like,0.039919823,False,CNV_low_candidate
GSM8848584_GCCACAAAGTTTGCATACAGACCT-1,GSM8848584,4,Fibroblast,0.023740543,False,reference_like
GSM8848584_GCCAGTTTCATCGATTACAGACCT-1,GSM8848584,4,Fibroblast,0.014954418,False,reference_like
GSM8848584_GCCATAACAATAAGCTACAGACCT-1,GSM8848584,1,Neuroendocrine-like,0.056266375,False,CNV_low_candidate
GSM8848584_GCCATAACATAGGGTCACAGACCT-1,GSM8848584,4,Fibroblast,0.017181348,False,reference_like
GSM8848584_GCCATAACATCACAGAACAGACCT-1,GSM8848584,0,Prostate epithelial - AR high,0.06638017,False,CNV_low_candidate
GSM8848584_GCCATAACATCTATCAACAGACCT-1,GSM8848584,0,Prostate epithelial - AR high,0.11145751,True,CNV_high_candidate
GSM8848584_GCCATAGAGATAACTGACAGACCT-1,GSM8848584,0,Prostate epithelial - AR high,0.10105136,True,CNV_high_candidate
GSM8848584_GCCATAGAGATATTGGACAGACCT-1,GSM8848584,0,Prostate epithelial - AR high,0.06789925,False,CNV_low_candidate
GSM8848584_GCCATAGAGGCCATTCACAGACCT-1,GSM8848584,2,Steroidogenic-like,0.06483632,False,CNV_low_candidate
GSM8848584_GCCATCAGTTAGGCGGACAGACCT-1,GSM8848584,0,Prostate epithelial - AR high,0.029432662,False,CNV_low_candidate
GSM8848584_GCCATTTCAAATAACCACAGACCT-1,GSM8848584,0,Prostate epithelial - AR high,0.10255956,True,CNV_high_candidate
GSM8848584_GCCATTTCACCAGCTCACAGACCT-1,GSM8848584,1,Neuroendocrine-like,0.017351674,False,CNV_low_candidate
GSM8848584_GCCATTTCACTGACTTACAGACCT-1,GSM8848584,1,Neuroendocrine-like,0.020144286,False,CNV_low_candidate
GSM8848584_GCCATTTCATGAAGCCACAGACCT-1,GSM8848584,0,Prostate epithelial - AR high,0.11292301,True,CNV_high_candidate
GSM8848584_GCCCAATTCAGGAGCCACAGACCT-1,GSM8848584,2,Steroidogenic-like,0.0760924,False,CNV_low_candidate
GSM8848584_GCCCAATTCCCAGTACACAGACCT-1,GSM8848584,2,Steroidogenic-like,0.07739747,False,CNV_low_candidate
GSM8848584_GCCCAATTCGAGAGAAACAGACCT-1,GSM8848584,0,Prostate epithelial - AR high,0.061375365,False,CNV_low_candidate
GSM8848584_GCCCAGTGTAATAGGTACAGACCT-1,GSM8848584,2,Steroidogenic-like,0.07815934,False,CNV_low_candidate
GSM8848584_GCCCAGTGTTGCACTGACAGACCT-1,GSM8848584,2,Steroidogenic-like,0.06908264,False,CNV_low_candidate
GSM8848584_GCCCAGTGTTGTCATAACAGACCT-1,GSM8848584,3,Endothelial,0.08175291,False,reference_like
GSM8848584_GCCCATAGTCCATCCTACAGACCT-1,GSM8848584,0,Prostate epithelial - AR high,0.056779746,False,CNV_low_candidate
GSM8848584_GCCCATAGTCTACCTCACAGACCT-1,GSM8848584,0,Prostate epithelial - AR high,0.05990469,False,CNV_low_candidate
GSM8848584_GCCCTCAAGCCGCTATACAGACCT-1,GSM8848584,2,Steroidogenic-like,0.039172255,False,CNV_low_candidate
GSM8848584_GCCCTCAAGCCTAAGGACAGACCT-1,GSM8848584,0,Prostate epithelial - AR high,0.03132746,False,CNV_low_candidate
GSM8848584_GCCCTCAAGCTAGCCTACAGACCT-1,GSM8848584,0,Prostate epithelial - AR high,0.11523481,True,CNV_high_candidate
GSM8848584_GCCCTCAAGCTTATCGACAGACCT-1,GSM8848584,2,Steroidogenic-like,0.02546363,False,CNV_low_candidate
GSM8848584_GCCCTGATCACAGATAACAGACCT-1,GSM8848584,2,Steroidogenic-like,0.02150658,False,CNV_low_candidate
GSM8848584_GCCCTGATCACTTCGAACAGACCT-1,GSM8848584,2,Steroidogenic-like,0.035165995,False,CNV_low_candidate
GSM8848584_GCCCTGATCCAAAGGTACAGACCT-1,GSM8848584,0,Prostate epithelial - AR high,0.029876258,False,CNV_low_candidate
GSM8848584_GCCCTGATCCACAACCACAGACCT-1,GSM8848584,2,Steroidogenic-like,0.045463923,False,CNV_low_candidate
GSM8848584_GCCCTGATCCAGATAAACAGACCT-1,GSM8848584,1,Neuroendocrine-like,0.037469074,False,CNV_low_candidate
GSM8848584_GCCCTGATCCTGATCAACAGACCT-1,GSM8848584,0,Prostate epithelial - AR high,0.039585274,False,CNV_low_candidate
GSM8848584_GCCCTGATCGAGCTAGACAGACCT-1,GSM8848584,1,Neuroendocrine-like,0.06411868,False,CNV_low_candidate
GSM8848584_GCCCTTTGTAATGGTGACAGACCT-1,GSM8848584,0,Prostate epithelial - AR high,0.04189329,False,CNV_low_candidate
GSM8848584_GCCCTTTGTCCACAATACAGACCT-1,GSM8848584,4,Fibroblast,0.028945068,False,reference_like
GSM8848584_GCCCTTTGTTAGCATCACAGACCT-1,GSM8848584,0,Prostate epithelial - AR high,0.08005044,False,CNV_low_candidate
GSM8848584_GCCGCTTCACTTTGTAACAGACCT-1,GSM8848584,4,Fibroblast,0.019280348,False,reference_like
GSM8848584_GCCGTGACACAGGCTGACAGACCT-1,GSM8848584,1,Neuroendocrine-like,0.022736054,False,CNV_low_candidate
GSM8848584_GCCGTGACACCATCATACAGACCT-1,GSM8848584,0,Prostate epithelial - AR high,0.14653638,True,CNV_high_candidate
GSM8848584_GCCTAATGTGCTCATGACAGACCT-1,GSM8848584,6,Macrophage,0.026022112,False,reference_like
GSM8848584_GCCTCATAGAGGCGAGACAGACCT-1,GSM8848584,3,Endothelial,0.0598435,False,reference_like
GSM8848584_GCCTCATAGCCATTTGACAGACCT-1,GSM8848584,0,Prostate epithelial - AR high,0.13089328,True,CNV_high_candidate
GSM8848584_GCCTGAGCAACAGATTACAGACCT-1,GSM8848584,0,Prostate epithelial - AR high,0.05483329,False,CNV_low_candidate
GSM8848584_GCCTGCATCAGTAGGTACAGACCT-1,GSM8848584,2,Steroidogenic-like,0.048989825,False,CNV_low_candidate
GSM8848584_GCCTGCATCCTTTGAGACAGACCT-1,GSM8848584,6,Macrophage,0.019954436,False,reference_like
GSM8848584_GCCTGCATCGCACACTACAGACCT-1,GSM8848584,0,Prostate epithelial - AR high,0.1038052,True,CNV_high_candidate
GSM8848584_GCCTGCATCGCGTTACACAGACCT-1,GSM8848584,2,Steroidogenic-like,0.056518927,False,CNV_low_candidate
GSM8848584_GCGAACGGTACTTCCCACAGACCT-1,GSM8848584,4,Fibroblast,0.03243198,False,reference_like
GSM8848584_GCGAACGGTGGTTATCACAGACCT-1,GSM8848584,0,Prostate epithelial - AR high,0.1245523,True,CNV_high_candidate
GSM8848584_GCGAACGGTTTCAGGTACAGACCT-1,GSM8848584,2,Steroidogenic-like,0.053902555,False,CNV_low_candidate
GSM8848584_GCGAATGTCATGAGGTACAGACCT-1,GSM8848584,1,Neuroendocrine-like,0.02756454,False,CNV_low_candidate
GSM8848584_GCGAATGTCATGCCTAACAGACCT-1,GSM8848584,0,Prostate epithelial - AR high,0.046802707,False,CNV_low_candidate
GSM8848584_GCGAATGTCTGTGATTACAGACCT-1,GSM8848584,2,Steroidogenic-like,0.104428455,True,CNV_high_candidate
GSM8848584_GCGAGCTAGTTAACAGACAGACCT-1,GSM8848584,1,Neuroendocrine-like,0.030210674,False,CNV_low_candidate
GSM8848584_GCGATAAGTCCTGCAAACAGACCT-1,GSM8848584,1,Neuroendocrine-like,0.020959545,False,CNV_low_candidate
GSM8848584_GCGATAAGTTTGTCCCACAGACCT-1,GSM8848584,0,Prostate epithelial - AR high,0.049473453,False,CNV_low_candidate
GSM8848584_GCGATTGAGCTTAAAGACAGACCT-1,GSM8848584,0,Prostate epithelial - AR high,0.067897536,False,CNV_low_candidate
GSM8848584_GCGCAACAGGTTTCCAACAGACCT-1,GSM8848584,2,Steroidogenic-like,0.047038592,False,CNV_low_candidate
GSM8848584_GCGCAAGGTCAACTACACAGACCT-1,GSM8848584,0,Prostate epithelial - AR high,0.120251186,True,CNV_high_candidate
GSM8848584_GCGCAAGGTCTTTATCACAGACCT-1,GSM8848584,2,Steroidogenic-like,0.019718142,False,CNV_low_candidate
GSM8848584_GCGCAATCACGTAGTAACAGACCT-1,GSM8848584,4,Fibroblast,0.053361326,False,reference_like
GSM8848584_GCGCACACAAGTTAACACAGACCT-1,GSM8848584,0,Prostate epithelial - AR high,0.15162475,True,CNV_high_candidate
GSM8848584_GCGCCTATCAGCACCTACAGACCT-1,GSM8848584,1,Neuroendocrine-like,0.09164622,False,CNV_low_candidate
GSM8848584_GCGCCTATCCATAACTACAGACCT-1,GSM8848584,0,Prostate epithelial - AR high,0.10588943,True,CNV_high_candidate
GSM8848584_GCGCTAAAGATGAAGGACAGACCT-1,GSM8848584,0,Prostate epithelial - AR high,0.03731551,False,CNV_low_candidate
GSM8848584_GCGCTACGTACGAATGACAGACCT-1,GSM8848584,3,Endothelial,0.05599039,False,reference_like
GSM8848584_GCGCTACGTCCTGAGCACAGACCT-1,GSM8848584,2,Steroidogenic-like,0.030502688,False,CNV_low_candidate
GSM8848584_GCGCTACGTGAACGGTACAGACCT-1,GSM8848584,1,Neuroendocrine-like,0.020242633,False,CNV_low_candidate
GSM8848584_GCGCTACGTGGTTCTGACAGACCT-1,GSM8848584,0,Prostate epithelial - AR high,0.03739897,False,CNV_low_candidate
GSM8848584_GCGCTACGTGTTTCGGACAGACCT-1,GSM8848584,6,Macrophage,0.030681012,False,reference_like
GSM8848584_GCGGATTCAAGTAAGAACAGACCT-1,GSM8848584,0,Prostate epithelial - AR high,0.03376902,False,CNV_low_candidate
GSM8848584_GCGGATTCATCGTTCGACAGACCT-1,GSM8848584,2,Steroidogenic-like,0.06696786,False,CNV_low_candidate
GSM8848584_GCGGGTTAGCGATGGCACAGACCT-1,GSM8848584,2,Steroidogenic-like,0.04224014,False,CNV_low_candidate
GSM8848584_GCGGGTTAGGCGCGATACAGACCT-1,GSM8848584,4,Fibroblast,0.06728093,False,reference_like
GSM8848584_GCGGGTTAGTTTCACGACAGACCT-1,GSM8848584,0,Prostate epithelial - AR high,0.027546875,False,CNV_low_candidate
GSM8848584_GCGGTAATCACAGGGCACAGACCT-1,GSM8848584,2,Steroidogenic-like,0.07231209,False,CNV_low_candidate
GSM8848584_GCGGTTCGTCTACCTCACAGACCT-1,GSM8848584,2,Steroidogenic-like,0.04274147,False,CNV_low_candidate
GSM8848584_GCGTGTTTCAGCACAGACAGACCT-1,GSM8848584,1,Neuroendocrine-like,0.018992638,False,CNV_low_candidate
GSM8848584_GCGTGTTTCGTCCATAACAGACCT-1,GSM8848584,2,Steroidogenic-like,0.024891043,False,CNV_low_candidate
GSM8848584_GCGTTACTCAATGTGAACAGACCT-1,GSM8848584,1,Neuroendocrine-like,0.09135109,False,CNV_low_candidate
GSM8848584_GCGTTACTCATGTCATACAGACCT-1,GSM8848584,2,Steroidogenic-like,0.044090588,False,CNV_low_candidate
GSM8848584_GCGTTACTCCAAATTCACAGACCT-1,GSM8848584,2,Steroidogenic-like,0.05658584,False,CNV_low_candidate
GSM8848584_GCGTTACTCTATTGCGACAGACCT-1,GSM8848584,2,Steroidogenic-like,0.06551957,False,CNV_low_candidate
GSM8848584_GCGTTATGTGGGAACTACAGACCT-1,GSM8848584,2,Steroidogenic-like,0.036274403,False,CNV_low_candidate
GSM8848584_GCGTTTGGTCCCTCTGACAGACCT-1,GSM8848584,2,Steroidogenic-like,0.05034384,False,CNV_low_candidate
GSM8848584_GCTAAATCAACCGGATACAGACCT-1,GSM8848584,3,Endothelial,0.075863555,False,reference_like
GSM8848584_GCTAAATCAACCTGTTACAGACCT-1,GSM8848584,0,Prostate epithelial - AR high,0.0484638,False,CNV_low_candidate
GSM8848584_GCTAAATCACATTCGTACAGACCT-1,GSM8848584,0,Prostate epithelial - AR high,0.08354233,False,CNV_low_candidate
GSM8848584_GCTAACCTCGCCTCTCACAGACCT-1,GSM8848584,4,Fibroblast,0.040181205,False,reference_like
GSM8848584_GCTAACTGTCGTTCTCACAGACCT-1,GSM8848584,0,Prostate epithelial - AR high,0.0681203,False,CNV_low_candidate
GSM8848584_GCTAACTGTCTGTCAGACAGACCT-1,GSM8848584,2,Steroidogenic-like,0.0708832,False,CNV_low_candidate
GSM8848584_GCTAATAAGACTCCTAACAGACCT-1,GSM8848584,3,Endothelial,0.018940631,False,reference_like
GSM8848584_GCTAATAAGCTTCCTTACAGACCT-1,GSM8848584,0,Prostate epithelial - AR high,0.093014695,False,CNV_low_candidate
GSM8848584_GCTAATAAGGCGAGAGACAGACCT-1,GSM8848584,2,Steroidogenic-like,0.085716285,False,CNV_low_candidate
GSM8848584_GCTAATAAGGTATTTCACAGACCT-1,GSM8848584,1,Neuroendocrine-like,0.05897155,False,CNV_low_candidate
GSM8848584_GCTACAACACTCCCAAACAGACCT-1,GSM8848584,0,Prostate epithelial - AR high,0.04757696,False,CNV_low_candidate
GSM8848584_GCTACAACATTTGGGAACAGACCT-1,GSM8848584,4,Fibroblast,0.053163618,False,reference_like
GSM8848584_GCTACTATCTGGCCCAACAGACCT-1,GSM8848584,6,Macrophage,0.033838563,False,reference_like
GSM8848584_GCTACTATCTTACTCCACAGACCT-1,GSM8848584,0,Prostate epithelial - AR high,0.04526818,False,CNV_low_candidate
GSM8848584_GCTAGATAGTCGAAGTACAGACCT-1,GSM8848584,4,Fibroblast,0.11754836,True,reference_like
GSM8848584_GCTAGTCTCGGTTCACACAGACCT-1,GSM8848584,1,Neuroendocrine-like,0.03676877,False,CNV_low_candidate
GSM8848584_GCTAGTCTCTATTGGTACAGACCT-1,GSM8848584,1,Neuroendocrine-like,0.06545153,False,CNV_low_candidate
GSM8848584_GCTAGTCTCTCAGCTAACAGACCT-1,GSM8848584,0,Prostate epithelial - AR high,0.07849837,False,CNV_low_candidate
GSM8848584_GCTATAAAGCAAACCGACAGACCT-1,GSM8848584,0,Prostate epithelial - AR high,0.04211774,False,CNV_low_candidate
GSM8848584_GCTATAAAGGAAGCAAACAGACCT-1,GSM8848584,2,Steroidogenic-like,0.032854654,False,CNV_low_candidate
GSM8848584_GCTATCCAGCAACATAACAGACCT-1,GSM8848584,0,Prostate epithelial - AR high,0.047878005,False,CNV_low_candidate
GSM8848584_GCTATCCAGTTTCCAGACAGACCT-1,GSM8848584,0,Prostate epithelial - AR high,0.10415326,True,CNV_high_candidate
GSM8848584_GCTATGCTCGGCTAGAACAGACCT-1,GSM8848584,0,Prostate epithelial - AR high,0.03682855,False,CNV_low_candidate
GSM8848584_GCTATTAGTAACGTGAACAGACCT-1,GSM8848584,2,Steroidogenic-like,0.052700523,False,CNV_low_candidate
GSM8848584_GCTATTAGTAGTAGCAACAGACCT-1,GSM8848584,2,Steroidogenic-like,0.036052305,False,CNV_low_candidate
GSM8848584_GCTCAATGTCAGTGCCACAGACCT-1,GSM8848584,1,Neuroendocrine-like,0.021416618,False,CNV_low_candidate
GSM8848584_GCTCAATGTCTAACCGACAGACCT-1,GSM8848584,0,Prostate epithelial - AR high,0.07527373,False,CNV_low_candidate
GSM8848584_GCTCACCCAGGCAACTACAGACCT-1,GSM8848584,2,Steroidogenic-like,0.065704115,False,CNV_low_candidate
GSM8848584_GCTCACCCATCCAAGAACAGACCT-1,GSM8848584,2,Steroidogenic-like,0.07650837,False,CNV_low_candidate
GSM8848584_GCTCACCCATTAGCGAACAGACCT-1,GSM8848584,3,Endothelial,0.0640148,False,reference_like
GSM8848584_GCTCACTAGCTAACTTACAGACCT-1,GSM8848584,0,Prostate epithelial - AR high,0.032552645,False,CNV_low_candidate
GSM8848584_GCTCACTAGTCACCTAACAGACCT-1,GSM8848584,0,Prostate epithelial - AR high,0.05373115,False,CNV_low_candidate
GSM8848584_GCTCACTAGTGTGATAACAGACCT-1,GSM8848584,2,Steroidogenic-like,0.044396173,False,CNV_low_candidate
GSM8848584_GCTCAGGCACCTATCGACAGACCT-1,GSM8848584,4,Fibroblast,0.067634985,False,reference_like
GSM8848584_GCTCAGGCAGTAAGGGACAGACCT-1,GSM8848584,2,Steroidogenic-like,0.043818157,False,CNV_low_candidate
GSM8848584_GCTCCATAGGATTAGCACAGACCT-1,GSM8848584,0,Prostate epithelial - AR high,0.06385554,False,CNV_low_candidate
GSM8848584_GCTCCATAGTAAGTGCACAGACCT-1,GSM8848584,0,Prostate epithelial - AR high,0.039785158,False,CNV_low_candidate
GSM8848584_GCTCCATAGTGAGTTAACAGACCT-1,GSM8848584,4,Fibroblast,0.02145856,False,reference_like
GSM8848584_GCTCCTGAGGTTGGGCACAGACCT-1,GSM8848584,6,Macrophage,0.019034691,False,reference_like
GSM8848584_GCTCCTGAGTGATCAAACAGACCT-1,GSM8848584,6,Macrophage,0.048798293,False,reference_like
GSM8848584_GCTCGCTCACGGATACACAGACCT-1,GSM8848584,2,Steroidogenic-like,0.06527771,False,CNV_low_candidate
GSM8848584_GCTCGCTCAGTAATACACAGACCT-1,GSM8848584,2,Steroidogenic-like,0.022786645,False,CNV_low_candidate
GSM8848584_GCTCGTTAGAACCTAAACAGACCT-1,GSM8848584,0,Prostate epithelial - AR high,0.020244371,False,CNV_low_candidate
GSM8848584_GCTCGTTAGCATCTATACAGACCT-1,GSM8848584,3,Endothelial,0.023340065,False,reference_like
GSM8848584_GCTCGTTAGGAAGCCCACAGACCT-1,GSM8848584,2,Steroidogenic-like,0.04500784,False,CNV_low_candidate
GSM8848584_GCTCGTTAGTCAATGAACAGACCT-1,GSM8848584,0,Prostate epithelial - AR high,0.045076236,False,CNV_low_candidate
GSM8848584_GCTGAAAGTCCGGGTTACAGACCT-1,GSM8848584,3,Endothelial,0.037673365,False,reference_like
GSM8848584_GCTGAAAGTTAAGGCAACAGACCT-1,GSM8848584,2,Steroidogenic-like,0.04770263,False,CNV_low_candidate
GSM8848584_GCTGAATAGGCAAGTTACAGACCT-1,GSM8848584,3,Endothelial,0.026592638,False,reference_like
GSM8848584_GCTGAATAGTAATTGGACAGACCT-1,GSM8848584,3,Endothelial,0.03947568,False,reference_like
GSM8848584_GCTGACTTCCAACATTACAGACCT-1,GSM8848584,0,Prostate epithelial - AR high,0.038110428,False,CNV_low_candidate
GSM8848584_GCTGATGAGTAAACCAACAGACCT-1,GSM8848584,2,Steroidogenic-like,0.07686638,False,CNV_low_candidate
GSM8848584_GCTGCTCCAACCGTAAACAGACCT-1,GSM8848584,0,Prostate epithelial - AR high,0.14805734,True,CNV_high_candidate
GSM8848584_GCTGCTCCACACTAAGACAGACCT-1,GSM8848584,4,Fibroblast,0.06041426,False,reference_like
GSM8848584_GCTGGATCAAGATGCCACAGACCT-1,GSM8848584,6,Macrophage,0.04835871,False,reference_like
GSM8848584_GCTGGGTAGCTTACTGACAGACCT-1,GSM8848584,0,Prostate epithelial - AR high,0.040329594,False,CNV_low_candidate
GSM8848584_GCTGGGTAGGTCGAGCACAGACCT-1,GSM8848584,0,Prostate epithelial - AR high,0.102853596,True,CNV_high_candidate
GSM8848584_GCTGGTAAGGAACCGCACAGACCT-1,GSM8848584,5,T/NK lymphocyte,0.029067893,False,reference_like
GSM8848584_GCTGTCAGTTCTCAAAACAGACCT-1,GSM8848584,2,Steroidogenic-like,0.0666393,False,CNV_low_candidate
GSM8848584_GCTGTTGGTTTATGGCACAGACCT-1,GSM8848584,2,Steroidogenic-like,0.07942577,False,CNV_low_candidate
GSM8848584_GCTTACATCACGTTCAACAGACCT-1,GSM8848584,2,Steroidogenic-like,0.0398459,False,CNV_low_candidate
GSM8848584_GCTTAGCTCCTGGTTAACAGACCT-1,GSM8848584,4,Fibroblast,0.10446363,True,reference_like
GSM8848584_GCTTAGGAGACTAACAACAGACCT-1,GSM8848584,0,Prostate epithelial - AR high,0.040497642,False,CNV_low_candidate
GSM8848584_GCTTAGGAGTCATGAAACAGACCT-1,GSM8848584,0,Prostate epithelial - AR high,0.072892085,False,CNV_low_candidate
GSM8848584_GCTTAGTGTAAGCTAGACAGACCT-1,GSM8848584,1,Neuroendocrine-like,0.058940824,False,CNV_low_candidate
GSM8848584_GCTTAGTGTGCATCGCACAGACCT-1,GSM8848584,0,Prostate epithelial - AR high,0.10420677,True,CNV_high_candidate
GSM8848584_GCTTAGTGTGGAAGCTACAGACCT-1,GSM8848584,4,Fibroblast,0.09188435,False,reference_like
GSM8848584_GCTTAGTGTTAATGCCACAGACCT-1,GSM8848584,1,Neuroendocrine-like,0.032710552,False,CNV_low_candidate
GSM8848584_GCTTAGTGTTTGTTTCACAGACCT-1,GSM8848584,1,Neuroendocrine-like,0.020150624,False,CNV_low_candidate
GSM8848584_GCTTCATCAATCAAGTACAGACCT-1,GSM8848584,0,Prostate epithelial - AR high,0.047104567,False,CNV_low_candidate
GSM8848584_GCTTCATCAGCTAGCGACAGACCT-1,GSM8848584,3,Endothelial,0.05536882,False,reference_like
GSM8848584_GCTTCATCATGTGGGTACAGACCT-1,GSM8848584,2,Steroidogenic-like,0.029963348,False,CNV_low_candidate
GSM8848584_GCTTCGGTCGATTCTGACAGACCT-1,GSM8848584,0,Prostate epithelial - AR high,0.061066166,False,CNV_low_candidate
GSM8848584_GCTTCTAAGTTTCGGCACAGACCT-1,GSM8848584,2,Steroidogenic-like,0.018033195,False,CNV_low_candidate
GSM8848584_GCTTGAACATCACAGAACAGACCT-1,GSM8848584,2,Steroidogenic-like,0.024314735,False,CNV_low_candidate
GSM8848584_GCTTGATGTAACGGGTACAGACCT-1,GSM8848584,0,Prostate epithelial - AR high,0.026881501,False,CNV_low_candidate
GSM8848584_GCTTGATGTACGTCCAACAGACCT-1,GSM8848584,4,Fibroblast,0.043588746,False,reference_like
GSM8848584_GCTTGATGTATTACCAACAGACCT-1,GSM8848584,0,Prostate epithelial - AR high,0.123325326,True,CNV_high_candidate
GSM8848584_GCTTGATGTCGTAAAGACAGACCT-1,GSM8848584,2,Steroidogenic-like,0.05247663,False,CNV_low_candidate
GSM8848584_GCTTGCGTCCGAAAGTACAGACCT-1,GSM8848584,1,Neuroendocrine-like,0.059748545,False,CNV_low_candidate
GSM8848584_GCTTGCGTCTAGCCTAACAGACCT-1,GSM8848584,0,Prostate epithelial - AR high,0.06857479,False,CNV_low_candidate
GSM8848584_GCTTTCAAGCAATCCCACAGACCT-1,GSM8848584,0,Prostate epithelial - AR high,0.071606606,False,CNV_low_candidate
GSM8848584_GCTTTCAAGCCATAAAACAGACCT-1,GSM8848584,0,Prostate epithelial - AR high,0.056474026,False,CNV_low_candidate
GSM8848584_GCTTTGTCATCACTCGACAGACCT-1,GSM8848584,0,Prostate epithelial - AR high,0.03805855,False,CNV_low_candidate
GSM8848584_GGAACATTCACAGGATACAGACCT-1,GSM8848584,3,Endothelial,0.065446384,False,reference_like
GSM8848584_GGAACATTCCTTAGATACAGACCT-1,GSM8848584,1,Neuroendocrine-like,0.07308827,False,CNV_low_candidate
GSM8848584_GGAACCATCCAATACTACAGACCT-1,GSM8848584,2,Steroidogenic-like,0.06908662,False,CNV_low_candidate
GSM8848584_GGAACCATCCACAATTACAGACCT-1,GSM8848584,0,Prostate epithelial - AR high,0.13170797,True,CNV_high_candidate
GSM8848584_GGAACTAGTGAACCAAACAGACCT-1,GSM8848584,0,Prostate epithelial - AR high,0.068113096,False,CNV_low_candidate
GSM8848584_GGAAGCCTCAAACCAAACAGACCT-1,GSM8848584,0,Prostate epithelial - AR high,0.03846132,False,CNV_low_candidate
GSM8848584_GGAAGTAAGCAACATAACAGACCT-1,GSM8848584,2,Steroidogenic-like,0.0751216,False,CNV_low_candidate
GSM8848584_GGAATAACAACGTTAGACAGACCT-1,GSM8848584,2,Steroidogenic-like,0.03382155,False,CNV_low_candidate
GSM8848584_GGAATAACACATTGAGACAGACCT-1,GSM8848584,2,Steroidogenic-like,0.058294866,False,CNV_low_candidate
GSM8848584_GGAATAACATATTTCGACAGACCT-1,GSM8848584,4,Fibroblast,0.051758762,False,reference_like
GSM8848584_GGAATAACATTCAACCACAGACCT-1,GSM8848584,1,Neuroendocrine-like,0.017943334,False,CNV_low_candidate
GSM8848584_GGAATAACATTGCCCAACAGACCT-1,GSM8848584,2,Steroidogenic-like,0.055926155,False,CNV_low_candidate
GSM8848584_GGACATAGTCAACAAGACAGACCT-1,GSM8848584,0,Prostate epithelial - AR high,0.109634735,True,CNV_high_candidate
GSM8848584_GGACATCCAACTTGTCACAGACCT-1,GSM8848584,6,Macrophage,0.024570655,False,reference_like
GSM8848584_GGACCAGGTCTCAGCAACAGACCT-1,GSM8848584,0,Prostate epithelial - AR high,0.035590142,False,CNV_low_candidate
GSM8848584_GGACCAGGTGATTAGGACAGACCT-1,GSM8848584,2,Steroidogenic-like,0.06918506,False,CNV_low_candidate
GSM8848584_GGACCCACATGTGGCGACAGACCT-1,GSM8848584,0,Prostate epithelial - AR high,0.07848267,False,CNV_low_candidate
GSM8848584_GGACCTGCATTCCTGGACAGACCT-1,GSM8848584,2,Steroidogenic-like,0.06434094,False,CNV_low_candidate
GSM8848584_GGACCTGCATTTGGGAACAGACCT-1,GSM8848584,1,Neuroendocrine-like,0.020749908,False,CNV_low_candidate
GSM8848584_GGACCTTTCACAAGCGACAGACCT-1,GSM8848584,1,Neuroendocrine-like,0.028197123,False,CNV_low_candidate
GSM8848584_GGACCTTTCAGGCATGACAGACCT-1,GSM8848584,4,Fibroblast,0.03192818,False,reference_like
GSM8848584_GGACTAAGTTTCACCCACAGACCT-1,GSM8848584,1,Neuroendocrine-like,0.024423644,False,CNV_low_candidate
GSM8848584_GGACTTACACACAAATACAGACCT-1,GSM8848584,2,Steroidogenic-like,0.07776333,False,CNV_low_candidate
GSM8848584_GGAGCATGTTGGTTTAACAGACCT-1,GSM8848584,1,Neuroendocrine-like,0.0198612,False,CNV_low_candidate
GSM8848584_GGAGCTATCCACTAATACAGACCT-1,GSM8848584,0,Prostate epithelial - AR high,0.043631103,False,CNV_low_candidate
GSM8848584_GGAGCTATCCGCCATGACAGACCT-1,GSM8848584,0,Prostate epithelial - AR high,0.10095337,True,CNV_high_candidate
GSM8848584_GGAGCTATCCTTAGATACAGACCT-1,GSM8848584,2,Steroidogenic-like,0.09425558,False,CNV_low_candidate
GSM8848584_GGAGCTATCGCCTAACACAGACCT-1,GSM8848584,2,Steroidogenic-like,0.05032239,False,CNV_low_candidate
GSM8848584_GGAGGTACAACTAAACACAGACCT-1,GSM8848584,1,Neuroendocrine-like,0.053790905,False,CNV_low_candidate
GSM8848584_GGAGGTACAAGAAATGACAGACCT-1,GSM8848584,2,Steroidogenic-like,0.06449688,False,CNV_low_candidate
GSM8848584_GGAGGTACAAGGTTATACAGACCT-1,GSM8848584,0,Prostate epithelial - AR high,0.11803474,True,CNV_high_candidate
GSM8848584_GGAGGTACAAGTTCCTACAGACCT-1,GSM8848584,1,Neuroendocrine-like,0.024182135,False,CNV_low_candidate
GSM8848584_GGAGTCATCTGCCATAACAGACCT-1,GSM8848584,2,Steroidogenic-like,0.06261796,False,CNV_low_candidate
GSM8848584_GGAGTCGGTAACTAGGACAGACCT-1,GSM8848584,2,Steroidogenic-like,0.028826825,False,CNV_low_candidate
GSM8848584_GGAGTCGGTGCATTACACAGACCT-1,GSM8848584,5,T/NK lymphocyte,0.05029815,False,reference_like
GSM8848584_GGAGTCGGTTCATTGAACAGACCT-1,GSM8848584,4,Fibroblast,0.0676139,False,reference_like
GSM8848584_GGATAATGTACGTAAGACAGACCT-1,GSM8848584,2,Steroidogenic-like,0.070484795,False,CNV_low_candidate
GSM8848584_GGATAATGTGGTTAAGACAGACCT-1,GSM8848584,2,Steroidogenic-like,0.03178243,False,CNV_low_candidate
GSM8848584_GGATAATGTTAGCGGGACAGACCT-1,GSM8848584,5,T/NK lymphocyte,0.03873151,False,reference_like
GSM8848584_GGATAGGCAATAGAGAACAGACCT-1,GSM8848584,0,Prostate epithelial - AR high,0.1405718,True,CNV_high_candidate
GSM8848584_GGATAGGCATAGGGTCACAGACCT-1,GSM8848584,2,Steroidogenic-like,0.10347951,True,CNV_high_candidate
GSM8848584_GGATATTCAAGTCGCGACAGACCT-1,GSM8848584,6,Macrophage,0.020646546,False,reference_like
GSM8848584_GGATCCGCACCTATCGACAGACCT-1,GSM8848584,2,Steroidogenic-like,0.022404106,False,CNV_low_candidate
GSM8848584_GGATGTCCAAACAAGAACAGACCT-1,GSM8848584,0,Prostate epithelial - AR high,0.03576865,False,CNV_low_candidate
GSM8848584_GGATGTCCAAGATAAGACAGACCT-1,GSM8848584,2,Steroidogenic-like,0.015532211,False,CNV_low_candidate
GSM8848584_GGATGTCCACCTATCGACAGACCT-1,GSM8848584,1,Neuroendocrine-like,0.07283353,False,CNV_low_candidate
GSM8848584_GGATTGAGTAGCCTTGACAGACCT-1,GSM8848584,2,Steroidogenic-like,0.0675499,False,CNV_low_candidate
GSM8848584_GGATTGAGTTCTCAAAACAGACCT-1,GSM8848584,1,Neuroendocrine-like,0.02781319,False,CNV_low_candidate
GSM8848584_GGATTGAGTTTGGCCAACAGACCT-1,GSM8848584,5,T/NK lymphocyte,0.032375567,False,reference_like
GSM8848584_GGATTGCCAAAGCTCAACAGACCT-1,GSM8848584,0,Prostate epithelial - AR high,0.12507628,True,CNV_high_candidate
GSM8848584_GGATTGGTCACAAAGCACAGACCT-1,GSM8848584,0,Prostate epithelial - AR high,0.04040917,False,CNV_low_candidate
GSM8848584_GGATTGGTCCATAGGGACAGACCT-1,GSM8848584,4,Fibroblast,0.01770453,False,reference_like
GSM8848584_GGCAAATTCGCGGAACACAGACCT-1,GSM8848584,4,Fibroblast,0.03600212,False,reference_like
GSM8848584_GGCAACATCATCGATTACAGACCT-1,GSM8848584,4,Fibroblast,0.06440474,False,reference_like
GSM8848584_GGCAAGCTCCTTTAGGACAGACCT-1,GSM8848584,5,T/NK lymphocyte,0.053764928,False,reference_like
GSM8848584_GGCAATAGTCACAGAAACAGACCT-1,GSM8848584,4,Fibroblast,0.023052234,False,reference_like
GSM8848584_GGCAATAGTGCACAAAACAGACCT-1,GSM8848584,0,Prostate epithelial - AR high,0.1572577,True,CNV_high_candidate
GSM8848584_GGCACAATCAGGTTGGACAGACCT-1,GSM8848584,2,Steroidogenic-like,0.027095588,False,CNV_low_candidate
GSM8848584_GGCACAATCCTGGATCACAGACCT-1,GSM8848584,4,Fibroblast,0.041887764,False,reference_like
GSM8848584_GGCACAATCCTTGAGCACAGACCT-1,GSM8848584,6,Macrophage,0.025532795,False,reference_like
GSM8848584_GGCACGTAGTCTAACTACAGACCT-1,GSM8848584,2,Steroidogenic-like,0.017511547,False,CNV_low_candidate
GSM8848584_GGCAGGTTCACAGGGCACAGACCT-1,GSM8848584,3,Endothelial,0.08299275,False,reference_like
GSM8848584_GGCAGGTTCGACCGTTACAGACCT-1,GSM8848584,0,Prostate epithelial - AR high,0.1115943,True,CNV_high_candidate
GSM8848584_GGCATGATCACGGACAACAGACCT-1,GSM8848584,0,Prostate epithelial - AR high,0.082365535,False,CNV_low_candidate
GSM8848584_GGCATGATCTAATCACACAGACCT-1,GSM8848584,1,Neuroendocrine-like,0.026654642,False,CNV_low_candidate
GSM8848584_GGCATGATCTATCTGGACAGACCT-1,GSM8848584,0,Prostate epithelial - AR high,0.13000153,True,CNV_high_candidate
GSM8848584_GGCATGATCTCCATCTACAGACCT-1,GSM8848584,2,Steroidogenic-like,0.071403764,False,CNV_low_candidate
GSM8848584_GGCATGTCAACAGGGAACAGACCT-1,GSM8848584,0,Prostate epithelial - AR high,0.12608492,True,CNV_high_candidate
GSM8848584_GGCATGTCAGCACGTGACAGACCT-1,GSM8848584,0,Prostate epithelial - AR high,0.1552128,True,CNV_high_candidate
GSM8848584_GGCATTACAATGGCCGACAGACCT-1,GSM8848584,2,Steroidogenic-like,0.06569497,False,CNV_low_candidate
GSM8848584_GGCATTTGTCAAAGATACAGACCT-1,GSM8848584,2,Steroidogenic-like,0.07320874,False,CNV_low_candidate
GSM8848584_GGCATTTGTCCATCAGACAGACCT-1,GSM8848584,1,Neuroendocrine-like,0.030587012,False,CNV_low_candidate
GSM8848584_GGCATTTGTCCGCTAAACAGACCT-1,GSM8848584,2,Steroidogenic-like,0.065922864,False,CNV_low_candidate
GSM8848584_GGCATTTGTCCTCCTGACAGACCT-1,GSM8848584,0,Prostate epithelial - AR high,0.080327794,False,CNV_low_candidate
GSM8848584_GGCCAGTAGCTGATTTACAGACCT-1,GSM8848584,4,Fibroblast,0.04446966,False,reference_like
GSM8848584_GGCCATCGTTGCCTGAACAGACCT-1,GSM8848584,0,Prostate epithelial - AR high,0.042681623,False,CNV_low_candidate
GSM8848584_GGCCATTTCTCTATGGACAGACCT-1,GSM8848584,0,Prostate epithelial - AR high,0.041783694,False,CNV_low_candidate
GSM8848584_GGCCGTTGTCCCTCTGACAGACCT-1,GSM8848584,0,Prostate epithelial - AR high,0.042969655,False,CNV_low_candidate
GSM8848584_GGCCGTTGTGTTAGTCACAGACCT-1,GSM8848584,2,Steroidogenic-like,0.059359223,False,CNV_low_candidate
GSM8848584_GGCCTAAAGGCAATCGACAGACCT-1,GSM8848584,0,Prostate epithelial - AR high,0.079508334,False,CNV_low_candidate
GSM8848584_GGCCTAAAGGTTCTTGACAGACCT-1,GSM8848584,1,Neuroendocrine-like,0.029797304,False,CNV_low_candidate
GSM8848584_GGCCTAAAGTCGCGAAACAGACCT-1,GSM8848584,0,Prostate epithelial - AR high,0.09850447,False,CNV_low_candidate
GSM8848584_GGCCTAAAGTTACCCAACAGACCT-1,GSM8848584,2,Steroidogenic-like,0.06328565,False,CNV_low_candidate
GSM8848584_GGCCTATTCACTTGATACAGACCT-1,GSM8848584,2,Steroidogenic-like,0.029274637,False,CNV_low_candidate
GSM8848584_GGCCTATTCCAAAGGTACAGACCT-1,GSM8848584,2,Steroidogenic-like,0.06655765,False,CNV_low_candidate
GSM8848584_GGCCTATTCCTCAAGCACAGACCT-1,GSM8848584,2,Steroidogenic-like,0.06641014,False,CNV_low_candidate
GSM8848584_GGCCTTTAGTCATGAAACAGACCT-1,GSM8848584,2,Steroidogenic-like,0.036966138,False,CNV_low_candidate
GSM8848584_GGCCTTTAGTCTAATCACAGACCT-1,GSM8848584,2,Steroidogenic-like,0.07197773,False,CNV_low_candidate
GSM8848584_GGCGAAACATACTTCAACAGACCT-1,GSM8848584,2,Steroidogenic-like,0.0639795,False,CNV_low_candidate
GSM8848584_GGCGAATGTAACGTGAACAGACCT-1,GSM8848584,2,Steroidogenic-like,0.052833494,False,CNV_low_candidate
GSM8848584_GGCGATTCAAGAACAAACAGACCT-1,GSM8848584,4,Fibroblast,0.052866474,False,reference_like
GSM8848584_GGCGATTCATTGTGTCACAGACCT-1,GSM8848584,0,Prostate epithelial - AR high,0.09665881,False,CNV_low_candidate
GSM8848584_GGCGCAAGTGCATCGCACAGACCT-1,GSM8848584,2,Steroidogenic-like,0.05759182,False,CNV_low_candidate
GSM8848584_GGCGCTTGTATGGTGAACAGACCT-1,GSM8848584,4,Fibroblast,0.029178562,False,reference_like
GSM8848584_GGCGTAATCACACAAAACAGACCT-1,GSM8848584,4,Fibroblast,0.023998963,False,reference_like
GSM8848584_GGCGTAATCGGGACTAACAGACCT-1,GSM8848584,1,Neuroendocrine-like,0.028949553,False,CNV_low_candidate
GSM8848584_GGCTAATAGACTCCTAACAGACCT-1,GSM8848584,4,Fibroblast,0.034800235,False,reference_like
GSM8848584_GGCTAATAGTGAATCAACAGACCT-1,GSM8848584,2,Steroidogenic-like,0.067546345,False,CNV_low_candidate
GSM8848584_GGCTATTGTAACGGGTACAGACCT-1,GSM8848584,2,Steroidogenic-like,0.09980954,True,CNV_high_candidate
GSM8848584_GGCTATTGTGTTCCAGACAGACCT-1,GSM8848584,0,Prostate epithelial - AR high,0.07458677,False,CNV_low_candidate
GSM8848584_GGCTATTGTTAATCCAACAGACCT-1,GSM8848584,2,Steroidogenic-like,0.06626826,False,CNV_low_candidate
GSM8848584_GGCTCAAAGAAACTCAACAGACCT-1,GSM8848584,0,Prostate epithelial - AR high,0.12734705,True,CNV_high_candidate
GSM8848584_GGCTCAAAGGAAACTCACAGACCT-1,GSM8848584,1,Neuroendocrine-like,0.024088455,False,CNV_low_candidate
GSM8848584_GGCTGAGGTCACTAGTACAGACCT-1,GSM8848584,0,Prostate epithelial - AR high,0.14776915,True,CNV_high_candidate
GSM8848584_GGCTGAGGTGCTTCTCACAGACCT-1,GSM8848584,0,Prostate epithelial - AR high,0.04499491,False,CNV_low_candidate
GSM8848584_GGCTGAGGTTAACGAGACAGACCT-1,GSM8848584,4,Fibroblast,0.043199886,False,reference_like
GSM8848584_GGCTGATCATGCAATGACAGACCT-1,GSM8848584,1,Neuroendocrine-like,0.060608212,False,CNV_low_candidate
GSM8848584_GGCTGGTAGGTTGTAAACAGACCT-1,GSM8848584,1,Neuroendocrine-like,0.02715398,False,CNV_low_candidate
GSM8848584_GGCTGTGCATAGACCAACAGACCT-1,GSM8848584,2,Steroidogenic-like,0.020632839,False,CNV_low_candidate
GSM8848584_GGCTTAACAATACTGGACAGACCT-1,GSM8848584,0,Prostate epithelial - AR high,0.089910164,False,CNV_low_candidate
GSM8848584_GGCTTAGAGACCATTTACAGACCT-1,GSM8848584,4,Fibroblast,0.121186025,True,reference_like
GSM8848584_GGCTTAGAGCTTACATACAGACCT-1,GSM8848584,0,Prostate epithelial - AR high,0.10281391,True,CNV_high_candidate
GSM8848584_GGCTTAGAGCTTACTGACAGACCT-1,GSM8848584,1,Neuroendocrine-like,0.059575144,False,CNV_low_candidate
GSM8848584_GGCTTAGAGTGATTTCACAGACCT-1,GSM8848584,1,Neuroendocrine-like,0.01627426,False,CNV_low_candidate
GSM8848584_GGCTTAGAGTTTCGGCACAGACCT-1,GSM8848584,0,Prostate epithelial - AR high,0.11338295,True,CNV_high_candidate
GSM8848584_GGCTTATGTGCTCATGACAGACCT-1,GSM8848584,2,Steroidogenic-like,0.030162716,False,CNV_low_candidate
GSM8848584_GGCTTGAAGAAACTCAACAGACCT-1,GSM8848584,0,Prostate epithelial - AR high,0.04131372,False,CNV_low_candidate
GSM8848584_GGCTTGAAGATTCATCACAGACCT-1,GSM8848584,0,Prostate epithelial - AR high,0.14014979,True,CNV_high_candidate
GSM8848584_GGCTTGAAGCAGCCAAACAGACCT-1,GSM8848584,0,Prostate epithelial - AR high,0.05611344,False,CNV_low_candidate
GSM8848584_GGCTTGAAGGATCCAGACAGACCT-1,GSM8848584,2,Steroidogenic-like,0.09761309,False,CNV_low_candidate
GSM8848584_GGCTTGAAGGATCCCTACAGACCT-1,GSM8848584,0,Prostate epithelial - AR high,0.10929384,True,CNV_high_candidate
GSM8848584_GGCTTGAAGGGAGGCAACAGACCT-1,GSM8848584,0,Prostate epithelial - AR high,0.057608634,False,CNV_low_candidate
GSM8848584_GGCTTGAAGTGCCCTGACAGACCT-1,GSM8848584,2,Steroidogenic-like,0.023150638,False,CNV_low_candidate
GSM8848584_GGCTTGAAGTTAGTTCACAGACCT-1,GSM8848584,0,Prostate epithelial - AR high,0.13386998,True,CNV_high_candidate
GSM8848584_GGCTTGCGTCAATCGTACAGACCT-1,GSM8848584,0,Prostate epithelial - AR high,0.05837574,False,CNV_low_candidate
GSM8848584_GGCTTGTTCAATCGCCACAGACCT-1,GSM8848584,2,Steroidogenic-like,0.04318729,False,CNV_low_candidate
GSM8848584_GGCTTGTTCGCTTGACACAGACCT-1,GSM8848584,3,Endothelial,0.06846724,False,reference_like
GSM8848584_GGCTTGTTCTAGTTACACAGACCT-1,GSM8848584,3,Endothelial,0.01940842,False,reference_like
GSM8848584_GGGAAGTAGCAATTGAACAGACCT-1,GSM8848584,2,Steroidogenic-like,0.029674351,False,CNV_low_candidate
GSM8848584_GGGAAGTAGCTCAACCACAGACCT-1,GSM8848584,2,Steroidogenic-like,0.09153284,False,CNV_low_candidate
GSM8848584_GGGAAGTAGGATTAGCACAGACCT-1,GSM8848584,5,T/NK lymphocyte,0.030918593,False,reference_like
GSM8848584_GGGAAGTAGGTTTCGCACAGACCT-1,GSM8848584,2,Steroidogenic-like,0.04941686,False,CNV_low_candidate
GSM8848584_GGGAAGTAGTGTGAGTACAGACCT-1,GSM8848584,1,Neuroendocrine-like,0.055109646,False,CNV_low_candidate
GSM8848584_GGGACAACAAGGTGTCACAGACCT-1,GSM8848584,0,Prostate epithelial - AR high,0.052993227,False,CNV_low_candidate
GSM8848584_GGGACAACATGTTTCAACAGACCT-1,GSM8848584,2,Steroidogenic-like,0.04373434,False,CNV_low_candidate
GSM8848584_GGGACTCAGATGAAGGACAGACCT-1,GSM8848584,4,Fibroblast,0.100854404,True,reference_like
GSM8848584_GGGAGTCTCTCACTAGACAGACCT-1,GSM8848584,2,Steroidogenic-like,0.064909294,False,CNV_low_candidate
GSM8848584_GGGAGTGAGAGGATGAACAGACCT-1,GSM8848584,0,Prostate epithelial - AR high,0.096277244,False,CNV_low_candidate
GSM8848584_GGGAGTGAGCAGGCTAACAGACCT-1,GSM8848584,2,Steroidogenic-like,0.040287115,False,CNV_low_candidate
GSM8848584_GGGAGTGAGCGATAACACAGACCT-1,GSM8848584,3,Endothelial,0.02334666,False,reference_like
GSM8848584_GGGATAAAGAACCTAAACAGACCT-1,GSM8848584,1,Neuroendocrine-like,0.055557836,False,CNV_low_candidate
GSM8848584_GGGATATTCACGAACGACAGACCT-1,GSM8848584,0,Prostate epithelial - AR high,0.07924365,False,CNV_low_candidate
GSM8848584_GGGATGACATCGTTCGACAGACCT-1,GSM8848584,0,Prostate epithelial - AR high,0.06950367,False,CNV_low_candidate
GSM8848584_GGGATGGAGATAACCAACAGACCT-1,GSM8848584,1,Neuroendocrine-like,0.1057734,True,CNV_high_candidate
GSM8848584_GGGATGGAGGATGAAGACAGACCT-1,GSM8848584,1,Neuroendocrine-like,0.04615953,False,CNV_low_candidate
GSM8848584_GGGATGGAGGGAGGCAACAGACCT-1,GSM8848584,2,Steroidogenic-like,0.059095047,False,CNV_low_candidate
GSM8848584_GGGATTTAGGTTAGTAACAGACCT-1,GSM8848584,0,Prostate epithelial - AR high,0.08469026,False,CNV_low_candidate
GSM8848584_GGGCAATGTCAAAGATACAGACCT-1,GSM8848584,1,Neuroendocrine-like,0.052383427,False,CNV_low_candidate
GSM8848584_GGGCAATGTGATGCAAACAGACCT-1,GSM8848584,0,Prostate epithelial - AR high,0.03328495,False,CNV_low_candidate
GSM8848584_GGGCAATGTTTGCAACACAGACCT-1,GSM8848584,2,Steroidogenic-like,0.05922139,False,CNV_low_candidate
GSM8848584_GGGCTAATCAACCAAAACAGACCT-1,GSM8848584,2,Steroidogenic-like,0.1125062,True,CNV_high_candidate
GSM8848584_GGGCTAATCAGCGAATACAGACCT-1,GSM8848584,1,Neuroendocrine-like,0.061080866,False,CNV_low_candidate
GSM8848584_GGGCTAATCATAATGGACAGACCT-1,GSM8848584,3,Endothelial,0.024540372,False,reference_like
GSM8848584_GGGCTAATCCAAACGGACAGACCT-1,GSM8848584,0,Prostate epithelial - AR high,0.1507775,True,CNV_high_candidate
GSM8848584_GGGCTAATCCAGCTTAACAGACCT-1,GSM8848584,2,Steroidogenic-like,0.05115192,False,CNV_low_candidate
GSM8848584_GGGCTTAAGAGGATGAACAGACCT-1,GSM8848584,0,Prostate epithelial - AR high,0.05825847,False,CNV_low_candidate
GSM8848584_GGGTGAGAGGAAACTCACAGACCT-1,GSM8848584,0,Prostate epithelial - AR high,0.0210184,False,CNV_low_candidate
GSM8848584_GGGTGAGAGGTAATGCACAGACCT-1,GSM8848584,0,Prostate epithelial - AR high,0.08901249,False,CNV_low_candidate
GSM8848584_GGGTTAGTCGCGGATAACAGACCT-1,GSM8848584,3,Endothelial,0.026889926,False,reference_like
GSM8848584_GGGTTATAGCTTAGTTACAGACCT-1,GSM8848584,0,Prostate epithelial - AR high,0.054482635,False,CNV_low_candidate
GSM8848584_GGGTTATAGGATGTTAACAGACCT-1,GSM8848584,2,Steroidogenic-like,0.027990906,False,CNV_low_candidate
GSM8848584_GGGTTATAGTCAACAAACAGACCT-1,GSM8848584,4,Fibroblast,0.09225949,False,reference_like
GSM8848584_GGGTTGGGTATTGTCAACAGACCT-1,GSM8848584,1,Neuroendocrine-like,0.017050214,False,CNV_low_candidate
GSM8848584_GGGTTGGGTTGGTTTAACAGACCT-1,GSM8848584,2,Steroidogenic-like,0.044834215,False,CNV_low_candidate
GSM8848584_GGGTTTCTCAACCGGAACAGACCT-1,GSM8848584,0,Prostate epithelial - AR high,0.097201884,False,CNV_low_candidate
GSM8848584_GGTAACCCAAGTTTCCACAGACCT-1,GSM8848584,1,Neuroendocrine-like,0.073595524,False,CNV_low_candidate
GSM8848584_GGTAACCCAATGAATCACAGACCT-1,GSM8848584,1,Neuroendocrine-like,0.018216422,False,CNV_low_candidate
GSM8848584_GGTAACCCAATGTTCCACAGACCT-1,GSM8848584,4,Fibroblast,0.017846132,False,reference_like
GSM8848584_GGTAACCCATTACTCAACAGACCT-1,GSM8848584,0,Prostate epithelial - AR high,0.13169989,True,CNV_high_candidate
GSM8848584_GGTAATGGTCGAGGCAACAGACCT-1,GSM8848584,0,Prostate epithelial - AR high,0.10193572,True,CNV_high_candidate
GSM8848584_GGTAATGGTTGACCCAACAGACCT-1,GSM8848584,2,Steroidogenic-like,0.04221573,False,CNV_low_candidate
GSM8848584_GGTACCGCATGGATTGACAGACCT-1,GSM8848584,0,Prostate epithelial - AR high,0.05004168,False,CNV_low_candidate
GSM8848584_GGTACCGCATTGTGAGACAGACCT-1,GSM8848584,0,Prostate epithelial - AR high,0.10176372,True,CNV_high_candidate
GSM8848584_GGTACGTCAAGTTAACACAGACCT-1,GSM8848584,5,T/NK lymphocyte,0.042223576,False,reference_like
GSM8848584_GGTACGTCATCGAACAACAGACCT-1,GSM8848584,0,Prostate epithelial - AR high,0.04505763,False,CNV_low_candidate
GSM8848584_GGTACTGAGGAGCCGTACAGACCT-1,GSM8848584,2,Steroidogenic-like,0.05589563,False,CNV_low_candidate
GSM8848584_GGTACTGAGTAAGCTAACAGACCT-1,GSM8848584,0,Prostate epithelial - AR high,0.04188302,False,CNV_low_candidate
GSM8848584_GGTAGTTAGGGTTTGGACAGACCT-1,GSM8848584,0,Prostate epithelial - AR high,0.047040567,False,CNV_low_candidate
GSM8848584_GGTAGTTAGTCCTGACACAGACCT-1,GSM8848584,1,Neuroendocrine-like,0.05469134,False,CNV_low_candidate
GSM8848584_GGTAGTTAGTGATTTCACAGACCT-1,GSM8848584,2,Steroidogenic-like,0.060586203,False,CNV_low_candidate
GSM8848584_GGTCACGCACAGCCAGACAGACCT-1,GSM8848584,5,T/NK lymphocyte,0.020992879,False,reference_like
GSM8848584_GGTCATTGTCGAATCTACAGACCT-1,GSM8848584,5,T/NK lymphocyte,0.04035259,False,reference_like
GSM8848584_GGTCATTGTTGTGAGAACAGACCT-1,GSM8848584,3,Endothelial,0.08822198,False,reference_like
GSM8848584_GGTCCGTGTACGTTCGACAGACCT-1,GSM8848584,3,Endothelial,0.04912945,False,reference_like
GSM8848584_GGTCCGTGTATGGTGAACAGACCT-1,GSM8848584,2,Steroidogenic-like,0.03196279,False,CNV_low_candidate
GSM8848584_GGTCCGTGTGGTGAGTACAGACCT-1,GSM8848584,1,Neuroendocrine-like,0.033224143,False,CNV_low_candidate
GSM8848584_GGTCCGTGTTGCGGGAACAGACCT-1,GSM8848584,0,Prostate epithelial - AR high,0.04968104,False,CNV_low_candidate
GSM8848584_GGTCTAACACATGCTTACAGACCT-1,GSM8848584,2,Steroidogenic-like,0.08973112,False,CNV_low_candidate
GSM8848584_GGTGAACGTACGGTTTACAGACCT-1,GSM8848584,6,Macrophage,0.070257954,False,reference_like
GSM8848584_GGTGAAGCAGCTAAGCACAGACCT-1,GSM8848584,0,Prostate epithelial - AR high,0.09947364,True,CNV_high_candidate
GSM8848584_GGTGAAGCAGGCAACTACAGACCT-1,GSM8848584,0,Prostate epithelial - AR high,0.05917375,False,CNV_low_candidate
GSM8848584_GGTGAAGCATAGACGCACAGACCT-1,GSM8848584,2,Steroidogenic-like,0.05360115,False,CNV_low_candidate
GSM8848584_GGTGATTAGTATGGGTACAGACCT-1,GSM8848584,2,Steroidogenic-like,0.04972141,False,CNV_low_candidate
GSM8848584_GGTGCACAGCAATTGAACAGACCT-1,GSM8848584,2,Steroidogenic-like,0.059878875,False,CNV_low_candidate
GSM8848584_GGTGCACAGCCATAAAACAGACCT-1,GSM8848584,5,T/NK lymphocyte,0.0305663,False,reference_like
GSM8848584_GGTGCACAGGATCCAGACAGACCT-1,GSM8848584,0,Prostate epithelial - AR high,0.03968304,False,CNV_low_candidate
GSM8848584_GGTGCTGCAATTAGCGACAGACCT-1,GSM8848584,3,Endothelial,0.0626059,False,reference_like
GSM8848584_GGTGCTGCATCACTCGACAGACCT-1,GSM8848584,1,Neuroendocrine-like,0.03458979,False,CNV_low_candidate
GSM8848584_GGTGCTTTCACAAGCGACAGACCT-1,GSM8848584,6,Macrophage,0.05844889,False,reference_like
GSM8848584_GGTGGATGTACAAACGACAGACCT-1,GSM8848584,0,Prostate epithelial - AR high,0.040224444,False,CNV_low_candidate
GSM8848584_GGTGGATGTACGTAAGACAGACCT-1,GSM8848584,2,Steroidogenic-like,0.06012281,False,CNV_low_candidate
GSM8848584_GGTGGATGTCTGTCAGACAGACCT-1,GSM8848584,0,Prostate epithelial - AR high,0.04513456,False,CNV_low_candidate
GSM8848584_GGTGTCGCACCACATTACAGACCT-1,GSM8848584,3,Endothelial,0.021784876,False,reference_like
GSM8848584_GGTGTCGCATTGACTCACAGACCT-1,GSM8848584,4,Fibroblast,0.018388188,False,reference_like
GSM8848584_GGTGTGATCACTAATCACAGACCT-1,GSM8848584,0,Prostate epithelial - AR high,0.061296675,False,CNV_low_candidate
GSM8848584_GGTGTGCAGAGGAAATACAGACCT-1,GSM8848584,2,Steroidogenic-like,0.051508788,False,CNV_low_candidate
GSM8848584_GGTGTGCAGCTAGATAACAGACCT-1,GSM8848584,6,Macrophage,0.06691783,False,reference_like
GSM8848584_GGTGTTACATCGTTCGACAGACCT-1,GSM8848584,4,Fibroblast,0.026267383,False,reference_like
GSM8848584_GGTGTTTGTCATCCTCACAGACCT-1,GSM8848584,0,Prostate epithelial - AR high,0.034726847,False,CNV_low_candidate
GSM8848584_GGTGTTTGTTCACCAGACAGACCT-1,GSM8848584,2,Steroidogenic-like,0.067286246,False,CNV_low_candidate
GSM8848584_GGTTAAATCATGCGGAACAGACCT-1,GSM8848584,0,Prostate epithelial - AR high,0.10878377,True,CNV_high_candidate
GSM8848584_GGTTAAATCTGGCCCAACAGACCT-1,GSM8848584,2,Steroidogenic-like,0.11778669,True,CNV_high_candidate
GSM8848584_GGTTAATCAATAGAGAACAGACCT-1,GSM8848584,1,Neuroendocrine-like,0.019642925,False,CNV_low_candidate
GSM8848584_GGTTAATCAATCAAGTACAGACCT-1,GSM8848584,0,Prostate epithelial - AR high,0.11414557,True,CNV_high_candidate
GSM8848584_GGTTACCTCAAGCTCCACAGACCT-1,GSM8848584,2,Steroidogenic-like,0.09575138,False,CNV_low_candidate
GSM8848584_GGTTACCTCAGGCAATACAGACCT-1,GSM8848584,2,Steroidogenic-like,0.05698907,False,CNV_low_candidate
GSM8848584_GGTTACCTCCCATAATACAGACCT-1,GSM8848584,2,Steroidogenic-like,0.07252432,False,CNV_low_candidate
GSM8848584_GGTTAGTAGGATGAAGACAGACCT-1,GSM8848584,3,Endothelial,0.035632897,False,reference_like
GSM8848584_GGTTCACTCAATGTTCACAGACCT-1,GSM8848584,0,Prostate epithelial - AR high,0.08195299,False,CNV_low_candidate
GSM8848584_GGTTCACTCACGTTATACAGACCT-1,GSM8848584,3,Endothelial,0.016304327,False,reference_like
GSM8848584_GGTTGACCAACCGGATACAGACCT-1,GSM8848584,0,Prostate epithelial - AR high,0.047753982,False,CNV_low_candidate
GSM8848584_GGTTGACCACTGTCATACAGACCT-1,GSM8848584,0,Prostate epithelial - AR high,0.11961661,True,CNV_high_candidate
GSM8848584_GGTTGACCAGAAAGGTACAGACCT-1,GSM8848584,3,Endothelial,0.031314574,False,reference_like
GSM8848584_GGTTTAAAGCACGTTCACAGACCT-1,GSM8848584,2,Steroidogenic-like,0.022461217,False,CNV_low_candidate
GSM8848584_GGTTTACGTCACTATAACAGACCT-1,GSM8848584,0,Prostate epithelial - AR high,0.13981183,True,CNV_high_candidate
GSM8848584_GGTTTACGTCGAAGCGACAGACCT-1,GSM8848584,2,Steroidogenic-like,0.07800414,False,CNV_low_candidate
GSM8848584_GGTTTACGTTGCGGCTACAGACCT-1,GSM8848584,2,Steroidogenic-like,0.036777355,False,CNV_low_candidate
GSM8848584_GGTTTAGCATGCTCCAACAGACCT-1,GSM8848584,3,Endothelial,0.08072247,False,reference_like
GSM8848584_GGTTTATTCACCAGGAACAGACCT-1,GSM8848584,1,Neuroendocrine-like,0.029592607,False,CNV_low_candidate
GSM8848584_GGTTTATTCATAATGGACAGACCT-1,GSM8848584,2,Steroidogenic-like,0.062833644,False,CNV_low_candidate
GSM8848584_GGTTTCCAGGTTAGCGACAGACCT-1,GSM8848584,0,Prostate epithelial - AR high,0.036495004,False,CNV_low_candidate
GSM8848584_GGTTTCCAGTCTATGTACAGACCT-1,GSM8848584,2,Steroidogenic-like,0.09228124,False,CNV_low_candidate
GSM8848584_GGTTTCTCACATACCTACAGACCT-1,GSM8848584,0,Prostate epithelial - AR high,0.047601633,False,CNV_low_candidate
GSM8848584_GGTTTCTCACGGTAACACAGACCT-1,GSM8848584,2,Steroidogenic-like,0.017945526,False,CNV_low_candidate
GSM8848584_GGTTTCTCAGGAGCAAACAGACCT-1,GSM8848584,6,Macrophage,0.023565715,False,reference_like
GSM8848584_GGTTTGTGTTAACGAGACAGACCT-1,GSM8848584,1,Neuroendocrine-like,0.031851824,False,CNV_low_candidate
GSM8848584_GTAAACCAGAACCTCCACAGACCT-1,GSM8848584,4,Fibroblast,0.10540615,True,reference_like
GSM8848584_GTAAACCAGTGAGTTAACAGACCT-1,GSM8848584,2,Steroidogenic-like,0.05856792,False,CNV_low_candidate
GSM8848584_GTAAACCAGTTAGGCGACAGACCT-1,GSM8848584,2,Steroidogenic-like,0.04293453,False,CNV_low_candidate
GSM8848584_GTAAACGGTCAATACCACAGACCT-1,GSM8848584,0,Prostate epithelial - AR high,0.05608669,False,CNV_low_candidate
GSM8848584_GTAAAGCTCCTGATCAACAGACCT-1,GSM8848584,2,Steroidogenic-like,0.04504883,False,CNV_low_candidate
GSM8848584_GTAAAGCTCCTTAGATACAGACCT-1,GSM8848584,6,Macrophage,0.025279537,False,reference_like
GSM8848584_GTAAAGCTCTTTGGTGACAGACCT-1,GSM8848584,0,Prostate epithelial - AR high,0.061227456,False,CNV_low_candidate
GSM8848584_GTAAAGGAGCAGGTTGACAGACCT-1,GSM8848584,1,Neuroendocrine-like,0.026675072,False,CNV_low_candidate
GSM8848584_GTAAAGGAGGTGAGCCACAGACCT-1,GSM8848584,6,Macrophage,0.032450084,False,reference_like
GSM8848584_GTAAAGGAGTAACGTAACAGACCT-1,GSM8848584,3,Endothelial,0.08494048,False,reference_like
GSM8848584_GTAAAGGAGTCGAAACACAGACCT-1,GSM8848584,6,Macrophage,0.06388956,False,reference_like
GSM8848584_GTAACCACACAGCCAGACAGACCT-1,GSM8848584,0,Prostate epithelial - AR high,0.12744534,True,CNV_high_candidate
GSM8848584_GTAACCTGTCCTCCTGACAGACCT-1,GSM8848584,0,Prostate epithelial - AR high,0.11269949,True,CNV_high_candidate
GSM8848584_GTAACCTGTGCTGAAAACAGACCT-1,GSM8848584,2,Steroidogenic-like,0.0703591,False,CNV_low_candidate
GSM8848584_GTAACTAAGATGATTGACAGACCT-1,GSM8848584,0,Prostate epithelial - AR high,0.1299181,True,CNV_high_candidate
GSM8848584_GTAACTAAGGCGATATACAGACCT-1,GSM8848584,1,Neuroendocrine-like,0.01637854,False,CNV_low_candidate
GSM8848584_GTAAGAACAATCGTTCACAGACCT-1,GSM8848584,0,Prostate epithelial - AR high,0.034633473,False,CNV_low_candidate
GSM8848584_GTAAGGTTCTGTCAATACAGACCT-1,GSM8848584,1,Neuroendocrine-like,0.028062204,False,CNV_low_candidate
GSM8848584_GTAATCCGTACTTAGCACAGACCT-1,GSM8848584,1,Neuroendocrine-like,0.06738157,False,CNV_low_candidate
GSM8848584_GTAATCCGTTAGCATCACAGACCT-1,GSM8848584,0,Prostate epithelial - AR high,0.14029838,True,CNV_high_candidate
GSM8848584_GTAATGGGTTCAAGCTACAGACCT-1,GSM8848584,2,Steroidogenic-like,0.031441234,False,CNV_low_candidate
GSM8848584_GTAATGGGTTGCGGGAACAGACCT-1,GSM8848584,2,Steroidogenic-like,0.06493615,False,CNV_low_candidate
GSM8848584_GTACCTATCCAATGAAACAGACCT-1,GSM8848584,3,Endothelial,0.11600778,True,reference_like
GSM8848584_GTACGCAAGATGATTGACAGACCT-1,GSM8848584,2,Steroidogenic-like,0.03732259,False,CNV_low_candidate
GSM8848584_GTACGCAAGGCCTCTGACAGACCT-1,GSM8848584,2,Steroidogenic-like,0.053085018,False,CNV_low_candidate
GSM8848584_GTACTGACAGGATCCGACAGACCT-1,GSM8848584,2,Steroidogenic-like,0.06829419,False,CNV_low_candidate
GSM8848584_GTAGCCCGTGTTTCGGACAGACCT-1,GSM8848584,2,Steroidogenic-like,0.071630634,False,CNV_low_candidate
GSM8848584_GTAGCCCGTTAGCGCCACAGACCT-1,GSM8848584,0,Prostate epithelial - AR high,0.105439246,True,CNV_high_candidate
GSM8848584_GTAGCCCGTTATGTGCACAGACCT-1,GSM8848584,2,Steroidogenic-like,0.08363013,False,CNV_low_candidate
GSM8848584_GTAGGCGGTATTGTCAACAGACCT-1,GSM8848584,2,Steroidogenic-like,0.029124454,False,CNV_low_candidate
GSM8848584_GTAGTAGGTAACTACCACAGACCT-1,GSM8848584,1,Neuroendocrine-like,0.059675932,False,CNV_low_candidate
GSM8848584_GTAGTAGGTCATGAAGACAGACCT-1,GSM8848584,0,Prostate epithelial - AR high,0.11864623,True,CNV_high_candidate
GSM8848584_GTAGTAGGTCTGTGATACAGACCT-1,GSM8848584,0,Prostate epithelial - AR high,0.043092813,False,CNV_low_candidate
GSM8848584_GTAGTAGGTTGGATAGACAGACCT-1,GSM8848584,4,Fibroblast,0.07507583,False,reference_like
GSM8848584_GTAGTCCTCGCGCATTACAGACCT-1,GSM8848584,2,Steroidogenic-like,0.07213933,False,CNV_low_candidate
GSM8848584_GTATACTTCACCATATACAGACCT-1,GSM8848584,0,Prostate epithelial - AR high,0.0949022,False,CNV_low_candidate
GSM8848584_GTATACTTCCGGACAAACAGACCT-1,GSM8848584,0,Prostate epithelial - AR high,0.05927286,False,CNV_low_candidate
GSM8848584_GTATGGGTCCCATAATACAGACCT-1,GSM8848584,6,Macrophage,0.08000107,False,reference_like
GSM8848584_GTATTACTCCATGATTACAGACCT-1,GSM8848584,0,Prostate epithelial - AR high,0.14576416,True,CNV_high_candidate
GSM8848584_GTATTACTCCTCACGGACAGACCT-1,GSM8848584,1,Neuroendocrine-like,0.04108718,False,CNV_low_candidate
GSM8848584_GTATTACTCGCGCATTACAGACCT-1,GSM8848584,6,Macrophage,0.05300666,False,reference_like
GSM8848584_GTATTACTCTTAAGCTACAGACCT-1,GSM8848584,2,Steroidogenic-like,0.06227965,False,CNV_low_candidate
GSM8848584_GTCAAAGGTACGGTTTACAGACCT-1,GSM8848584,2,Steroidogenic-like,0.02796554,False,CNV_low_candidate
GSM8848584_GTCAAAGGTGGCTCACACAGACCT-1,GSM8848584,2,Steroidogenic-like,0.04719203,False,CNV_low_candidate
GSM8848584_GTCAACTGTCGTAAAGACAGACCT-1,GSM8848584,2,Steroidogenic-like,0.014324823,False,CNV_low_candidate
GSM8848584_GTCAACTGTTGCGCTAACAGACCT-1,GSM8848584,0,Prostate epithelial - AR high,0.04110767,False,CNV_low_candidate
GSM8848584_GTCAACTGTTTGCAACACAGACCT-1,GSM8848584,2,Steroidogenic-like,0.03156523,False,CNV_low_candidate
GSM8848584_GTCACAACAAATATGCACAGACCT-1,GSM8848584,0,Prostate epithelial - AR high,0.12798187,True,CNV_high_candidate
GSM8848584_GTCACAACAAGATAAGACAGACCT-1,GSM8848584,2,Steroidogenic-like,0.09604431,False,CNV_low_candidate
GSM8848584_GTCACACTCCTTTCGTACAGACCT-1,GSM8848584,2,Steroidogenic-like,0.02348351,False,CNV_low_candidate
GSM8848584_GTCACACTCGCTTGCGACAGACCT-1,GSM8848584,1,Neuroendocrine-like,0.03895422,False,CNV_low_candidate
GSM8848584_GTCACTCAGTGATTAGACAGACCT-1,GSM8848584,2,Steroidogenic-like,0.059868168,False,CNV_low_candidate
GSM8848584_GTCAGTGAGATGCCTCACAGACCT-1,GSM8848584,4,Fibroblast,0.038619805,False,reference_like
GSM8848584_GTCATAAAGAAGCAAGACAGACCT-1,GSM8848584,0,Prostate epithelial - AR high,0.03693199,False,CNV_low_candidate
GSM8848584_GTCATAAAGACATAGCACAGACCT-1,GSM8848584,2,Steroidogenic-like,0.07888969,False,CNV_low_candidate
GSM8848584_GTCATAAAGACCTTTGACAGACCT-1,GSM8848584,2,Steroidogenic-like,0.041315027,False,CNV_low_candidate
GSM8848584_GTCATAAAGCGAAGCCACAGACCT-1,GSM8848584,1,Neuroendocrine-like,0.074909545,False,CNV_low_candidate
GSM8848584_GTCATAAAGGCTCCATACAGACCT-1,GSM8848584,0,Prostate epithelial - AR high,0.07275963,False,CNV_low_candidate
GSM8848584_GTCATCCAGATGAACCACAGACCT-1,GSM8848584,0,Prostate epithelial - AR high,0.07822096,False,CNV_low_candidate
GSM8848584_GTCATCCAGATTCATCACAGACCT-1,GSM8848584,3,Endothelial,0.02885555,False,reference_like
GSM8848584_GTCATCCAGGTTACTTACAGACCT-1,GSM8848584,1,Neuroendocrine-like,0.062149044,False,CNV_low_candidate
GSM8848584_GTCATTAGTAATGGTGACAGACCT-1,GSM8848584,4,Fibroblast,0.021094078,False,reference_like
GSM8848584_GTCATTAGTAGCTATCACAGACCT-1,GSM8848584,5,T/NK lymphocyte,0.082640074,False,reference_like
GSM8848584_GTCATTAGTTTGTCAAACAGACCT-1,GSM8848584,2,Steroidogenic-like,0.044651363,False,CNV_low_candidate
GSM8848584_GTCCAAACACCTTTGGACAGACCT-1,GSM8848584,2,Steroidogenic-like,0.062130902,False,CNV_low_candidate
GSM8848584_GTCCCTCTCATTACCGACAGACCT-1,GSM8848584,2,Steroidogenic-like,0.054366298,False,CNV_low_candidate
GSM8848584_GTCCGTTAGCCAAACGACAGACCT-1,GSM8848584,2,Steroidogenic-like,0.024381982,False,CNV_low_candidate
GSM8848584_GTCCGTTAGGAAGCCCACAGACCT-1,GSM8848584,2,Steroidogenic-like,0.07748579,False,CNV_low_candidate
GSM8848584_GTCCGTTAGGATGTTAACAGACCT-1,GSM8848584,3,Endothelial,0.025540777,False,reference_like
GSM8848584_GTCCGTTAGTTACACTACAGACCT-1,GSM8848584,1,Neuroendocrine-like,0.04428487,False,CNV_low_candidate
GSM8848584_GTCCTCACACCATCATACAGACCT-1,GSM8848584,4,Fibroblast,0.026619297,False,reference_like
GSM8848584_GTCCTGAGTCAACAAGACAGACCT-1,GSM8848584,2,Steroidogenic-like,0.031840637,False,CNV_low_candidate
GSM8848584_GTCCTTAAGAGGAAATACAGACCT-1,GSM8848584,1,Neuroendocrine-like,0.028394578,False,CNV_low_candidate
GSM8848584_GTCCTTAAGCTAAATGACAGACCT-1,GSM8848584,0,Prostate epithelial - AR high,0.06307147,False,CNV_low_candidate
GSM8848584_GTCCTTAAGGCTGTGAACAGACCT-1,GSM8848584,0,Prostate epithelial - AR high,0.0440624,False,CNV_low_candidate
GSM8848584_GTCGATTGTAGCCCGTACAGACCT-1,GSM8848584,4,Fibroblast,0.038802516,False,reference_like
GSM8848584_GTCGATTGTAGTAACGACAGACCT-1,GSM8848584,2,Steroidogenic-like,0.05642427,False,CNV_low_candidate
GSM8848584_GTCGATTGTCCTTCGTACAGACCT-1,GSM8848584,6,Macrophage,0.016606713,False,reference_like
GSM8848584_GTCGATTGTTCAAGCTACAGACCT-1,GSM8848584,6,Macrophage,0.023003755,False,reference_like
GSM8848584_GTCGGTTTCCCAGTACACAGACCT-1,GSM8848584,2,Steroidogenic-like,0.05645243,False,CNV_low_candidate
GSM8848584_GTCGGTTTCTTCGCCCACAGACCT-1,GSM8848584,3,Endothelial,0.03637736,False,reference_like
GSM8848584_GTCGTTATCGATTAAGACAGACCT-1,GSM8848584,1,Neuroendocrine-like,0.053644177,False,CNV_low_candidate
GSM8848584_GTCTTGCAGAAACCCGACAGACCT-1,GSM8848584,1,Neuroendocrine-like,0.07728269,False,CNV_low_candidate
GSM8848584_GTCTTGCAGACTGAGTACAGACCT-1,GSM8848584,6,Macrophage,0.021912131,False,reference_like
GSM8848584_GTCTTGCAGGAAACCTACAGACCT-1,GSM8848584,6,Macrophage,0.016255977,False,reference_like
GSM8848584_GTCTTGCAGGCCCATTACAGACCT-1,GSM8848584,1,Neuroendocrine-like,0.021783961,False,CNV_low_candidate
GSM8848584_GTGAAACTCGGGCAACACAGACCT-1,GSM8848584,2,Steroidogenic-like,0.07047629,False,CNV_low_candidate
GSM8848584_GTGAGTTAGCCTATATACAGACCT-1,GSM8848584,0,Prostate epithelial - AR high,0.03543256,False,CNV_low_candidate
GSM8848584_GTGCAAGTCAAGCTCCACAGACCT-1,GSM8848584,2,Steroidogenic-like,0.021809619,False,CNV_low_candidate
GSM8848584_GTGCAAGTCTAGTTACACAGACCT-1,GSM8848584,0,Prostate epithelial - AR high,0.072311416,False,CNV_low_candidate
GSM8848584_GTGCCTTAGAACCTCCACAGACCT-1,GSM8848584,3,Endothelial,0.031311866,False,reference_like
GSM8848584_GTGCCTTAGTGATTAGACAGACCT-1,GSM8848584,2,Steroidogenic-like,0.022437751,False,CNV_low_candidate
GSM8848584_GTGCGGTAGGAAACTCACAGACCT-1,GSM8848584,1,Neuroendocrine-like,0.06590917,False,CNV_low_candidate
GSM8848584_GTGCTCAGTCGTTCGAACAGACCT-1,GSM8848584,2,Steroidogenic-like,0.07138955,False,CNV_low_candidate
GSM8848584_GTGCTTATCAACCTATACAGACCT-1,GSM8848584,1,Neuroendocrine-like,0.021249676,False,CNV_low_candidate
GSM8848584_GTGCTTATCTGTGCACACAGACCT-1,GSM8848584,2,Steroidogenic-like,0.061794057,False,CNV_low_candidate
GSM8848584_GTGGAAGCAACTTCGTACAGACCT-1,GSM8848584,3,Endothelial,0.09872521,False,reference_like
GSM8848584_GTGGAAGCAGGACTACACAGACCT-1,GSM8848584,0,Prostate epithelial - AR high,0.03260563,False,CNV_low_candidate
GSM8848584_GTGGACATCAATGTTCACAGACCT-1,GSM8848584,5,T/NK lymphocyte,0.024846356,False,reference_like
GSM8848584_GTGGACATCAGCGAATACAGACCT-1,GSM8848584,0,Prostate epithelial - AR high,0.065854244,False,CNV_low_candidate
GSM8848584_GTGGACATCTTGAAGAACAGACCT-1,GSM8848584,0,Prostate epithelial - AR high,0.06864118,False,CNV_low_candidate
GSM8848584_GTGGACCAGACTCAAAACAGACCT-1,GSM8848584,2,Steroidogenic-like,0.08258884,False,CNV_low_candidate
GSM8848584_GTGGATTAGTTGCAAAACAGACCT-1,GSM8848584,0,Prostate epithelial - AR high,0.067488775,False,CNV_low_candidate
GSM8848584_GTGGATTAGTTGGCCTACAGACCT-1,GSM8848584,0,Prostate epithelial - AR high,0.06701768,False,CNV_low_candidate
GSM8848584_GTGGCGAGTCATCCCTACAGACCT-1,GSM8848584,5,T/NK lymphocyte,0.041113168,False,reference_like
GSM8848584_GTGGCGAGTTTGTCAAACAGACCT-1,GSM8848584,0,Prostate epithelial - AR high,0.09454825,False,CNV_low_candidate
GSM8848584_GTGGCGTAGTGTGCAGACAGACCT-1,GSM8848584,0,Prostate epithelial - AR high,0.04823666,False,CNV_low_candidate
GSM8848584_GTGGCTAAGCGAATACACAGACCT-1,GSM8848584,1,Neuroendocrine-like,0.04893334,False,CNV_low_candidate
GSM8848584_GTGGGAACAAATAACCACAGACCT-1,GSM8848584,1,Neuroendocrine-like,0.027877614,False,CNV_low_candidate
GSM8848584_GTGGGAACAACAGGCTACAGACCT-1,GSM8848584,0,Prostate epithelial - AR high,0.07622049,False,CNV_low_candidate
GSM8848584_GTGGGAACAAGCTATGACAGACCT-1,GSM8848584,3,Endothelial,0.017572328,False,reference_like
GSM8848584_GTGGGAACAGCGATCGACAGACCT-1,GSM8848584,0,Prostate epithelial - AR high,0.1245863,True,CNV_high_candidate
GSM8848584_GTGTGCGCATGCTCCAACAGACCT-1,GSM8848584,6,Macrophage,0.024933346,False,reference_like
GSM8848584_GTGTGCGCATTTAGCCACAGACCT-1,GSM8848584,4,Fibroblast,0.04113371,False,reference_like
GSM8848584_GTGTTAAAGATTCCCAACAGACCT-1,GSM8848584,0,Prostate epithelial - AR high,0.040182833,False,CNV_low_candidate
GSM8848584_GTGTTAAAGGTAGACTACAGACCT-1,GSM8848584,0,Prostate epithelial - AR high,0.09730575,False,CNV_low_candidate
GSM8848584_GTGTTAAAGTATGGGTACAGACCT-1,GSM8848584,1,Neuroendocrine-like,0.05037606,False,CNV_low_candidate
GSM8848584_GTTAACCGTTAGACTCACAGACCT-1,GSM8848584,0,Prostate epithelial - AR high,0.086009875,False,CNV_low_candidate
GSM8848584_GTTAACCGTTAGTGAGACAGACCT-1,GSM8848584,1,Neuroendocrine-like,0.04800476,False,CNV_low_candidate
GSM8848584_GTTAACCGTTGTTTAGACAGACCT-1,GSM8848584,1,Neuroendocrine-like,0.055265013,False,CNV_low_candidate
GSM8848584_GTTAACTTCAATCGCCACAGACCT-1,GSM8848584,0,Prostate epithelial - AR high,0.07468154,False,CNV_low_candidate
GSM8848584_GTTAACTTCGAACCGAACAGACCT-1,GSM8848584,2,Steroidogenic-like,0.06038041,False,CNV_low_candidate
GSM8848584_GTTAAGGGTCACCAGCACAGACCT-1,GSM8848584,6,Macrophage,0.029018978,False,reference_like
GSM8848584_GTTAATGAGCGCTACTACAGACCT-1,GSM8848584,0,Prostate epithelial - AR high,0.037551288,False,CNV_low_candidate
GSM8848584_GTTAATGAGCTTAAAGACAGACCT-1,GSM8848584,2,Steroidogenic-like,0.03317607,False,CNV_low_candidate
GSM8848584_GTTACCGGTGACCTTGACAGACCT-1,GSM8848584,0,Prostate epithelial - AR high,0.0770941,False,CNV_low_candidate
GSM8848584_GTTACCGGTGCATTACACAGACCT-1,GSM8848584,1,Neuroendocrine-like,0.025235547,False,CNV_low_candidate
GSM8848584_GTTACCGGTGGCGTAGACAGACCT-1,GSM8848584,2,Steroidogenic-like,0.05476103,False,CNV_low_candidate
GSM8848584_GTTAGAATCTGCCATAACAGACCT-1,GSM8848584,4,Fibroblast,0.030046074,False,reference_like
GSM8848584_GTTAGCGAGGTATTTCACAGACCT-1,GSM8848584,2,Steroidogenic-like,0.08349573,False,CNV_low_candidate
GSM8848584_GTTAGCGAGTTTCACGACAGACCT-1,GSM8848584,2,Steroidogenic-like,0.07199814,False,CNV_low_candidate
GSM8848584_GTTAGTCGTGATCCTGACAGACCT-1,GSM8848584,1,Neuroendocrine-like,0.062989496,False,CNV_low_candidate
GSM8848584_GTTATCTAGCAACATAACAGACCT-1,GSM8848584,5,T/NK lymphocyte,0.035966698,False,reference_like
GSM8848584_GTTATCTAGGCCAACAACAGACCT-1,GSM8848584,0,Prostate epithelial - AR high,0.04738556,False,CNV_low_candidate
GSM8848584_GTTATCTAGTATGGGTACAGACCT-1,GSM8848584,6,Macrophage,0.024549412,False,reference_like
GSM8848584_GTTATCTAGTTGCAAAACAGACCT-1,GSM8848584,2,Steroidogenic-like,0.039478634,False,CNV_low_candidate
GSM8848584_GTTATTGGTCGGTTTGACAGACCT-1,GSM8848584,2,Steroidogenic-like,0.019835057,False,CNV_low_candidate
GSM8848584_GTTATTGGTTGCTCCTACAGACCT-1,GSM8848584,0,Prostate epithelial - AR high,0.06633749,False,CNV_low_candidate
GSM8848584_GTTCACCAGGCACAATACAGACCT-1,GSM8848584,4,Fibroblast,0.017952682,False,reference_like
GSM8848584_GTTCACCAGGTTTCGCACAGACCT-1,GSM8848584,0,Prostate epithelial - AR high,0.065470226,False,CNV_low_candidate
GSM8848584_GTTCACCAGTAAACCAACAGACCT-1,GSM8848584,0,Prostate epithelial - AR high,0.06340547,False,CNV_low_candidate
GSM8848584_GTTCATCCACGTGCTCACAGACCT-1,GSM8848584,4,Fibroblast,0.023243958,False,reference_like
GSM8848584_GTTCATTAGCGAATGTACAGACCT-1,GSM8848584,2,Steroidogenic-like,0.046708845,False,CNV_low_candidate
GSM8848584_GTTCATTAGGATGAAGACAGACCT-1,GSM8848584,2,Steroidogenic-like,0.05690853,False,CNV_low_candidate
GSM8848584_GTTCCAGGTAAGGCTAACAGACCT-1,GSM8848584,2,Steroidogenic-like,0.054202557,False,CNV_low_candidate
GSM8848584_GTTCCATCAGACTCAAACAGACCT-1,GSM8848584,2,Steroidogenic-like,0.04617023,False,CNV_low_candidate
GSM8848584_GTTCGCGTCAATGTTCACAGACCT-1,GSM8848584,0,Prostate epithelial - AR high,0.06293381,False,CNV_low_candidate
GSM8848584_GTTCGCGTCCTGATCAACAGACCT-1,GSM8848584,3,Endothelial,0.028146738,False,reference_like
GSM8848584_GTTCGGGCATAAGTCGACAGACCT-1,GSM8848584,0,Prostate epithelial - AR high,0.14416984,True,CNV_high_candidate
GSM8848584_GTTCGGGCATAATGACACAGACCT-1,GSM8848584,2,Steroidogenic-like,0.024412552,False,CNV_low_candidate
GSM8848584_GTTCGTTCAACAGGCTACAGACCT-1,GSM8848584,1,Neuroendocrine-like,0.019377258,False,CNV_low_candidate
GSM8848584_GTTCGTTCAACTTCGTACAGACCT-1,GSM8848584,0,Prostate epithelial - AR high,0.08546948,False,CNV_low_candidate
GSM8848584_GTTCTGTCATCCGCTAACAGACCT-1,GSM8848584,0,Prostate epithelial - AR high,0.0658584,False,CNV_low_candidate
GSM8848584_GTTGAATCAACGACTAACAGACCT-1,GSM8848584,0,Prostate epithelial - AR high,0.09461581,False,CNV_low_candidate
GSM8848584_GTTGAATCAAGGGTCTACAGACCT-1,GSM8848584,4,Fibroblast,0.099944636,True,reference_like
GSM8848584_GTTGAATCAGTTAAACACAGACCT-1,GSM8848584,2,Steroidogenic-like,0.024782242,False,CNV_low_candidate
GSM8848584_GTTGAATCATGCCTCAACAGACCT-1,GSM8848584,1,Neuroendocrine-like,0.038284186,False,CNV_low_candidate
GSM8848584_GTTGAGCCAATATGCGACAGACCT-1,GSM8848584,4,Fibroblast,0.06646174,False,reference_like
GSM8848584_GTTGAGCCACTTCGATACAGACCT-1,GSM8848584,2,Steroidogenic-like,0.040141772,False,CNV_low_candidate
GSM8848584_GTTGAGGTCAACCTCAACAGACCT-1,GSM8848584,2,Steroidogenic-like,0.04048284,False,CNV_low_candidate
GSM8848584_GTTGAGGTCAGGTAGTACAGACCT-1,GSM8848584,0,Prostate epithelial - AR high,0.13114437,True,CNV_high_candidate
GSM8848584_GTTGAGGTCCAAATTCACAGACCT-1,GSM8848584,0,Prostate epithelial - AR high,0.037223484,False,CNV_low_candidate
GSM8848584_GTTGAGGTCGTTAGGGACAGACCT-1,GSM8848584,0,Prostate epithelial - AR high,0.1326135,True,CNV_high_candidate
GSM8848584_GTTGAGGTCTAAGTAGACAGACCT-1,GSM8848584,4,Fibroblast,0.070657864,False,reference_like
GSM8848584_GTTGCATGTCGAATCTACAGACCT-1,GSM8848584,2,Steroidogenic-like,0.017679995,False,CNV_low_candidate
GSM8848584_GTTGCATGTTTGTTGAACAGACCT-1,GSM8848584,1,Neuroendocrine-like,0.052698385,False,CNV_low_candidate
GSM8848584_GTTGCGCGTTGAGGACACAGACCT-1,GSM8848584,0,Prostate epithelial - AR high,0.101252265,True,CNV_high_candidate
GSM8848584_GTTGCGCGTTGGTTTAACAGACCT-1,GSM8848584,2,Steroidogenic-like,0.03461105,False,CNV_low_candidate
GSM8848584_GTTGCGCGTTTAGTTGACAGACCT-1,GSM8848584,4,Fibroblast,0.027787121,False,reference_like
GSM8848584_GTTGGATAGCGGCTTTACAGACCT-1,GSM8848584,2,Steroidogenic-like,0.024098093,False,CNV_low_candidate
GSM8848584_GTTGGATAGGTAATGCACAGACCT-1,GSM8848584,4,Fibroblast,0.064469,False,reference_like
GSM8848584_GTTGGATAGTGAGTCGACAGACCT-1,GSM8848584,4,Fibroblast,0.030552711,False,reference_like
GSM8848584_GTTGGATAGTGCCCTGACAGACCT-1,GSM8848584,6,Macrophage,0.020622175,False,reference_like
GSM8848584_GTTGGGTCACCGGTAGACAGACCT-1,GSM8848584,1,Neuroendocrine-like,0.013352086,False,CNV_low_candidate
GSM8848584_GTTGTAAAGGTCAATAACAGACCT-1,GSM8848584,1,Neuroendocrine-like,0.018933464,False,CNV_low_candidate
GSM8848584_GTTGTCCAGGCGCATAACAGACCT-1,GSM8848584,4,Fibroblast,0.0944043,False,reference_like
GSM8848584_GTTGTCCAGTGATTTCACAGACCT-1,GSM8848584,0,Prostate epithelial - AR high,0.05616921,False,CNV_low_candidate
GSM8848584_GTTGTGACAACTAGTGACAGACCT-1,GSM8848584,0,Prostate epithelial - AR high,0.078484066,False,CNV_low_candidate
GSM8848584_GTTGTGACAAGGTTATACAGACCT-1,GSM8848584,5,T/NK lymphocyte,0.07347355,False,reference_like
GSM8848584_GTTGTTCCAAGGCTTAACAGACCT-1,GSM8848584,2,Steroidogenic-like,0.07181128,False,CNV_low_candidate
GSM8848584_GTTGTTCCACACCCACACAGACCT-1,GSM8848584,2,Steroidogenic-like,0.047352035,False,CNV_low_candidate
GSM8848584_GTTGTTGTCAAGCTCCACAGACCT-1,GSM8848584,1,Neuroendocrine-like,0.033424705,False,CNV_low_candidate
GSM8848584_GTTGTTGTCAGGTTAAACAGACCT-1,GSM8848584,4,Fibroblast,0.04566141,False,reference_like
GSM8848584_GTTGTTGTCATGACAAACAGACCT-1,GSM8848584,2,Steroidogenic-like,0.07690504,False,CNV_low_candidate
GSM8848584_GTTTACGTCACTTCGAACAGACCT-1,GSM8848584,0,Prostate epithelial - AR high,0.12693621,True,CNV_high_candidate
GSM8848584_GTTTACGTCAGCACCTACAGACCT-1,GSM8848584,5,T/NK lymphocyte,0.022461746,False,reference_like
GSM8848584_GTTTAGCGTTTGCATAACAGACCT-1,GSM8848584,2,Steroidogenic-like,0.022041958,False,CNV_low_candidate
GSM8848584_GTTTAGTTCACGTTATACAGACCT-1,GSM8848584,0,Prostate epithelial - AR high,0.03377034,False,CNV_low_candidate
GSM8848584_GTTTATCAGCTAAGTAACAGACCT-1,GSM8848584,4,Fibroblast,0.038371157,False,reference_like
GSM8848584_GTTTATCAGGCCATGAACAGACCT-1,GSM8848584,0,Prostate epithelial - AR high,0.10047178,True,CNV_high_candidate
GSM8848584_GTTTCACCAGGTATTGACAGACCT-1,GSM8848584,1,Neuroendocrine-like,0.060453326,False,CNV_low_candidate
GSM8848584_GTTTGAGCAGCCTGAGACAGACCT-1,GSM8848584,6,Macrophage,0.040769525,False,reference_like
GSM8848584_GTTTGAGCAGGACTACACAGACCT-1,GSM8848584,3,Endothelial,0.13379252,True,reference_like
GSM8848584_GTTTGCATCATTAGTCACAGACCT-1,GSM8848584,2,Steroidogenic-like,0.027957603,False,CNV_low_candidate
GSM8848584_GTTTGCATCCAAATAGACAGACCT-1,GSM8848584,3,Endothelial,0.11962925,True,reference_like
GSM8848584_GTTTGCATCTTAAGCTACAGACCT-1,GSM8848584,1,Neuroendocrine-like,0.093872644,False,CNV_low_candidate
GSM8848584_GTTTGGACACCACACCACAGACCT-1,GSM8848584,2,Steroidogenic-like,0.059578408,False,CNV_low_candidate
GSM8848584_GTTTGGACAGGGATGAACAGACCT-1,GSM8848584,0,Prostate epithelial - AR high,0.07970861,False,CNV_low_candidate
GSM8848584_GTTTGGGAGCTGGGTAACAGACCT-1,GSM8848584,4,Fibroblast,0.0591015,False,reference_like
GSM8848584_GTTTGGTGTAATCCGTACAGACCT-1,GSM8848584,6,Macrophage,0.045621756,False,reference_like
GSM8848584_GTTTGGTGTAGGTGACACAGACCT-1,GSM8848584,2,Steroidogenic-like,0.02487244,False,CNV_low_candidate
GSM8848584_GTTTGGTGTGAATCTCACAGACCT-1,GSM8848584,2,Steroidogenic-like,0.052586414,False,CNV_low_candidate
GSM8848584_GTTTGTAGTTAGTGGAACAGACCT-1,GSM8848584,1,Neuroendocrine-like,0.03160696,False,CNV_low_candidate
GSM8848584_GTTTGTCCACAGCCAGACAGACCT-1,GSM8848584,0,Prostate epithelial - AR high,0.034609564,False,CNV_low_candidate
GSM8848584_GTTTGTCCACTGTCATACAGACCT-1,GSM8848584,2,Steroidogenic-like,0.04547461,False,CNV_low_candidate
GSM8848584_GTTTGTCCACTTTACAACAGACCT-1,GSM8848584,0,Prostate epithelial - AR high,0.05121488,False,CNV_low_candidate
GSM8848584_TAAACCCGTGAACGTAACAGACCT-1,GSM8848584,1,Neuroendocrine-like,0.028096134,False,CNV_low_candidate
GSM8848584_TAAACGGGTCAACAAGACAGACCT-1,GSM8848584,2,Steroidogenic-like,0.059241574,False,CNV_low_candidate
GSM8848584_TAAACGGGTGCAATAGACAGACCT-1,GSM8848584,1,Neuroendocrine-like,0.023366041,False,CNV_low_candidate
GSM8848584_TAAAGCCAGACCATTTACAGACCT-1,GSM8848584,1,Neuroendocrine-like,0.052537534,False,CNV_low_candidate
GSM8848584_TAAAGCCAGATAGCCGACAGACCT-1,GSM8848584,0,Prostate epithelial - AR high,0.09258585,False,CNV_low_candidate
GSM8848584_TAAAGCCAGTGGCTTCACAGACCT-1,GSM8848584,2,Steroidogenic-like,0.053197227,False,CNV_low_candidate
GSM8848584_TAAAGGGAGGACTTAAACAGACCT-1,GSM8848584,0,Prostate epithelial - AR high,0.03215104,False,CNV_low_candidate
GSM8848584_TAAAGGGAGGTATTTCACAGACCT-1,GSM8848584,2,Steroidogenic-like,0.018520137,False,CNV_low_candidate
GSM8848584_TAAATCGAGCGCTAGAACAGACCT-1,GSM8848584,0,Prostate epithelial - AR high,0.072966665,False,CNV_low_candidate
GSM8848584_TAAATCGAGGATCCAGACAGACCT-1,GSM8848584,2,Steroidogenic-like,0.07048162,False,CNV_low_candidate
GSM8848584_TAAATCGAGTTGCGCTACAGACCT-1,GSM8848584,0,Prostate epithelial - AR high,0.041201886,False,CNV_low_candidate
GSM8848584_TAACAGGGTGCACTATACAGACCT-1,GSM8848584,4,Fibroblast,0.1091323,True,reference_like
GSM8848584_TAACAGGGTGTGAGACACAGACCT-1,GSM8848584,0,Prostate epithelial - AR high,0.047032267,False,CNV_low_candidate
GSM8848584_TAACCAAAGGCTTAAAACAGACCT-1,GSM8848584,1,Neuroendocrine-like,0.066239364,False,CNV_low_candidate
GSM8848584_TAACCAAAGTAATGGCACAGACCT-1,GSM8848584,0,Prostate epithelial - AR high,0.14123152,True,CNV_high_candidate
GSM8848584_TAACCACGTCCAATACACAGACCT-1,GSM8848584,1,Neuroendocrine-like,0.089506045,False,CNV_low_candidate
GSM8848584_TAACCCTCATGCGGATACAGACCT-1,GSM8848584,6,Macrophage,0.014955096,False,reference_like
GSM8848584_TAACCGCTCCGTCAACACAGACCT-1,GSM8848584,0,Prostate epithelial - AR high,0.026493952,False,CNV_low_candidate
GSM8848584_TAACCGCTCCTAAGGGACAGACCT-1,GSM8848584,4,Fibroblast,0.03126436,False,reference_like
GSM8848584_TAACCGTGTAAACTGGACAGACCT-1,GSM8848584,2,Steroidogenic-like,0.065508164,False,CNV_low_candidate
GSM8848584_TAACCGTGTCAAGCTTACAGACCT-1,GSM8848584,3,Endothelial,0.04658479,False,reference_like
GSM8848584_TAACCGTGTTAGTGAGACAGACCT-1,GSM8848584,0,Prostate epithelial - AR high,0.15225452,True,CNV_high_candidate
GSM8848584_TAACCTGTCACAATGAACAGACCT-1,GSM8848584,2,Steroidogenic-like,0.038681205,False,CNV_low_candidate
GSM8848584_TAACCTTAGTCAATGAACAGACCT-1,GSM8848584,2,Steroidogenic-like,0.080324434,False,CNV_low_candidate
GSM8848584_TAACGAATCCGCTATAACAGACCT-1,GSM8848584,4,Fibroblast,0.05276909,False,reference_like
GSM8848584_TAACGCCTCAGGTTAAACAGACCT-1,GSM8848584,0,Prostate epithelial - AR high,0.034072965,False,CNV_low_candidate
GSM8848584_TAACGCCTCGTGATTTACAGACCT-1,GSM8848584,0,Prostate epithelial - AR high,0.14712462,True,CNV_high_candidate
GSM8848584_TAACGTTTCCAGGAATACAGACCT-1,GSM8848584,0,Prostate epithelial - AR high,0.068207346,False,CNV_low_candidate
GSM8848584_TAACGTTTCTTACTCCACAGACCT-1,GSM8848584,4,Fibroblast,0.026033964,False,reference_like
GSM8848584_TAACTGTTCAGCCCTGACAGACCT-1,GSM8848584,2,Steroidogenic-like,0.058885954,False,CNV_low_candidate
GSM8848584_TAACTGTTCCTGGATCACAGACCT-1,GSM8848584,1,Neuroendocrine-like,0.09224545,False,CNV_low_candidate
GSM8848584_TAACTGTTCGGGCAGTACAGACCT-1,GSM8848584,2,Steroidogenic-like,0.057912983,False,CNV_low_candidate
GSM8848584_TAACTTGGTATGGTCTACAGACCT-1,GSM8848584,0,Prostate epithelial - AR high,0.040976413,False,CNV_low_candidate
GSM8848584_TAACTTGGTCGTCCAAACAGACCT-1,GSM8848584,6,Macrophage,0.018785018,False,reference_like
GSM8848584_TAAGCTAAGACTAATGACAGACCT-1,GSM8848584,0,Prostate epithelial - AR high,0.06345511,False,CNV_low_candidate
GSM8848584_TAAGCTAAGTTTGCTGACAGACCT-1,GSM8848584,2,Steroidogenic-like,0.024537127,False,CNV_low_candidate
GSM8848584_TAAGCTTTCCTTTGAGACAGACCT-1,GSM8848584,4,Fibroblast,0.023241758,False,reference_like
GSM8848584_TAAGCTTTCTGGGAATACAGACCT-1,GSM8848584,2,Steroidogenic-like,0.060584422,False,CNV_low_candidate
GSM8848584_TAAGGCTAGAAGCATCACAGACCT-1,GSM8848584,2,Steroidogenic-like,0.051572364,False,CNV_low_candidate
GSM8848584_TAAGGCTAGCTTAAAGACAGACCT-1,GSM8848584,0,Prostate epithelial - AR high,0.047852386,False,CNV_low_candidate
GSM8848584_TAAGGCTAGGACACGCACAGACCT-1,GSM8848584,4,Fibroblast,0.07873847,False,reference_like
GSM8848584_TAAGGCTAGGGATGAAACAGACCT-1,GSM8848584,0,Prostate epithelial - AR high,0.041199997,False,CNV_low_candidate
GSM8848584_TAAGGCTAGGTCACTCACAGACCT-1,GSM8848584,0,Prostate epithelial - AR high,0.036700655,False,CNV_low_candidate
GSM8848584_TAAGGCTAGTCTGTGCACAGACCT-1,GSM8848584,1,Neuroendocrine-like,0.027200865,False,CNV_low_candidate
GSM8848584_TAAGTACCAAGCTTTCACAGACCT-1,GSM8848584,2,Steroidogenic-like,0.03587743,False,CNV_low_candidate
GSM8848584_TAAGTACCAGTGAGGAACAGACCT-1,GSM8848584,1,Neuroendocrine-like,0.062398102,False,CNV_low_candidate
GSM8848584_TAATAGCCAGCACGTGACAGACCT-1,GSM8848584,2,Steroidogenic-like,0.06966837,False,CNV_low_candidate
GSM8848584_TAATAGGTCTTCGCTTACAGACCT-1,GSM8848584,5,T/NK lymphocyte,0.027284766,False,reference_like
GSM8848584_TAATGCGCACCAACAAACAGACCT-1,GSM8848584,0,Prostate epithelial - AR high,0.097319625,False,CNV_low_candidate
GSM8848584_TAATGTGAGTGATTTCACAGACCT-1,GSM8848584,0,Prostate epithelial - AR high,0.11463446,True,CNV_high_candidate
GSM8848584_TACAAACCAAACTGGCACAGACCT-1,GSM8848584,0,Prostate epithelial - AR high,0.023791114,False,CNV_low_candidate
GSM8848584_TACAAACCAAGTCGCGACAGACCT-1,GSM8848584,1,Neuroendocrine-like,0.017884148,False,CNV_low_candidate
GSM8848584_TACAAACCACCTAAGAACAGACCT-1,GSM8848584,1,Neuroendocrine-like,0.07364659,False,CNV_low_candidate
GSM8848584_TACAAACCATATGGTGACAGACCT-1,GSM8848584,2,Steroidogenic-like,0.024091277,False,CNV_low_candidate
GSM8848584_TACAAACCATCCCTCTACAGACCT-1,GSM8848584,1,Neuroendocrine-like,0.051007733,False,CNV_low_candidate
GSM8848584_TACAACAAGGACACGCACAGACCT-1,GSM8848584,2,Steroidogenic-like,0.028486995,False,CNV_low_candidate
GSM8848584_TACAACAAGGTCTTGCACAGACCT-1,GSM8848584,3,Endothelial,0.027108965,False,reference_like
GSM8848584_TACAATGAGCGAAGAAACAGACCT-1,GSM8848584,2,Steroidogenic-like,0.06257449,False,CNV_low_candidate
GSM8848584_TACAATGAGTGAGTTAACAGACCT-1,GSM8848584,0,Prostate epithelial - AR high,0.03651214,False,CNV_low_candidate
GSM8848584_TACAATGAGTTGGCCTACAGACCT-1,GSM8848584,6,Macrophage,0.028064132,False,reference_like
GSM8848584_TACACCGGTATTGGGAACAGACCT-1,GSM8848584,2,Steroidogenic-like,0.024894053,False,CNV_low_candidate
GSM8848584_TACACCGGTCGAAGGTACAGACCT-1,GSM8848584,2,Steroidogenic-like,0.017410364,False,CNV_low_candidate
GSM8848584_TACAGAATCCAATACTACAGACCT-1,GSM8848584,2,Steroidogenic-like,0.0274229,False,CNV_low_candidate
GSM8848584_TACAGAATCTATTGGTACAGACCT-1,GSM8848584,4,Fibroblast,0.047404744,False,reference_like
GSM8848584_TACAGGTAGAATGGGAACAGACCT-1,GSM8848584,0,Prostate epithelial - AR high,0.05237822,False,CNV_low_candidate
GSM8848584_TACAGGTAGGCTGGTAACAGACCT-1,GSM8848584,1,Neuroendocrine-like,0.13472538,True,CNV_high_candidate
GSM8848584_TACAGGTAGGCTTTATACAGACCT-1,GSM8848584,2,Steroidogenic-like,0.047113325,False,CNV_low_candidate
GSM8848584_TACCAGCTCAAACTTCACAGACCT-1,GSM8848584,1,Neuroendocrine-like,0.019472666,False,CNV_low_candidate
GSM8848584_TACCAGCTCCTTTGAGACAGACCT-1,GSM8848584,2,Steroidogenic-like,0.040950116,False,CNV_low_candidate
GSM8848584_TACCAGCTCGCCTAACACAGACCT-1,GSM8848584,1,Neuroendocrine-like,0.058204863,False,CNV_low_candidate
GSM8848584_TACCAGCTCGCCTCGAACAGACCT-1,GSM8848584,2,Steroidogenic-like,0.10186097,True,CNV_high_candidate
GSM8848584_TACCAGCTCGGGACTAACAGACCT-1,GSM8848584,0,Prostate epithelial - AR high,0.025874775,False,CNV_low_candidate
GSM8848584_TACCATCCACAGGCTGACAGACCT-1,GSM8848584,2,Steroidogenic-like,0.05793558,False,CNV_low_candidate
GSM8848584_TACCCGGTCAACTGGGACAGACCT-1,GSM8848584,2,Steroidogenic-like,0.06822989,False,CNV_low_candidate
GSM8848584_TACCCGGTCAGCTACCACAGACCT-1,GSM8848584,3,Endothelial,0.06945415,False,reference_like
GSM8848584_TACCCGGTCTTAAGGAACAGACCT-1,GSM8848584,1,Neuroendocrine-like,0.062303036,False,CNV_low_candidate
GSM8848584_TACCGAACATCACAGAACAGACCT-1,GSM8848584,6,Macrophage,0.058900785,False,reference_like
GSM8848584_TACCGAACATCGAACAACAGACCT-1,GSM8848584,0,Prostate epithelial - AR high,0.064067796,False,CNV_low_candidate
GSM8848584_TACCGCCCATACTTCAACAGACCT-1,GSM8848584,0,Prostate epithelial - AR high,0.043141674,False,CNV_low_candidate
GSM8848584_TACCGGCGTCCAGCTAACAGACCT-1,GSM8848584,3,Endothelial,0.056084484,False,reference_like
GSM8848584_TACCGGCGTGCAGCTCACAGACCT-1,GSM8848584,2,Steroidogenic-like,0.029552242,False,CNV_low_candidate
GSM8848584_TACCGGCGTGTGAGTAACAGACCT-1,GSM8848584,4,Fibroblast,0.05490552,False,reference_like
GSM8848584_TACCGGGCAGCTAGACACAGACCT-1,GSM8848584,0,Prostate epithelial - AR high,0.048406705,False,CNV_low_candidate
GSM8848584_TACCGGGCATTGTGAGACAGACCT-1,GSM8848584,2,Steroidogenic-like,0.075386345,False,CNV_low_candidate
GSM8848584_TACCGTTCAATGTTCCACAGACCT-1,GSM8848584,2,Steroidogenic-like,0.078940764,False,CNV_low_candidate
GSM8848584_TACCTGCAGCATCTTGACAGACCT-1,GSM8848584,1,Neuroendocrine-like,0.04624244,False,CNV_low_candidate
GSM8848584_TACCTTTGTGAGAAGGACAGACCT-1,GSM8848584,0,Prostate epithelial - AR high,0.114517204,True,CNV_high_candidate
GSM8848584_TACCTTTGTTAACGTCACAGACCT-1,GSM8848584,2,Steroidogenic-like,0.050810467,False,CNV_low_candidate
GSM8848584_TACCTTTGTTAGTGGAACAGACCT-1,GSM8848584,0,Prostate epithelial - AR high,0.057787184,False,CNV_low_candidate
GSM8848584_TACGCAACATTGGACAACAGACCT-1,GSM8848584,2,Steroidogenic-like,0.054735564,False,CNV_low_candidate
GSM8848584_TACGCCTAGCATGTGGACAGACCT-1,GSM8848584,1,Neuroendocrine-like,0.021682167,False,CNV_low_candidate
GSM8848584_TACGCCTAGCGAGTTGACAGACCT-1,GSM8848584,2,Steroidogenic-like,0.02591312,False,CNV_low_candidate
GSM8848584_TACGCCTAGGTATTTCACAGACCT-1,GSM8848584,0,Prostate epithelial - AR high,0.031945556,False,CNV_low_candidate
GSM8848584_TACGCCTAGTGATGGTACAGACCT-1,GSM8848584,3,Endothelial,0.052270744,False,reference_like
GSM8848584_TACGCCTAGTTACCTGACAGACCT-1,GSM8848584,0,Prostate epithelial - AR high,0.03629234,False,CNV_low_candidate
GSM8848584_TACGGACCAAATAGGAACAGACCT-1,GSM8848584,1,Neuroendocrine-like,0.022176359,False,CNV_low_candidate
GSM8848584_TACGGGCAGCTGGACAACAGACCT-1,GSM8848584,2,Steroidogenic-like,0.064648196,False,CNV_low_candidate
GSM8848584_TACGGGCAGTGATGGTACAGACCT-1,GSM8848584,2,Steroidogenic-like,0.07162664,False,CNV_low_candidate
GSM8848584_TACGGGTCACCTAAGAACAGACCT-1,GSM8848584,0,Prostate epithelial - AR high,0.030896856,False,CNV_low_candidate
GSM8848584_TACGTCCAGACGCATGACAGACCT-1,GSM8848584,2,Steroidogenic-like,0.0754623,False,CNV_low_candidate
GSM8848584_TACGTCCAGTATGGGTACAGACCT-1,GSM8848584,0,Prostate epithelial - AR high,0.08105366,False,CNV_low_candidate
GSM8848584_TACGTCCAGTTATTGCACAGACCT-1,GSM8848584,2,Steroidogenic-like,0.0553863,False,CNV_low_candidate
GSM8848584_TACGTCCAGTTGCAGGACAGACCT-1,GSM8848584,1,Neuroendocrine-like,0.06651359,False,CNV_low_candidate
GSM8848584_TACGTTAGTTCCGTGAACAGACCT-1,GSM8848584,2,Steroidogenic-like,0.046722595,False,CNV_low_candidate
GSM8848584_TACGTTCCACCATCATACAGACCT-1,GSM8848584,0,Prostate epithelial - AR high,0.033302285,False,CNV_low_candidate
GSM8848584_TACTAGTTCAGGTAGTACAGACCT-1,GSM8848584,2,Steroidogenic-like,0.06909441,False,CNV_low_candidate
GSM8848584_TACTCACCAACTATCCACAGACCT-1,GSM8848584,2,Steroidogenic-like,0.072839685,False,CNV_low_candidate
GSM8848584_TACTCACCATGAAGCCACAGACCT-1,GSM8848584,6,Macrophage,0.015541775,False,reference_like
GSM8848584_TACTTTCGTGCATTACACAGACCT-1,GSM8848584,0,Prostate epithelial - AR high,0.06965002,False,CNV_low_candidate
GSM8848584_TAGAAACGTTAACGGAACAGACCT-1,GSM8848584,4,Fibroblast,0.10326941,True,reference_like
GSM8848584_TAGAAACGTTGCATCGACAGACCT-1,GSM8848584,3,Endothelial,0.045289796,False,reference_like
GSM8848584_TAGAAACGTTTCCACCACAGACCT-1,GSM8848584,3,Endothelial,0.07581402,False,reference_like
GSM8848584_TAGAAAGCAATTAGACACAGACCT-1,GSM8848584,0,Prostate epithelial - AR high,0.022329707,False,CNV_low_candidate
GSM8848584_TAGAAAGCAGCGATCGACAGACCT-1,GSM8848584,2,Steroidogenic-like,0.025600856,False,CNV_low_candidate
GSM8848584_TAGAAAGCAGTAAGTTACAGACCT-1,GSM8848584,4,Fibroblast,0.109321594,True,reference_like
GSM8848584_TAGAGGCGTCGCAATTACAGACCT-1,GSM8848584,4,Fibroblast,0.044434424,False,reference_like
GSM8848584_TAGAGGCGTGCCCTTTACAGACCT-1,GSM8848584,0,Prostate epithelial - AR high,0.052403726,False,CNV_low_candidate
GSM8848584_TAGAGGCGTTAACGTCACAGACCT-1,GSM8848584,2,Steroidogenic-like,0.035718802,False,CNV_low_candidate
GSM8848584_TAGAGGTTCAGCACGAACAGACCT-1,GSM8848584,0,Prostate epithelial - AR high,0.082538426,False,CNV_low_candidate
GSM8848584_TAGAGGTTCTGGAACGACAGACCT-1,GSM8848584,1,Neuroendocrine-like,0.02965108,False,CNV_low_candidate
GSM8848584_TAGCAAATCCTCCCACACAGACCT-1,GSM8848584,2,Steroidogenic-like,0.051026795,False,CNV_low_candidate
GSM8848584_TAGCAGGTCAGGGCACACAGACCT-1,GSM8848584,0,Prostate epithelial - AR high,0.047813114,False,CNV_low_candidate
GSM8848584_TAGCAGGTCCGCAATCACAGACCT-1,GSM8848584,0,Prostate epithelial - AR high,0.03802838,False,CNV_low_candidate
GSM8848584_TAGCAGGTCGATTGGGACAGACCT-1,GSM8848584,0,Prostate epithelial - AR high,0.06591945,False,CNV_low_candidate
GSM8848584_TAGCCAGAGGAACCATACAGACCT-1,GSM8848584,2,Steroidogenic-like,0.018457087,False,CNV_low_candidate
GSM8848584_TAGCCCGTCAGCGGGTACAGACCT-1,GSM8848584,0,Prostate epithelial - AR high,0.03008076,False,CNV_low_candidate
GSM8848584_TAGCCTATCATCCCAAACAGACCT-1,GSM8848584,0,Prostate epithelial - AR high,0.12235133,True,CNV_high_candidate
GSM8848584_TAGCCTATCCTCTAAGACAGACCT-1,GSM8848584,0,Prostate epithelial - AR high,0.025610048,False,CNV_low_candidate
GSM8848584_TAGCCTATCGGTTCACACAGACCT-1,GSM8848584,2,Steroidogenic-like,0.019038154,False,CNV_low_candidate
GSM8848584_TAGCCTATCTTGAGGGACAGACCT-1,GSM8848584,4,Fibroblast,0.023711298,False,reference_like
GSM8848584_TAGCCTGGTATTACCAACAGACCT-1,GSM8848584,4,Fibroblast,0.018970212,False,reference_like
GSM8848584_TAGCCTGGTCGAAGTAACAGACCT-1,GSM8848584,3,Endothelial,0.037192777,False,reference_like
GSM8848584_TAGCCTGGTCTACCAGACAGACCT-1,GSM8848584,4,Fibroblast,0.028732156,False,reference_like
GSM8848584_TAGCGGATCGACCGTTACAGACCT-1,GSM8848584,2,Steroidogenic-like,0.05289569,False,CNV_low_candidate
GSM8848584_TAGCGGATCGTCCATAACAGACCT-1,GSM8848584,0,Prostate epithelial - AR high,0.0303505,False,CNV_low_candidate
GSM8848584_TAGCGGTCAAACTTCCACAGACCT-1,GSM8848584,2,Steroidogenic-like,0.05108286,False,CNV_low_candidate
GSM8848584_TAGCGGTCAGGCTATAACAGACCT-1,GSM8848584,2,Steroidogenic-like,0.015059142,False,CNV_low_candidate
GSM8848584_TAGCGGTCATAACCGAACAGACCT-1,GSM8848584,4,Fibroblast,0.022950204,False,reference_like
GSM8848584_TAGCGGTCATGGGTTAACAGACCT-1,GSM8848584,1,Neuroendocrine-like,0.02407554,False,CNV_low_candidate
GSM8848584_TAGCTAAAGCGAAGCCACAGACCT-1,GSM8848584,2,Steroidogenic-like,0.06502808,False,CNV_low_candidate
GSM8848584_TAGCTAAAGGTTACTTACAGACCT-1,GSM8848584,0,Prostate epithelial - AR high,0.03815878,False,CNV_low_candidate
GSM8848584_TAGCTACGTGAGAAGGACAGACCT-1,GSM8848584,2,Steroidogenic-like,0.05529318,False,CNV_low_candidate
GSM8848584_TAGCTGCTCAATACAGACAGACCT-1,GSM8848584,0,Prostate epithelial - AR high,0.05085509,False,CNV_low_candidate
GSM8848584_TAGCTGCTCGTCAACCACAGACCT-1,GSM8848584,2,Steroidogenic-like,0.020696897,False,CNV_low_candidate
GSM8848584_TAGCTGCTCGTGATTTACAGACCT-1,GSM8848584,4,Fibroblast,0.056312244,False,reference_like
GSM8848584_TAGCTTCCAATTCGGAACAGACCT-1,GSM8848584,2,Steroidogenic-like,0.048154194,False,CNV_low_candidate
GSM8848584_TAGCTTGTCCACTAATACAGACCT-1,GSM8848584,1,Neuroendocrine-like,0.05395048,False,CNV_low_candidate
GSM8848584_TAGGAGGCATTTGCTAACAGACCT-1,GSM8848584,0,Prostate epithelial - AR high,0.07471237,False,CNV_low_candidate
GSM8848584_TAGGCGCAGGGTTAACACAGACCT-1,GSM8848584,2,Steroidogenic-like,0.019447783,False,CNV_low_candidate
GSM8848584_TAGGCTTGTTAATTCGACAGACCT-1,GSM8848584,1,Neuroendocrine-like,0.015718246,False,CNV_low_candidate
GSM8848584_TAGGTCGAGCACTACCACAGACCT-1,GSM8848584,1,Neuroendocrine-like,0.08785793,False,CNV_low_candidate
GSM8848584_TAGGTCGAGGTCGAGCACAGACCT-1,GSM8848584,1,Neuroendocrine-like,0.01565488,False,CNV_low_candidate
GSM8848584_TAGGTCGAGTTACCTGACAGACCT-1,GSM8848584,2,Steroidogenic-like,0.052969996,False,CNV_low_candidate
GSM8848584_TAGGTTAAGTAAGTGCACAGACCT-1,GSM8848584,0,Prostate epithelial - AR high,0.05719266,False,CNV_low_candidate
GSM8848584_TAGGTTCGTAAACCCTACAGACCT-1,GSM8848584,4,Fibroblast,0.032438837,False,reference_like
GSM8848584_TAGGTTCGTACGTAAGACAGACCT-1,GSM8848584,2,Steroidogenic-like,0.070694044,False,CNV_low_candidate
GSM8848584_TAGGTTCGTGATTAGGACAGACCT-1,GSM8848584,0,Prostate epithelial - AR high,0.05045467,False,CNV_low_candidate
GSM8848584_TAGGTTCGTTAGTGCTACAGACCT-1,GSM8848584,3,Endothelial,0.025299985,False,reference_like
GSM8848584_TAGGTTGCAACAGATTACAGACCT-1,GSM8848584,3,Endothelial,0.021928662,False,reference_like
GSM8848584_TAGGTTGCAAGTGCACACAGACCT-1,GSM8848584,0,Prostate epithelial - AR high,0.027916536,False,CNV_low_candidate
GSM8848584_TAGGTTGCACAATAGTACAGACCT-1,GSM8848584,6,Macrophage,0.035112143,False,reference_like
GSM8848584_TAGTAGTCATTACTTGACAGACCT-1,GSM8848584,2,Steroidogenic-like,0.024145221,False,CNV_low_candidate
GSM8848584_TAGTCCTCAAGGCCTGACAGACCT-1,GSM8848584,2,Steroidogenic-like,0.07445975,False,CNV_low_candidate
GSM8848584_TAGTCCTCATTACTCAACAGACCT-1,GSM8848584,3,Endothelial,0.07492469,False,reference_like
GSM8848584_TAGTCTCCAAAGGTAAACAGACCT-1,GSM8848584,2,Steroidogenic-like,0.06597182,False,CNV_low_candidate
GSM8848584_TAGTGAGGTGTTTGTAACAGACCT-1,GSM8848584,1,Neuroendocrine-like,0.014355242,False,CNV_low_candidate
GSM8848584_TAGTGCACAACCTTGTACAGACCT-1,GSM8848584,0,Prostate epithelial - AR high,0.09838591,False,CNV_low_candidate
GSM8848584_TAGTGCTGTCTTACTTACAGACCT-1,GSM8848584,2,Steroidogenic-like,0.030476147,False,CNV_low_candidate
GSM8848584_TAGTGTGCAAGCCAGTACAGACCT-1,GSM8848584,2,Steroidogenic-like,0.07681553,False,CNV_low_candidate
GSM8848584_TAGTGTGCACACTAAGACAGACCT-1,GSM8848584,0,Prostate epithelial - AR high,0.04226572,False,CNV_low_candidate
GSM8848584_TAGTTACTCCTGATCAACAGACCT-1,GSM8848584,3,Endothelial,0.028206753,False,reference_like
GSM8848584_TAGTTACTCGTTCAATACAGACCT-1,GSM8848584,1,Neuroendocrine-like,0.06625307,False,CNV_low_candidate
GSM8848584_TAGTTGAAGCAAGTTAACAGACCT-1,GSM8848584,1,Neuroendocrine-like,0.019172445,False,CNV_low_candidate
GSM8848584_TAGTTGAAGCCTAGTCACAGACCT-1,GSM8848584,2,Steroidogenic-like,0.045012712,False,CNV_low_candidate
GSM8848584_TAGTTGCGTCACTATAACAGACCT-1,GSM8848584,2,Steroidogenic-like,0.02912269,False,CNV_low_candidate
GSM8848584_TAGTTGCGTGAGTAATACAGACCT-1,GSM8848584,2,Steroidogenic-like,0.026842296,False,CNV_low_candidate
GSM8848584_TAGTTGCGTTGAGGACACAGACCT-1,GSM8848584,2,Steroidogenic-like,0.04884837,False,CNV_low_candidate
GSM8848584_TAGTTGTTCAAACCAAACAGACCT-1,GSM8848584,0,Prostate epithelial - AR high,0.06375312,False,CNV_low_candidate
GSM8848584_TAGTTGTTCAGGCATGACAGACCT-1,GSM8848584,4,Fibroblast,0.057563227,False,reference_like
GSM8848584_TAGTTGTTCGGTAAGTACAGACCT-1,GSM8848584,2,Steroidogenic-like,0.05938629,False,CNV_low_candidate
GSM8848584_TAGTTGTTCTGGCCATACAGACCT-1,GSM8848584,0,Prostate epithelial - AR high,0.04886699,False,CNV_low_candidate
GSM8848584_TAGTTTCAGACTCCTAACAGACCT-1,GSM8848584,1,Neuroendocrine-like,0.04823124,False,CNV_low_candidate
GSM8848584_TAGTTTCAGCTATATCACAGACCT-1,GSM8848584,2,Steroidogenic-like,0.069157235,False,CNV_low_candidate
GSM8848584_TAGTTTCAGGCGCGATACAGACCT-1,GSM8848584,6,Macrophage,0.05186215,False,reference_like
GSM8848584_TAGTTTCAGTTACTCGACAGACCT-1,GSM8848584,1,Neuroendocrine-like,0.03651495,False,CNV_low_candidate
GSM8848584_TAGTTTGGTGACCTTGACAGACCT-1,GSM8848584,2,Steroidogenic-like,0.036121845,False,CNV_low_candidate
GSM8848584_TAGTTTGGTGGGTGTGACAGACCT-1,GSM8848584,2,Steroidogenic-like,0.01822143,False,CNV_low_candidate
GSM8848584_TATAACGAGAGGCGTCACAGACCT-1,GSM8848584,2,Steroidogenic-like,0.06022443,False,CNV_low_candidate
GSM8848584_TATAACGAGGCCTTCGACAGACCT-1,GSM8848584,1,Neuroendocrine-like,0.028580083,False,CNV_low_candidate
GSM8848584_TATACCTAGGCGGATCACAGACCT-1,GSM8848584,2,Steroidogenic-like,0.07047659,False,CNV_low_candidate
GSM8848584_TATATCCAGGCGCGATACAGACCT-1,GSM8848584,1,Neuroendocrine-like,0.030487893,False,CNV_low_candidate
GSM8848584_TATATCCAGTGAGGAAACAGACCT-1,GSM8848584,2,Steroidogenic-like,0.036981516,False,CNV_low_candidate
GSM8848584_TATATCCAGTTATCCGACAGACCT-1,GSM8848584,0,Prostate epithelial - AR high,0.05313374,False,CNV_low_candidate
GSM8848584_TATATGCTCACAGATAACAGACCT-1,GSM8848584,6,Macrophage,0.012837747,False,reference_like
GSM8848584_TATCCTGAGATAGCTAACAGACCT-1,GSM8848584,0,Prostate epithelial - AR high,0.13945027,True,CNV_high_candidate
GSM8848584_TATCGAGCAATAGAAGACAGACCT-1,GSM8848584,0,Prostate epithelial - AR high,0.12738767,True,CNV_high_candidate
GSM8848584_TATCGAGCAGCCATAAACAGACCT-1,GSM8848584,0,Prostate epithelial - AR high,0.069461465,False,CNV_low_candidate
GSM8848584_TATCGATTCTGGCCATACAGACCT-1,GSM8848584,0,Prostate epithelial - AR high,0.06022607,False,CNV_low_candidate
GSM8848584_TATCGCATCACTATGTACAGACCT-1,GSM8848584,6,Macrophage,0.052619983,False,reference_like
GSM8848584_TATCGCATCCATGATTACAGACCT-1,GSM8848584,4,Fibroblast,0.031263866,False,reference_like
GSM8848584_TATCGCATCCCTCAAAACAGACCT-1,GSM8848584,0,Prostate epithelial - AR high,0.040938795,False,CNV_low_candidate
GSM8848584_TATCGCTCAATTGAGTACAGACCT-1,GSM8848584,4,Fibroblast,0.052854076,False,reference_like
GSM8848584_TATCGCTCATGCGCCTACAGACCT-1,GSM8848584,2,Steroidogenic-like,0.044299666,False,CNV_low_candidate
GSM8848584_TATCTTGCACATAGTGACAGACCT-1,GSM8848584,1,Neuroendocrine-like,0.08029392,False,CNV_low_candidate
GSM8848584_TATCTTGCACGTAGTAACAGACCT-1,GSM8848584,3,Endothelial,0.030679423,False,reference_like
GSM8848584_TATCTTGCATGTGGCGACAGACCT-1,GSM8848584,0,Prostate epithelial - AR high,0.05625875,False,CNV_low_candidate
GSM8848584_TATGACTTCCCGCTGAACAGACCT-1,GSM8848584,0,Prostate epithelial - AR high,0.09925133,False,CNV_low_candidate
GSM8848584_TATGACTTCGCCACATACAGACCT-1,GSM8848584,2,Steroidogenic-like,0.051043827,False,CNV_low_candidate
GSM8848584_TATGAGCAGCGGGACTACAGACCT-1,GSM8848584,1,Neuroendocrine-like,0.050360266,False,CNV_low_candidate
GSM8848584_TATGAGCAGTGAGTCGACAGACCT-1,GSM8848584,5,T/NK lymphocyte,0.063416556,False,reference_like
GSM8848584_TATGAGGGTATTGTCAACAGACCT-1,GSM8848584,2,Steroidogenic-like,0.04018336,False,CNV_low_candidate
GSM8848584_TATGAGGGTTAATTCGACAGACCT-1,GSM8848584,1,Neuroendocrine-like,0.078051575,False,CNV_low_candidate
GSM8848584_TATGATGAGCAAAGCTACAGACCT-1,GSM8848584,2,Steroidogenic-like,0.05383391,False,CNV_low_candidate
GSM8848584_TATGATGAGCGCGAACACAGACCT-1,GSM8848584,1,Neuroendocrine-like,0.05190773,False,CNV_low_candidate
GSM8848584_TATGCATTCATAGGCGACAGACCT-1,GSM8848584,2,Steroidogenic-like,0.07190735,False,CNV_low_candidate
GSM8848584_TATGGGAGTCTGTGATACAGACCT-1,GSM8848584,2,Steroidogenic-like,0.04447644,False,CNV_low_candidate
GSM8848584_TATGGTAAGGCAAGCCACAGACCT-1,GSM8848584,0,Prostate epithelial - AR high,0.09361261,False,CNV_low_candidate
GSM8848584_TATGGTAAGGTGAGCCACAGACCT-1,GSM8848584,0,Prostate epithelial - AR high,0.048141427,False,CNV_low_candidate
GSM8848584_TATGGTAAGTCATCATACAGACCT-1,GSM8848584,0,Prostate epithelial - AR high,0.03313761,False,CNV_low_candidate
GSM8848584_TATGGTGCAATGTTCCACAGACCT-1,GSM8848584,0,Prostate epithelial - AR high,0.10695497,True,CNV_high_candidate
GSM8848584_TATGGTGCAATTAGGTACAGACCT-1,GSM8848584,2,Steroidogenic-like,0.052612282,False,CNV_low_candidate
GSM8848584_TATGTCCCACCTAACTACAGACCT-1,GSM8848584,2,Steroidogenic-like,0.09863053,False,CNV_low_candidate
GSM8848584_TATGTTGGTATTCGACACAGACCT-1,GSM8848584,0,Prostate epithelial - AR high,0.1106388,True,CNV_high_candidate
GSM8848584_TATGTTGGTATTCGTAACAGACCT-1,GSM8848584,1,Neuroendocrine-like,0.023490984,False,CNV_low_candidate
GSM8848584_TATGTTGGTTAGTCTAACAGACCT-1,GSM8848584,0,Prostate epithelial - AR high,0.049206987,False,CNV_low_candidate
GSM8848584_TATGTTGGTTGAGCTTACAGACCT-1,GSM8848584,1,Neuroendocrine-like,0.025600282,False,CNV_low_candidate
GSM8848584_TATTACCAGTAGCGCAACAGACCT-1,GSM8848584,0,Prostate epithelial - AR high,0.13994041,True,CNV_high_candidate
GSM8848584_TATTACCAGTGTGATAACAGACCT-1,GSM8848584,0,Prostate epithelial - AR high,0.036562823,False,CNV_low_candidate
GSM8848584_TATTAGGAGTGCTGAGACAGACCT-1,GSM8848584,5,T/NK lymphocyte,0.024496524,False,reference_like
GSM8848584_TATTCGGTCAAGGTCGACAGACCT-1,GSM8848584,4,Fibroblast,0.05250956,False,reference_like
GSM8848584_TATTCGGTCCTCACGGACAGACCT-1,GSM8848584,1,Neuroendocrine-like,0.06263853,False,CNV_low_candidate
GSM8848584_TATTCGGTCGTCCATAACAGACCT-1,GSM8848584,2,Steroidogenic-like,0.020701084,False,CNV_low_candidate
GSM8848584_TATTGACTCAAACCAAACAGACCT-1,GSM8848584,2,Steroidogenic-like,0.07275843,False,CNV_low_candidate
GSM8848584_TATTGACTCACCAGGAACAGACCT-1,GSM8848584,4,Fibroblast,0.032903075,False,reference_like
GSM8848584_TATTGACTCGATTAAGACAGACCT-1,GSM8848584,0,Prostate epithelial - AR high,0.06494344,False,CNV_low_candidate
GSM8848584_TATTGCAGTATTTCGAACAGACCT-1,GSM8848584,6,Macrophage,0.026214473,False,reference_like
GSM8848584_TATTGCAGTGCGGCTTACAGACCT-1,GSM8848584,0,Prostate epithelial - AR high,0.098420985,False,CNV_low_candidate
GSM8848584_TATTGCCCAAACGGTCACAGACCT-1,GSM8848584,0,Prostate epithelial - AR high,0.04864132,False,CNV_low_candidate
GSM8848584_TATTGCCCAACTTGTCACAGACCT-1,GSM8848584,4,Fibroblast,0.041063916,False,reference_like
GSM8848584_TATTGCCCATCCGTCAACAGACCT-1,GSM8848584,0,Prostate epithelial - AR high,0.075596906,False,CNV_low_candidate
GSM8848584_TATTGGCGTCAAACTCACAGACCT-1,GSM8848584,2,Steroidogenic-like,0.048405387,False,CNV_low_candidate
GSM8848584_TATTGGCGTCATGAAGACAGACCT-1,GSM8848584,0,Prostate epithelial - AR high,0.052848417,False,CNV_low_candidate
GSM8848584_TATTGGCGTCCTCCATACAGACCT-1,GSM8848584,0,Prostate epithelial - AR high,0.11046375,True,CNV_high_candidate
GSM8848584_TATTGGGCAAACTGGCACAGACCT-1,GSM8848584,2,Steroidogenic-like,0.067014135,False,CNV_low_candidate
GSM8848584_TATTGGGCACAAATACACAGACCT-1,GSM8848584,0,Prostate epithelial - AR high,0.067994684,False,CNV_low_candidate
GSM8848584_TATTTGCAGAGCAACTACAGACCT-1,GSM8848584,4,Fibroblast,0.044574715,False,reference_like
GSM8848584_TATTTGCAGAGGCGGAACAGACCT-1,GSM8848584,4,Fibroblast,0.123465635,True,reference_like
GSM8848584_TATTTGCAGTGTGCAGACAGACCT-1,GSM8848584,0,Prostate epithelial - AR high,0.0806564,False,CNV_low_candidate
GSM8848584_TCAAACCGTGACATTCACAGACCT-1,GSM8848584,4,Fibroblast,0.04281976,False,reference_like
GSM8848584_TCAACAAAGGAGGATAACAGACCT-1,GSM8848584,0,Prostate epithelial - AR high,0.06400304,False,CNV_low_candidate
GSM8848584_TCAACAAAGGATTAGCACAGACCT-1,GSM8848584,2,Steroidogenic-like,0.08108404,False,CNV_low_candidate
GSM8848584_TCAACATTCCTGCAACACAGACCT-1,GSM8848584,2,Steroidogenic-like,0.035596594,False,CNV_low_candidate
GSM8848584_TCAACATTCGAGGCGTACAGACCT-1,GSM8848584,2,Steroidogenic-like,0.061343536,False,CNV_low_candidate
GSM8848584_TCAACATTCTTGAAAGACAGACCT-1,GSM8848584,2,Steroidogenic-like,0.02258137,False,CNV_low_candidate
GSM8848584_TCAACCATCTTCGCTTACAGACCT-1,GSM8848584,2,Steroidogenic-like,0.0488064,False,CNV_low_candidate
GSM8848584_TCAACCGGTGCGGCAAACAGACCT-1,GSM8848584,0,Prostate epithelial - AR high,0.027362596,False,CNV_low_candidate
GSM8848584_TCAACCGGTTAGGCGGACAGACCT-1,GSM8848584,2,Steroidogenic-like,0.08404218,False,CNV_low_candidate
GSM8848584_TCAACTAGTACAAACGACAGACCT-1,GSM8848584,0,Prostate epithelial - AR high,0.06786681,False,CNV_low_candidate
GSM8848584_TCAACTAGTCGAGGCAACAGACCT-1,GSM8848584,3,Endothelial,0.02498583,False,reference_like
GSM8848584_TCAACTAGTTAGGTAGACAGACCT-1,GSM8848584,2,Steroidogenic-like,0.057520114,False,CNV_low_candidate
GSM8848584_TCAACTGTCGTCAACCACAGACCT-1,GSM8848584,2,Steroidogenic-like,0.0691039,False,CNV_low_candidate
GSM8848584_TCAACTGTCTAACCTGACAGACCT-1,GSM8848584,4,Fibroblast,0.01881035,False,reference_like
GSM8848584_TCAAGCGAGCAAACCGACAGACCT-1,GSM8848584,0,Prostate epithelial - AR high,0.03312337,False,CNV_low_candidate
GSM8848584_TCAAGCGAGCTATCCAACAGACCT-1,GSM8848584,1,Neuroendocrine-like,0.047931734,False,CNV_low_candidate
GSM8848584_TCAAGGTAGAAGGTTCACAGACCT-1,GSM8848584,2,Steroidogenic-like,0.09412051,False,CNV_low_candidate
GSM8848584_TCAAGGTAGCCCTTGGACAGACCT-1,GSM8848584,2,Steroidogenic-like,0.031760715,False,CNV_low_candidate
GSM8848584_TCAAGTTTCAAGATGCACAGACCT-1,GSM8848584,1,Neuroendocrine-like,0.013660857,False,CNV_low_candidate
GSM8848584_TCAAGTTTCCAAATAGACAGACCT-1,GSM8848584,4,Fibroblast,0.02915911,False,reference_like
GSM8848584_TCAAGTTTCTCACCGGACAGACCT-1,GSM8848584,3,Endothelial,0.0287203,False,reference_like
GSM8848584_TCAATGTTCAAGGTGTACAGACCT-1,GSM8848584,2,Steroidogenic-like,0.046829607,False,CNV_low_candidate
GSM8848584_TCAATGTTCTTGAAAGACAGACCT-1,GSM8848584,0,Prostate epithelial - AR high,0.04761778,False,CNV_low_candidate
GSM8848584_TCAATTGGTCATGAAGACAGACCT-1,GSM8848584,0,Prostate epithelial - AR high,0.07813213,False,CNV_low_candidate
GSM8848584_TCAATTGGTTCAAGGAACAGACCT-1,GSM8848584,6,Macrophage,0.0463997,False,reference_like
GSM8848584_TCAATTGGTTGCGAAAACAGACCT-1,GSM8848584,1,Neuroendocrine-like,0.083282225,False,CNV_low_candidate
GSM8848584_TCAATTGGTTGCTCCTACAGACCT-1,GSM8848584,0,Prostate epithelial - AR high,0.10564592,True,CNV_high_candidate
GSM8848584_TCACCAATCATGTCATACAGACCT-1,GSM8848584,0,Prostate epithelial - AR high,0.043077894,False,CNV_low_candidate
GSM8848584_TCACCAATCCGCCACAACAGACCT-1,GSM8848584,2,Steroidogenic-like,0.04768582,False,CNV_low_candidate
GSM8848584_TCACCATCAAGAACAAACAGACCT-1,GSM8848584,2,Steroidogenic-like,0.07959576,False,CNV_low_candidate
GSM8848584_TCACCATCATCATGCTACAGACCT-1,GSM8848584,0,Prostate epithelial - AR high,0.027212787,False,CNV_low_candidate
GSM8848584_TCACCCACACGTAGGTACAGACCT-1,GSM8848584,6,Macrophage,0.040840283,False,reference_like
GSM8848584_TCACCCTGTACGCACCACAGACCT-1,GSM8848584,4,Fibroblast,0.03724202,False,reference_like
GSM8848584_TCACCCTGTCCAGCTAACAGACCT-1,GSM8848584,0,Prostate epithelial - AR high,0.067727126,False,CNV_low_candidate
GSM8848584_TCACCTAAGATGCCTCACAGACCT-1,GSM8848584,2,Steroidogenic-like,0.034345374,False,CNV_low_candidate
GSM8848584_TCACCTAAGCACTAGGACAGACCT-1,GSM8848584,0,Prostate epithelial - AR high,0.023722913,False,CNV_low_candidate
GSM8848584_TCACGTTCAAGGTGTCACAGACCT-1,GSM8848584,0,Prostate epithelial - AR high,0.037108675,False,CNV_low_candidate
GSM8848584_TCACGTTCAATGGATTACAGACCT-1,GSM8848584,0,Prostate epithelial - AR high,0.15369254,True,CNV_high_candidate
GSM8848584_TCACTGTCAAGAACAAACAGACCT-1,GSM8848584,0,Prostate epithelial - AR high,0.07036116,False,CNV_low_candidate
GSM8848584_TCACTTTGTAGTAGGCACAGACCT-1,GSM8848584,3,Endothelial,0.07330062,False,reference_like
GSM8848584_TCACTTTGTCATCAGTACAGACCT-1,GSM8848584,5,T/NK lymphocyte,0.01938721,False,reference_like
GSM8848584_TCAGCCAGTTCCTTCAACAGACCT-1,GSM8848584,1,Neuroendocrine-like,0.0824025,False,CNV_low_candidate
GSM8848584_TCAGGCTTCAAAGGGAACAGACCT-1,GSM8848584,2,Steroidogenic-like,0.045378752,False,CNV_low_candidate
GSM8848584_TCAGGCTTCCTAATCGACAGACCT-1,GSM8848584,0,Prostate epithelial - AR high,0.120132186,True,CNV_high_candidate
GSM8848584_TCAGGCTTCCTTTGGAACAGACCT-1,GSM8848584,2,Steroidogenic-like,0.017054748,False,CNV_low_candidate
GSM8848584_TCAGGCTTCGAAGTTAACAGACCT-1,GSM8848584,0,Prostate epithelial - AR high,0.035970546,False,CNV_low_candidate
GSM8848584_TCAGGGATCGAGGCACACAGACCT-1,GSM8848584,4,Fibroblast,0.01621981,False,reference_like
GSM8848584_TCAGGGATCGATTATCACAGACCT-1,GSM8848584,0,Prostate epithelial - AR high,0.12971446,True,CNV_high_candidate
GSM8848584_TCAGGGATCGGCTAAGACAGACCT-1,GSM8848584,1,Neuroendocrine-like,0.039910607,False,CNV_low_candidate
GSM8848584_TCAGGGATCTGGGAATACAGACCT-1,GSM8848584,0,Prostate epithelial - AR high,0.053902604,False,CNV_low_candidate
GSM8848584_TCAGGTTGTGAGTAATACAGACCT-1,GSM8848584,0,Prostate epithelial - AR high,0.0957306,False,CNV_low_candidate
GSM8848584_TCAGGTTGTTTGGGCCACAGACCT-1,GSM8848584,2,Steroidogenic-like,0.05029839,False,CNV_low_candidate
GSM8848584_TCAGTAAAGGCGCAGTACAGACCT-1,GSM8848584,2,Steroidogenic-like,0.074304484,False,CNV_low_candidate
GSM8848584_TCATAGGCAACGACTAACAGACCT-1,GSM8848584,2,Steroidogenic-like,0.061208855,False,CNV_low_candidate
GSM8848584_TCATAGGCATAGCCGGACAGACCT-1,GSM8848584,0,Prostate epithelial - AR high,0.057132177,False,CNV_low_candidate
GSM8848584_TCATCAGTCCTTAGGCACAGACCT-1,GSM8848584,0,Prostate epithelial - AR high,0.045621343,False,CNV_low_candidate
GSM8848584_TCATCAGTCGGTACAGACAGACCT-1,GSM8848584,3,Endothelial,0.028151285,False,reference_like
GSM8848584_TCATCAGTCTAATCACACAGACCT-1,GSM8848584,4,Fibroblast,0.025050225,False,reference_like
GSM8848584_TCATCAGTCTTAATGCACAGACCT-1,GSM8848584,0,Prostate epithelial - AR high,0.07428155,False,CNV_low_candidate
GSM8848584_TCATGCCAGCGAATCGACAGACCT-1,GSM8848584,2,Steroidogenic-like,0.025698882,False,CNV_low_candidate
GSM8848584_TCATGCCAGTGCAACGACAGACCT-1,GSM8848584,1,Neuroendocrine-like,0.035470832,False,CNV_low_candidate
GSM8848584_TCATGGTGTAGTCATCACAGACCT-1,GSM8848584,0,Prostate epithelial - AR high,0.039778538,False,CNV_low_candidate
GSM8848584_TCATGGTGTTGTGACTACAGACCT-1,GSM8848584,0,Prostate epithelial - AR high,0.10409919,True,CNV_high_candidate
GSM8848584_TCATTACAGGGCGGAAACAGACCT-1,GSM8848584,0,Prostate epithelial - AR high,0.04067267,False,CNV_low_candidate
GSM8848584_TCATTTGCACTGTCATACAGACCT-1,GSM8848584,5,T/NK lymphocyte,0.034537777,False,reference_like
GSM8848584_TCATTTGCAGCTGCTCACAGACCT-1,GSM8848584,0,Prostate epithelial - AR high,0.06820024,False,CNV_low_candidate
GSM8848584_TCCAATAGTGTGAGTAACAGACCT-1,GSM8848584,5,T/NK lymphocyte,0.09196327,False,reference_like
GSM8848584_TCCACCCTCCCTGGATACAGACCT-1,GSM8848584,0,Prostate epithelial - AR high,0.0848365,False,CNV_low_candidate
GSM8848584_TCCACTAAGAGGTTTAACAGACCT-1,GSM8848584,4,Fibroblast,0.049800206,False,reference_like
GSM8848584_TCCACTAAGTAAAGGGACAGACCT-1,GSM8848584,2,Steroidogenic-like,0.021349045,False,CNV_low_candidate
GSM8848584_TCCACTAAGTCTGTGCACAGACCT-1,GSM8848584,0,Prostate epithelial - AR high,0.12946628,True,CNV_high_candidate
GSM8848584_TCCAGGAAGAGCAATCACAGACCT-1,GSM8848584,0,Prostate epithelial - AR high,0.054903027,False,CNV_low_candidate
GSM8848584_TCCAGGAAGATAATCGACAGACCT-1,GSM8848584,2,Steroidogenic-like,0.11607172,True,CNV_high_candidate
GSM8848584_TCCAGGAAGATTCATCACAGACCT-1,GSM8848584,2,Steroidogenic-like,0.036254376,False,CNV_low_candidate
GSM8848584_TCCAGGAAGCAAATCAACAGACCT-1,GSM8848584,2,Steroidogenic-like,0.044797577,False,CNV_low_candidate
GSM8848584_TCCAGGAAGCTTCTAGACAGACCT-1,GSM8848584,1,Neuroendocrine-like,0.06886352,False,CNV_low_candidate
GSM8848584_TCCAGGAAGGATTATGACAGACCT-1,GSM8848584,2,Steroidogenic-like,0.024208779,False,CNV_low_candidate
GSM8848584_TCCAGGAAGGCAAGCCACAGACCT-1,GSM8848584,2,Steroidogenic-like,0.07282352,False,CNV_low_candidate
GSM8848584_TCCATTTGTAAGTCGAACAGACCT-1,GSM8848584,1,Neuroendocrine-like,0.017118651,False,CNV_low_candidate
GSM8848584_TCCATTTGTCAACAAGACAGACCT-1,GSM8848584,0,Prostate epithelial - AR high,0.10726272,True,CNV_high_candidate
GSM8848584_TCCATTTGTGTCCAATACAGACCT-1,GSM8848584,2,Steroidogenic-like,0.0375,False,CNV_low_candidate
GSM8848584_TCCATTTGTGTGGCTCACAGACCT-1,GSM8848584,2,Steroidogenic-like,0.04649229,False,CNV_low_candidate
GSM8848584_TCCCGCAAGATTGAGCACAGACCT-1,GSM8848584,0,Prostate epithelial - AR high,0.08907646,False,CNV_low_candidate
GSM8848584_TCCCGCAAGTCCTCAAACAGACCT-1,GSM8848584,6,Macrophage,0.04414162,False,reference_like
GSM8848584_TCCCGCAAGTTACCCAACAGACCT-1,GSM8848584,0,Prostate epithelial - AR high,0.031806193,False,CNV_low_candidate
GSM8848584_TCCCGCAAGTTTCGGCACAGACCT-1,GSM8848584,0,Prostate epithelial - AR high,0.11606202,True,CNV_high_candidate
GSM8848584_TCCCGTTGTTAGACTCACAGACCT-1,GSM8848584,0,Prostate epithelial - AR high,0.055066504,False,CNV_low_candidate
GSM8848584_TCCCTCATCACGTTCAACAGACCT-1,GSM8848584,4,Fibroblast,0.03671818,False,reference_like
GSM8848584_TCCCTTTAGAACCTCCACAGACCT-1,GSM8848584,2,Steroidogenic-like,0.06873953,False,CNV_low_candidate
GSM8848584_TCCCTTTAGCGTGCTTACAGACCT-1,GSM8848584,2,Steroidogenic-like,0.033559028,False,CNV_low_candidate
GSM8848584_TCCCTTTAGGTGTCCTACAGACCT-1,GSM8848584,1,Neuroendocrine-like,0.0494557,False,CNV_low_candidate
GSM8848584_TCCCTTTAGTCGCATCACAGACCT-1,GSM8848584,2,Steroidogenic-like,0.06011259,False,CNV_low_candidate
GSM8848584_TCCGAATGTCAAAGATACAGACCT-1,GSM8848584,1,Neuroendocrine-like,0.024156317,False,CNV_low_candidate
GSM8848584_TCCGAATGTGCATTACACAGACCT-1,GSM8848584,0,Prostate epithelial - AR high,0.09876455,False,CNV_low_candidate
GSM8848584_TCCGTTAAGGCTACTCACAGACCT-1,GSM8848584,0,Prostate epithelial - AR high,0.09273646,False,CNV_low_candidate
GSM8848584_TCCTAAGTCACCCTCCACAGACCT-1,GSM8848584,5,T/NK lymphocyte,0.017950086,False,reference_like
GSM8848584_TCCTGGTAGGTTAGACACAGACCT-1,GSM8848584,4,Fibroblast,0.020927936,False,reference_like
GSM8848584_TCCTGGTAGTCTACCAACAGACCT-1,GSM8848584,0,Prostate epithelial - AR high,0.025986843,False,CNV_low_candidate
GSM8848584_TCCTGGTAGTCTATGTACAGACCT-1,GSM8848584,1,Neuroendocrine-like,0.035379592,False,CNV_low_candidate
GSM8848584_TCCTTATGTTGAATCCACAGACCT-1,GSM8848584,6,Macrophage,0.054282706,False,reference_like
GSM8848584_TCCTTCTAGTATGGGTACAGACCT-1,GSM8848584,2,Steroidogenic-like,0.024649568,False,CNV_low_candidate
GSM8848584_TCCTTGAAGACTAACAACAGACCT-1,GSM8848584,1,Neuroendocrine-like,0.03601129,False,CNV_low_candidate
GSM8848584_TCCTTGAAGATTGCAAACAGACCT-1,GSM8848584,0,Prostate epithelial - AR high,0.039881513,False,CNV_low_candidate
GSM8848584_TCCTTGAAGCTTAAAGACAGACCT-1,GSM8848584,1,Neuroendocrine-like,0.08593136,False,CNV_low_candidate
GSM8848584_TCCTTGAAGGTTCTTGACAGACCT-1,GSM8848584,2,Steroidogenic-like,0.045645528,False,CNV_low_candidate
GSM8848584_TCCTTGAAGTCGCGAAACAGACCT-1,GSM8848584,2,Steroidogenic-like,0.069891,False,CNV_low_candidate
GSM8848584_TCCTTTCAGCAAACTAACAGACCT-1,GSM8848584,0,Prostate epithelial - AR high,0.10978611,True,CNV_high_candidate
GSM8848584_TCCTTTCAGCAAATCAACAGACCT-1,GSM8848584,0,Prostate epithelial - AR high,0.1496702,True,CNV_high_candidate
GSM8848584_TCCTTTCAGCACGCAAACAGACCT-1,GSM8848584,0,Prostate epithelial - AR high,0.075372964,False,CNV_low_candidate
GSM8848584_TCCTTTCAGGTCAATAACAGACCT-1,GSM8848584,0,Prostate epithelial - AR high,0.041278657,False,CNV_low_candidate
GSM8848584_TCGAACCTCCAAATAGACAGACCT-1,GSM8848584,0,Prostate epithelial - AR high,0.035867017,False,CNV_low_candidate
GSM8848584_TCGAAGGTCAACCTATACAGACCT-1,GSM8848584,2,Steroidogenic-like,0.07622275,False,CNV_low_candidate
GSM8848584_TCGAAGGTCACAGGGCACAGACCT-1,GSM8848584,0,Prostate epithelial - AR high,0.05858828,False,CNV_low_candidate
GSM8848584_TCGAAGGTCATGCATTACAGACCT-1,GSM8848584,3,Endothelial,0.037151366,False,reference_like
GSM8848584_TCGAAGGTCCTTTGAGACAGACCT-1,GSM8848584,2,Steroidogenic-like,0.04634841,False,CNV_low_candidate
GSM8848584_TCGATAAAGCTAGCCTACAGACCT-1,GSM8848584,1,Neuroendocrine-like,0.01741274,False,CNV_low_candidate
GSM8848584_TCGATAAAGGTGAGGGACAGACCT-1,GSM8848584,3,Endothelial,0.0772492,False,reference_like
GSM8848584_TCGATATTCCAAAGACACAGACCT-1,GSM8848584,2,Steroidogenic-like,0.06723473,False,CNV_low_candidate
GSM8848584_TCGATATTCCATTAACACAGACCT-1,GSM8848584,2,Steroidogenic-like,0.075761355,False,CNV_low_candidate
GSM8848584_TCGATGACAAGCTTTCACAGACCT-1,GSM8848584,0,Prostate epithelial - AR high,0.10464262,True,CNV_high_candidate
GSM8848584_TCGCCTCTCAGCTACCACAGACCT-1,GSM8848584,2,Steroidogenic-like,0.049313303,False,CNV_low_candidate
GSM8848584_TCGCGCATCAGTAAGCACAGACCT-1,GSM8848584,3,Endothelial,0.065847784,False,reference_like
GSM8848584_TCGCGCATCATGGTCCACAGACCT-1,GSM8848584,2,Steroidogenic-like,0.06433974,False,CNV_low_candidate
GSM8848584_TCGCGCATCCTCACGGACAGACCT-1,GSM8848584,2,Steroidogenic-like,0.0805792,False,CNV_low_candidate
GSM8848584_TCGCGCATCGAGAGAAACAGACCT-1,GSM8848584,0,Prostate epithelial - AR high,0.037230704,False,CNV_low_candidate
GSM8848584_TCGCGCATCGGGCAACACAGACCT-1,GSM8848584,0,Prostate epithelial - AR high,0.07894812,False,CNV_low_candidate
GSM8848584_TCGCGCTCAATAAGCTACAGACCT-1,GSM8848584,0,Prostate epithelial - AR high,0.12678105,True,CNV_high_candidate
GSM8848584_TCGCGCTCAGACTCAAACAGACCT-1,GSM8848584,5,T/NK lymphocyte,0.016796554,False,reference_like
GSM8848584_TCGCGCTCATTACTTGACAGACCT-1,GSM8848584,2,Steroidogenic-like,0.039159685,False,CNV_low_candidate
GSM8848584_TCGCGGACAACAGATTACAGACCT-1,GSM8848584,6,Macrophage,0.03299928,False,reference_like
GSM8848584_TCGCGGACAATGAAGAACAGACCT-1,GSM8848584,2,Steroidogenic-like,0.014187896,False,CNV_low_candidate
GSM8848584_TCGCTCGAGGATTAGCACAGACCT-1,GSM8848584,4,Fibroblast,0.023334306,False,reference_like
GSM8848584_TCGCTCGAGGTAACTAACAGACCT-1,GSM8848584,6,Macrophage,0.024148433,False,reference_like
GSM8848584_TCGGCCATCAATACAGACAGACCT-1,GSM8848584,2,Steroidogenic-like,0.11563932,True,CNV_high_candidate
GSM8848584_TCGGCCATCATTAGCTACAGACCT-1,GSM8848584,1,Neuroendocrine-like,0.017685115,False,CNV_low_candidate
GSM8848584_TCGGCCATCCAATACTACAGACCT-1,GSM8848584,4,Fibroblast,0.075078204,False,reference_like
GSM8848584_TCGGCCATCCCGTTCCACAGACCT-1,GSM8848584,6,Macrophage,0.019279985,False,reference_like
GSM8848584_TCGGCCATCCCTCGTCACAGACCT-1,GSM8848584,2,Steroidogenic-like,0.09101526,False,CNV_low_candidate
GSM8848584_TCGGCCATCCCTTTGTACAGACCT-1,GSM8848584,2,Steroidogenic-like,0.08086598,False,CNV_low_candidate
GSM8848584_TCGGCCATCGTTATGTACAGACCT-1,GSM8848584,2,Steroidogenic-like,0.057189573,False,CNV_low_candidate
GSM8848584_TCGGCTAGTATTACCAACAGACCT-1,GSM8848584,2,Steroidogenic-like,0.055172395,False,CNV_low_candidate
GSM8848584_TCGTCAATCGATTGGGACAGACCT-1,GSM8848584,6,Macrophage,0.05979897,False,reference_like
GSM8848584_TCGTCAATCGTCCATAACAGACCT-1,GSM8848584,2,Steroidogenic-like,0.08080008,False,CNV_low_candidate
GSM8848584_TCGTCAATCTGGCTACACAGACCT-1,GSM8848584,6,Macrophage,0.030124905,False,reference_like
GSM8848584_TCGTCCCTCCAACTTGACAGACCT-1,GSM8848584,4,Fibroblast,0.033718403,False,reference_like
GSM8848584_TCGTCCCTCGATATAGACAGACCT-1,GSM8848584,2,Steroidogenic-like,0.073223464,False,CNV_low_candidate
GSM8848584_TCGTCCCTCGATTATCACAGACCT-1,GSM8848584,0,Prostate epithelial - AR high,0.03446101,False,CNV_low_candidate
GSM8848584_TCGTTAAGTAGCTTGTACAGACCT-1,GSM8848584,6,Macrophage,0.076245345,False,reference_like
GSM8848584_TCGTTATAGCCAAACGACAGACCT-1,GSM8848584,1,Neuroendocrine-like,0.064293616,False,CNV_low_candidate
GSM8848584_TCGTTATAGCTATCCAACAGACCT-1,GSM8848584,0,Prostate epithelial - AR high,0.032935478,False,CNV_low_candidate
GSM8848584_TCGTTCGCACATAGTGACAGACCT-1,GSM8848584,1,Neuroendocrine-like,0.06649366,False,CNV_low_candidate
GSM8848584_TCGTTCGCAGCCTTCAACAGACCT-1,GSM8848584,0,Prostate epithelial - AR high,0.06590589,False,CNV_low_candidate
GSM8848584_TCGTTCGCATGACCAAACAGACCT-1,GSM8848584,0,Prostate epithelial - AR high,0.03442414,False,CNV_low_candidate
GSM8848584_TCGTTGCAGCATTACTACAGACCT-1,GSM8848584,4,Fibroblast,0.062203683,False,reference_like
GSM8848584_TCGTTGCAGGACAAGAACAGACCT-1,GSM8848584,4,Fibroblast,0.024766598,False,reference_like
GSM8848584_TCTAACAGTATGTTTGACAGACCT-1,GSM8848584,2,Steroidogenic-like,0.028866006,False,CNV_low_candidate
GSM8848584_TCTAACAGTTTGTAGCACAGACCT-1,GSM8848584,0,Prostate epithelial - AR high,0.041135665,False,CNV_low_candidate
GSM8848584_TCTAACTAGATAACTGACAGACCT-1,GSM8848584,0,Prostate epithelial - AR high,0.022651255,False,CNV_low_candidate
GSM8848584_TCTAACTAGCCTAAGGACAGACCT-1,GSM8848584,2,Steroidogenic-like,0.077042416,False,CNV_low_candidate
GSM8848584_TCTAACTAGGGTGGGAACAGACCT-1,GSM8848584,2,Steroidogenic-like,0.035777804,False,CNV_low_candidate
GSM8848584_TCTAAGGCAGGATTGCACAGACCT-1,GSM8848584,0,Prostate epithelial - AR high,0.06604203,False,CNV_low_candidate
GSM8848584_TCTAAGTTCATGCATTACAGACCT-1,GSM8848584,4,Fibroblast,0.015503831,False,reference_like
GSM8848584_TCTAAGTTCCCTTTGTACAGACCT-1,GSM8848584,2,Steroidogenic-like,0.031323727,False,CNV_low_candidate
GSM8848584_TCTAAGTTCGCTTGGTACAGACCT-1,GSM8848584,5,T/NK lymphocyte,0.019095175,False,reference_like
GSM8848584_TCTAATCAGAGCAATCACAGACCT-1,GSM8848584,0,Prostate epithelial - AR high,0.06045666,False,CNV_low_candidate
GSM8848584_TCTAATCAGCAATCCCACAGACCT-1,GSM8848584,2,Steroidogenic-like,0.052046683,False,CNV_low_candidate
GSM8848584_TCTAATCAGGATGCATACAGACCT-1,GSM8848584,2,Steroidogenic-like,0.047831558,False,CNV_low_candidate
GSM8848584_TCTAATCAGGGTTACGACAGACCT-1,GSM8848584,2,Steroidogenic-like,0.056220096,False,CNV_low_candidate
GSM8848584_TCTAATCAGGTAGTTAACAGACCT-1,GSM8848584,0,Prostate epithelial - AR high,0.14465898,True,CNV_high_candidate
GSM8848584_TCTAATGGTAACTACCACAGACCT-1,GSM8848584,0,Prostate epithelial - AR high,0.032655705,False,CNV_low_candidate
GSM8848584_TCTAATGGTGTGAGGTACAGACCT-1,GSM8848584,1,Neuroendocrine-like,0.025408637,False,CNV_low_candidate
GSM8848584_TCTACCTTCGAAATGCACAGACCT-1,GSM8848584,2,Steroidogenic-like,0.075826414,False,CNV_low_candidate
GSM8848584_TCTAGTTAGTAAAGGGACAGACCT-1,GSM8848584,0,Prostate epithelial - AR high,0.07338385,False,CNV_low_candidate
GSM8848584_TCTATCGAGCACGCAAACAGACCT-1,GSM8848584,0,Prostate epithelial - AR high,0.062271003,False,CNV_low_candidate
GSM8848584_TCTATCGAGGGTTATAACAGACCT-1,GSM8848584,2,Steroidogenic-like,0.0633583,False,CNV_low_candidate
GSM8848584_TCTATCGAGGTGGATTACAGACCT-1,GSM8848584,4,Fibroblast,0.05613975,False,reference_like
GSM8848584_TCTATCTGTACTTCCCACAGACCT-1,GSM8848584,0,Prostate epithelial - AR high,0.054666013,False,CNV_low_candidate
GSM8848584_TCTATTGCACTAAGGCACAGACCT-1,GSM8848584,0,Prostate epithelial - AR high,0.10113486,True,CNV_high_candidate
GSM8848584_TCTCAATAGATTCCCAACAGACCT-1,GSM8848584,6,Macrophage,0.07336084,False,reference_like
GSM8848584_TCTCAATAGGATCCCTACAGACCT-1,GSM8848584,0,Prostate epithelial - AR high,0.08585403,False,CNV_low_candidate
GSM8848584_TCTCGCCTCAACCTATACAGACCT-1,GSM8848584,2,Steroidogenic-like,0.06824207,False,CNV_low_candidate
GSM8848584_TCTCGCCTCACAGCCTACAGACCT-1,GSM8848584,2,Steroidogenic-like,0.06843672,False,CNV_low_candidate
GSM8848584_TCTCTATGTGGACACGACAGACCT-1,GSM8848584,0,Prostate epithelial - AR high,0.0736746,False,CNV_low_candidate
GSM8848584_TCTCTATGTTAGGCGGACAGACCT-1,GSM8848584,2,Steroidogenic-like,0.07106948,False,CNV_low_candidate
GSM8848584_TCTGCCACAGTAAGGGACAGACCT-1,GSM8848584,2,Steroidogenic-like,0.060928237,False,CNV_low_candidate
GSM8848584_TCTGGAACACAGCAACACAGACCT-1,GSM8848584,2,Steroidogenic-like,0.07102887,False,CNV_low_candidate
GSM8848584_TCTGGAACACGAACGTACAGACCT-1,GSM8848584,4,Fibroblast,0.03388895,False,reference_like
GSM8848584_TCTGGAACAGCTCGCTACAGACCT-1,GSM8848584,5,T/NK lymphocyte,0.04371855,False,reference_like
GSM8848584_TCTGGCCCAGGTGACTACAGACCT-1,GSM8848584,0,Prostate epithelial - AR high,0.03707463,False,CNV_low_candidate
GSM8848584_TCTGGGCGTCGGTTTGACAGACCT-1,GSM8848584,0,Prostate epithelial - AR high,0.022545757,False,CNV_low_candidate
GSM8848584_TCTGGGCGTGATTACCACAGACCT-1,GSM8848584,0,Prostate epithelial - AR high,0.07744483,False,CNV_low_candidate
GSM8848584_TCTGGGCGTTCCAGCAACAGACCT-1,GSM8848584,4,Fibroblast,0.03473612,False,reference_like
GSM8848584_TCTGGGCGTTGCTGTGACAGACCT-1,GSM8848584,1,Neuroendocrine-like,0.032067258,False,CNV_low_candidate
GSM8848584_TCTGTAAGTAAGCTAGACAGACCT-1,GSM8848584,2,Steroidogenic-like,0.017843228,False,CNV_low_candidate
GSM8848584_TCTGTAAGTTTCGCCTACAGACCT-1,GSM8848584,0,Prostate epithelial - AR high,0.080067515,False,CNV_low_candidate
GSM8848584_TCTGTGATCAGGCTGAACAGACCT-1,GSM8848584,3,Endothelial,0.03149556,False,reference_like
GSM8848584_TCTGTGATCCGCCTCTACAGACCT-1,GSM8848584,0,Prostate epithelial - AR high,0.0373914,False,CNV_low_candidate
GSM8848584_TCTGTGATCCTTGTTCACAGACCT-1,GSM8848584,1,Neuroendocrine-like,0.054469388,False,CNV_low_candidate
GSM8848584_TCTGTGCAGAGGCGGAACAGACCT-1,GSM8848584,4,Fibroblast,0.028524444,False,reference_like
GSM8848584_TCTGTGCAGGTGAGGGACAGACCT-1,GSM8848584,0,Prostate epithelial - AR high,0.039417494,False,CNV_low_candidate
GSM8848584_TCTTAAGGTCATGAAGACAGACCT-1,GSM8848584,1,Neuroendocrine-like,0.06306327,False,CNV_low_candidate
GSM8848584_TCTTAAGGTCGTAACTACAGACCT-1,GSM8848584,1,Neuroendocrine-like,0.03332359,False,CNV_low_candidate
GSM8848584_TCTTAAGGTTGCACTGACAGACCT-1,GSM8848584,0,Prostate epithelial - AR high,0.14475445,True,CNV_high_candidate
GSM8848584_TCTTAGGTCACCAGGAACAGACCT-1,GSM8848584,1,Neuroendocrine-like,0.015233377,False,CNV_low_candidate
GSM8848584_TCTTCATGTGAATCTCACAGACCT-1,GSM8848584,6,Macrophage,0.07478566,False,reference_like
GSM8848584_TCTTCATGTTTCCTGCACAGACCT-1,GSM8848584,3,Endothelial,0.037973873,False,reference_like
GSM8848584_TCTTGACCAAGCCACGACAGACCT-1,GSM8848584,2,Steroidogenic-like,0.06730748,False,CNV_low_candidate
GSM8848584_TCTTGGATCACCACACACAGACCT-1,GSM8848584,2,Steroidogenic-like,0.056172926,False,CNV_low_candidate
GSM8848584_TCTTGGATCATAATCCACAGACCT-1,GSM8848584,5,T/NK lymphocyte,0.024388246,False,reference_like
GSM8848584_TCTTTGGAGAGGAGGTACAGACCT-1,GSM8848584,2,Steroidogenic-like,0.08569056,False,CNV_low_candidate
GSM8848584_TCTTTGGAGGTTGGGCACAGACCT-1,GSM8848584,2,Steroidogenic-like,0.06277602,False,CNV_low_candidate
GSM8848584_TCTTTGTGTAACGTGAACAGACCT-1,GSM8848584,1,Neuroendocrine-like,0.018631319,False,CNV_low_candidate
GSM8848584_TGAAACTCAGGAGCAAACAGACCT-1,GSM8848584,2,Steroidogenic-like,0.05739016,False,CNV_low_candidate
GSM8848584_TGAAAGGAGACCATTTACAGACCT-1,GSM8848584,0,Prostate epithelial - AR high,0.103278,True,CNV_high_candidate
GSM8848584_TGAAAGGAGAGGTTTAACAGACCT-1,GSM8848584,4,Fibroblast,0.0520625,False,reference_like
GSM8848584_TGAAAGGAGCTCAAGGACAGACCT-1,GSM8848584,1,Neuroendocrine-like,0.025970273,False,CNV_low_candidate
GSM8848584_TGAAAGGAGCTTGATTACAGACCT-1,GSM8848584,0,Prostate epithelial - AR high,0.025311835,False,CNV_low_candidate
GSM8848584_TGAAAGGAGGAAGCAAACAGACCT-1,GSM8848584,0,Prostate epithelial - AR high,0.03599123,False,CNV_low_candidate
GSM8848584_TGAACCACAGCTACCCACAGACCT-1,GSM8848584,0,Prostate epithelial - AR high,0.065091334,False,CNV_low_candidate
GSM8848584_TGAACCACATTCCTGGACAGACCT-1,GSM8848584,2,Steroidogenic-like,0.05888047,False,CNV_low_candidate
GSM8848584_TGAACCTGTTGTTCCCACAGACCT-1,GSM8848584,6,Macrophage,0.018939141,False,reference_like
GSM8848584_TGAATAGTCAGCGATGACAGACCT-1,GSM8848584,0,Prostate epithelial - AR high,0.031303357,False,CNV_low_candidate
GSM8848584_TGAATCGCACTGACAAACAGACCT-1,GSM8848584,0,Prostate epithelial - AR high,0.13362989,True,CNV_high_candidate
GSM8848584_TGAATCTTCCCTCGCTACAGACCT-1,GSM8848584,1,Neuroendocrine-like,0.04547755,False,CNV_low_candidate
GSM8848584_TGAATCTTCGGTAAGTACAGACCT-1,GSM8848584,0,Prostate epithelial - AR high,0.031991426,False,CNV_low_candidate
GSM8848584_TGAATCTTCTAACTACACAGACCT-1,GSM8848584,2,Steroidogenic-like,0.020701053,False,CNV_low_candidate
GSM8848584_TGAATCTTCTCACCGGACAGACCT-1,GSM8848584,2,Steroidogenic-like,0.06768872,False,CNV_low_candidate
GSM8848584_TGAATGTCAAGTTGGCACAGACCT-1,GSM8848584,4,Fibroblast,0.065090835,False,reference_like
GSM8848584_TGAATGTCATGCGCAGACAGACCT-1,GSM8848584,6,Macrophage,0.042268194,False,reference_like
GSM8848584_TGAATGTCATTCGGTTACAGACCT-1,GSM8848584,0,Prostate epithelial - AR high,0.0354758,False,CNV_low_candidate
GSM8848584_TGACAACAGGTGAGCCACAGACCT-1,GSM8848584,0,Prostate epithelial - AR high,0.060081936,False,CNV_low_candidate
GSM8848584_TGACATAAGCCTGGTTACAGACCT-1,GSM8848584,2,Steroidogenic-like,0.065920174,False,CNV_low_candidate
GSM8848584_TGACATAAGCTCATTGACAGACCT-1,GSM8848584,0,Prostate epithelial - AR high,0.07752576,False,CNV_low_candidate
GSM8848584_TGACATAAGGAACCGCACAGACCT-1,GSM8848584,3,Endothelial,0.026448164,False,reference_like
GSM8848584_TGACATGCACCTAAAGACAGACCT-1,GSM8848584,0,Prostate epithelial - AR high,0.08007237,False,CNV_low_candidate
GSM8848584_TGACCTATCTGGAAACACAGACCT-1,GSM8848584,2,Steroidogenic-like,0.06648246,False,CNV_low_candidate
GSM8848584_TGACCTATCTTTGGATACAGACCT-1,GSM8848584,1,Neuroendocrine-like,0.087398864,False,CNV_low_candidate
GSM8848584_TGACCTGGTCACTAGTACAGACCT-1,GSM8848584,5,T/NK lymphocyte,0.04979147,False,reference_like
GSM8848584_TGACCTGGTCGTAACTACAGACCT-1,GSM8848584,0,Prostate epithelial - AR high,0.047155827,False,CNV_low_candidate
GSM8848584_TGACCTGGTGTTAGAGACAGACCT-1,GSM8848584,3,Endothelial,0.020673797,False,reference_like
GSM8848584_TGACCTTCAAAGTGCCACAGACCT-1,GSM8848584,2,Steroidogenic-like,0.088135265,False,CNV_low_candidate
GSM8848584_TGACCTTCAGTTATGGACAGACCT-1,GSM8848584,2,Steroidogenic-like,0.07310038,False,CNV_low_candidate
GSM8848584_TGACGAAGTAAGGTTGACAGACCT-1,GSM8848584,0,Prostate epithelial - AR high,0.11912928,True,CNV_high_candidate
GSM8848584_TGACGAAGTTGGATAGACAGACCT-1,GSM8848584,2,Steroidogenic-like,0.057750143,False,CNV_low_candidate
GSM8848584_TGACGGATCAACATTCACAGACCT-1,GSM8848584,4,Fibroblast,0.031068172,False,reference_like
GSM8848584_TGACGTACAAACTTGGACAGACCT-1,GSM8848584,1,Neuroendocrine-like,0.068007804,False,CNV_low_candidate
GSM8848584_TGACGTACATTGAACGACAGACCT-1,GSM8848584,2,Steroidogenic-like,0.04214982,False,CNV_low_candidate
GSM8848584_TGACTACGTAGGAGGAACAGACCT-1,GSM8848584,2,Steroidogenic-like,0.06650146,False,CNV_low_candidate
GSM8848584_TGACTACGTGCGGAATACAGACCT-1,GSM8848584,1,Neuroendocrine-like,0.06696425,False,CNV_low_candidate
GSM8848584_TGACTACGTTCTCAAAACAGACCT-1,GSM8848584,5,T/NK lymphocyte,0.065181285,False,reference_like
GSM8848584_TGACTATTCTGCAACCACAGACCT-1,GSM8848584,2,Steroidogenic-like,0.055476945,False,CNV_low_candidate
GSM8848584_TGAGACTAGCCATCACACAGACCT-1,GSM8848584,2,Steroidogenic-like,0.05759092,False,CNV_low_candidate
GSM8848584_TGAGACTAGTTTCCAGACAGACCT-1,GSM8848584,2,Steroidogenic-like,0.034429666,False,CNV_low_candidate
GSM8848584_TGAGCGATCCAAATTCACAGACCT-1,GSM8848584,2,Steroidogenic-like,0.046987783,False,CNV_low_candidate
GSM8848584_TGAGCGATCGAGGTTGACAGACCT-1,GSM8848584,1,Neuroendocrine-like,0.061216738,False,CNV_low_candidate
GSM8848584_TGAGCGGGTATTCGACACAGACCT-1,GSM8848584,1,Neuroendocrine-like,0.06968539,False,CNV_low_candidate
GSM8848584_TGAGCGGGTCATGCATACAGACCT-1,GSM8848584,1,Neuroendocrine-like,0.10353079,True,CNV_high_candidate
GSM8848584_TGAGCGGGTTTCTAAGACAGACCT-1,GSM8848584,2,Steroidogenic-like,0.068573475,False,CNV_low_candidate
GSM8848584_TGAGCTTGTGGTGAGTACAGACCT-1,GSM8848584,0,Prostate epithelial - AR high,0.076248504,False,CNV_low_candidate
GSM8848584_TGAGCTTGTTCACCTCACAGACCT-1,GSM8848584,2,Steroidogenic-like,0.09348294,False,CNV_low_candidate
GSM8848584_TGAGGCGGTTACTTCTACAGACCT-1,GSM8848584,2,Steroidogenic-like,0.028037155,False,CNV_low_candidate
GSM8848584_TGAGGTCCAAGCGAAGACAGACCT-1,GSM8848584,0,Prostate epithelial - AR high,0.1437736,True,CNV_high_candidate
GSM8848584_TGAGGTCCAATAGAAGACAGACCT-1,GSM8848584,0,Prostate epithelial - AR high,0.05101459,False,CNV_low_candidate
GSM8848584_TGAGGTCCAGGACTACACAGACCT-1,GSM8848584,2,Steroidogenic-like,0.035783418,False,CNV_low_candidate
GSM8848584_TGAGGTCCATGCGGATACAGACCT-1,GSM8848584,0,Prostate epithelial - AR high,0.1189311,True,CNV_high_candidate
GSM8848584_TGAGTCGAGCATTACTACAGACCT-1,GSM8848584,5,T/NK lymphocyte,0.02790337,False,reference_like
GSM8848584_TGAGTCGAGGCAGGCTACAGACCT-1,GSM8848584,0,Prostate epithelial - AR high,0.14925165,True,CNV_high_candidate
GSM8848584_TGAGTCGAGGGTTGCAACAGACCT-1,GSM8848584,0,Prostate epithelial - AR high,0.1507951,True,CNV_high_candidate
GSM8848584_TGAGTCGAGTGTGAGTACAGACCT-1,GSM8848584,2,Steroidogenic-like,0.055949282,False,CNV_low_candidate
GSM8848584_TGAGTCTGTCAAACTCACAGACCT-1,GSM8848584,2,Steroidogenic-like,0.01719541,False,CNV_low_candidate
GSM8848584_TGAGTCTGTTATGAGGACAGACCT-1,GSM8848584,2,Steroidogenic-like,0.058483075,False,CNV_low_candidate
GSM8848584_TGATCTTAGGCAAGTTACAGACCT-1,GSM8848584,5,T/NK lymphocyte,0.02206955,False,reference_like
GSM8848584_TGATGGCCACCACAAAACAGACCT-1,GSM8848584,4,Fibroblast,0.059932765,False,reference_like
GSM8848584_TGATGGCCACGGTAACACAGACCT-1,GSM8848584,1,Neuroendocrine-like,0.018344708,False,CNV_low_candidate
GSM8848584_TGATGGCCATCACAGAACAGACCT-1,GSM8848584,4,Fibroblast,0.024775883,False,reference_like
GSM8848584_TGATGGCCATGTGGGTACAGACCT-1,GSM8848584,2,Steroidogenic-like,0.06955574,False,CNV_low_candidate
GSM8848584_TGATTCAGTAGCCAAAACAGACCT-1,GSM8848584,0,Prostate epithelial - AR high,0.08092845,False,CNV_low_candidate
GSM8848584_TGATTGCGTACGAACAACAGACCT-1,GSM8848584,0,Prostate epithelial - AR high,0.036564857,False,CNV_low_candidate
GSM8848584_TGATTGCGTTAGTTTGACAGACCT-1,GSM8848584,0,Prostate epithelial - AR high,0.115209416,True,CNV_high_candidate
GSM8848584_TGATTGTTCAAGCGATACAGACCT-1,GSM8848584,6,Macrophage,0.05529878,False,reference_like
GSM8848584_TGATTGTTCAGCACCTACAGACCT-1,GSM8848584,1,Neuroendocrine-like,0.05785189,False,CNV_low_candidate
GSM8848584_TGATTGTTCCGCCTCTACAGACCT-1,GSM8848584,0,Prostate epithelial - AR high,0.039318994,False,CNV_low_candidate
GSM8848584_TGATTGTTCTTCGCTTACAGACCT-1,GSM8848584,1,Neuroendocrine-like,0.046377264,False,CNV_low_candidate
GSM8848584_TGATTTGGTGGTGCAGACAGACCT-1,GSM8848584,1,Neuroendocrine-like,0.08948829,False,CNV_low_candidate
GSM8848584_TGATTTGGTTGGTTTAACAGACCT-1,GSM8848584,0,Prostate epithelial - AR high,0.13348009,True,CNV_high_candidate
GSM8848584_TGCAAATCACTTTATGACAGACCT-1,GSM8848584,0,Prostate epithelial - AR high,0.031221094,False,CNV_low_candidate
GSM8848584_TGCAAATCAGCAATTGACAGACCT-1,GSM8848584,2,Steroidogenic-like,0.035627935,False,CNV_low_candidate
GSM8848584_TGCAAGCCAAATAACCACAGACCT-1,GSM8848584,5,T/NK lymphocyte,0.03848881,False,reference_like
GSM8848584_TGCAAGCCAAGTTAACACAGACCT-1,GSM8848584,2,Steroidogenic-like,0.017219886,False,CNV_low_candidate
GSM8848584_TGCAAGCCACTAGCGGACAGACCT-1,GSM8848584,1,Neuroendocrine-like,0.020076677,False,CNV_low_candidate
GSM8848584_TGCAAGCCATTGAACGACAGACCT-1,GSM8848584,0,Prostate epithelial - AR high,0.025792984,False,CNV_low_candidate
GSM8848584_TGCAATAAGTCAAACAACAGACCT-1,GSM8848584,0,Prostate epithelial - AR high,0.06233945,False,CNV_low_candidate
GSM8848584_TGCACACTCCTAAGGGACAGACCT-1,GSM8848584,0,Prostate epithelial - AR high,0.06838645,False,CNV_low_candidate
GSM8848584_TGCACACTCGATATTCACAGACCT-1,GSM8848584,4,Fibroblast,0.02309208,False,reference_like
GSM8848584_TGCACACTCTGTCAATACAGACCT-1,GSM8848584,1,Neuroendocrine-like,0.09837548,False,CNV_low_candidate
GSM8848584_TGCACGTTCAAAGGCTACAGACCT-1,GSM8848584,4,Fibroblast,0.021110656,False,reference_like
GSM8848584_TGCAGGATCTAACTACACAGACCT-1,GSM8848584,0,Prostate epithelial - AR high,0.14725663,True,CNV_high_candidate
GSM8848584_TGCAGGTCAACAGATTACAGACCT-1,GSM8848584,2,Steroidogenic-like,0.039767224,False,CNV_low_candidate
GSM8848584_TGCATCCAGATATTGGACAGACCT-1,GSM8848584,2,Steroidogenic-like,0.08153611,False,CNV_low_candidate
GSM8848584_TGCATCCAGGGAGGATACAGACCT-1,GSM8848584,0,Prostate epithelial - AR high,0.12457037,True,CNV_high_candidate
GSM8848584_TGCATCCAGGTTATGAACAGACCT-1,GSM8848584,1,Neuroendocrine-like,0.06254836,False,CNV_low_candidate
GSM8848584_TGCATCCAGTGTTTCGACAGACCT-1,GSM8848584,0,Prostate epithelial - AR high,0.07303982,False,CNV_low_candidate
GSM8848584_TGCATGACACTTTGTAACAGACCT-1,GSM8848584,2,Steroidogenic-like,0.017083067,False,CNV_low_candidate
GSM8848584_TGCATTAGTCCTGAGCACAGACCT-1,GSM8848584,0,Prostate epithelial - AR high,0.1479858,True,CNV_high_candidate
GSM8848584_TGCCCATAGCGAAGCCACAGACCT-1,GSM8848584,0,Prostate epithelial - AR high,0.1254253,True,CNV_high_candidate
GSM8848584_TGCCCATAGCGAATGTACAGACCT-1,GSM8848584,2,Steroidogenic-like,0.0867262,False,CNV_low_candidate
GSM8848584_TGCCCATAGGCAATCGACAGACCT-1,GSM8848584,1,Neuroendocrine-like,0.070245974,False,CNV_low_candidate
GSM8848584_TGCCCATAGGCACAATACAGACCT-1,GSM8848584,2,Steroidogenic-like,0.071050026,False,CNV_low_candidate
GSM8848584_TGCCCTGAGACTAATGACAGACCT-1,GSM8848584,2,Steroidogenic-like,0.064571925,False,CNV_low_candidate
GSM8848584_TGCCCTGAGCGAAGTTACAGACCT-1,GSM8848584,1,Neuroendocrine-like,0.08100269,False,CNV_low_candidate
GSM8848584_TGCCCTGAGTGATCAAACAGACCT-1,GSM8848584,6,Macrophage,0.015640432,False,reference_like
GSM8848584_TGCCGGTGTGGTTAAGACAGACCT-1,GSM8848584,0,Prostate epithelial - AR high,0.14935723,True,CNV_high_candidate
GSM8848584_TGCCGGTGTTGGATAGACAGACCT-1,GSM8848584,3,Endothelial,0.15459293,True,reference_like
GSM8848584_TGCCTCCTCAGTAGGTACAGACCT-1,GSM8848584,3,Endothelial,0.017534476,False,reference_like
GSM8848584_TGCCTCCTCATCAAGAACAGACCT-1,GSM8848584,2,Steroidogenic-like,0.083954595,False,CNV_low_candidate
GSM8848584_TGCCTCCTCTATGGCCACAGACCT-1,GSM8848584,0,Prostate epithelial - AR high,0.036654986,False,CNV_low_candidate
GSM8848584_TGCCTTAAGCTACGTCACAGACCT-1,GSM8848584,0,Prostate epithelial - AR high,0.06684614,False,CNV_low_candidate
GSM8848584_TGCCTTAAGGTAGTTAACAGACCT-1,GSM8848584,0,Prostate epithelial - AR high,0.03581783,False,CNV_low_candidate
GSM8848584_TGCGATACACGGTAACACAGACCT-1,GSM8848584,0,Prostate epithelial - AR high,0.064840205,False,CNV_low_candidate
GSM8848584_TGCGCAGCAGTAAGGGACAGACCT-1,GSM8848584,0,Prostate epithelial - AR high,0.04335856,False,CNV_low_candidate
GSM8848584_TGCGCATTCTTACTCCACAGACCT-1,GSM8848584,4,Fibroblast,0.0309304,False,reference_like
GSM8848584_TGCGCCATCATGGTCCACAGACCT-1,GSM8848584,2,Steroidogenic-like,0.023164934,False,CNV_low_candidate
GSM8848584_TGCGCCTCAAGGCCTGACAGACCT-1,GSM8848584,2,Steroidogenic-like,0.07542994,False,CNV_low_candidate
GSM8848584_TGCGCCTCATTTGTTGACAGACCT-1,GSM8848584,0,Prostate epithelial - AR high,0.096571945,False,CNV_low_candidate
GSM8848584_TGCGCTAGTACGAATGACAGACCT-1,GSM8848584,2,Steroidogenic-like,0.05837848,False,CNV_low_candidate
GSM8848584_TGCGCTAGTAGCGCGAACAGACCT-1,GSM8848584,2,Steroidogenic-like,0.060670022,False,CNV_low_candidate
GSM8848584_TGCGCTAGTGAACGGTACAGACCT-1,GSM8848584,1,Neuroendocrine-like,0.025490709,False,CNV_low_candidate
GSM8848584_TGCGCTAGTTCAAGCTACAGACCT-1,GSM8848584,4,Fibroblast,0.11094742,True,reference_like
GSM8848584_TGCGCTAGTTCGGTATACAGACCT-1,GSM8848584,2,Steroidogenic-like,0.021964872,False,CNV_low_candidate
GSM8848584_TGCGGAATCAGGTAGTACAGACCT-1,GSM8848584,2,Steroidogenic-like,0.11171975,True,CNV_high_candidate
GSM8848584_TGCGGAATCCTGAGGAACAGACCT-1,GSM8848584,5,T/NK lymphocyte,0.045435015,False,reference_like
GSM8848584_TGCGGCTGTCGTTATAACAGACCT-1,GSM8848584,4,Fibroblast,0.045996524,False,reference_like
GSM8848584_TGCGGTTTCATAATCCACAGACCT-1,GSM8848584,1,Neuroendocrine-like,0.019280938,False,CNV_low_candidate
GSM8848584_TGCGGTTTCTGGCCCAACAGACCT-1,GSM8848584,0,Prostate epithelial - AR high,0.028095597,False,CNV_low_candidate
GSM8848584_TGCTAACGTAACTAGGACAGACCT-1,GSM8848584,2,Steroidogenic-like,0.06741523,False,CNV_low_candidate
GSM8848584_TGCTAACGTACGGTTTACAGACCT-1,GSM8848584,4,Fibroblast,0.06657479,False,reference_like
GSM8848584_TGCTCCACAAATATGCACAGACCT-1,GSM8848584,0,Prostate epithelial - AR high,0.040090848,False,CNV_low_candidate
GSM8848584_TGCTCCACAATAAGCTACAGACCT-1,GSM8848584,0,Prostate epithelial - AR high,0.04023233,False,CNV_low_candidate
GSM8848584_TGCTGGTTCTATTGCGACAGACCT-1,GSM8848584,1,Neuroendocrine-like,0.041654322,False,CNV_low_candidate
GSM8848584_TGCTTAAGTCCTGACAACAGACCT-1,GSM8848584,2,Steroidogenic-like,0.057176244,False,CNV_low_candidate
GSM8848584_TGCTTAAGTGCCCGATACAGACCT-1,GSM8848584,2,Steroidogenic-like,0.07240947,False,CNV_low_candidate
GSM8848584_TGCTTAAGTTTGCATAACAGACCT-1,GSM8848584,2,Steroidogenic-like,0.044959635,False,CNV_low_candidate
GSM8848584_TGGAAACTCACTTCGAACAGACCT-1,GSM8848584,1,Neuroendocrine-like,0.05105849,False,CNV_low_candidate
GSM8848584_TGGACAAGTGAATCTCACAGACCT-1,GSM8848584,0,Prostate epithelial - AR high,0.035187073,False,CNV_low_candidate
GSM8848584_TGGACAAGTGACACAAACAGACCT-1,GSM8848584,2,Steroidogenic-like,0.08865994,False,CNV_low_candidate
GSM8848584_TGGACAAGTTGGTTTAACAGACCT-1,GSM8848584,0,Prostate epithelial - AR high,0.05509767,False,CNV_low_candidate
GSM8848584_TGGATCGAGCTGGACAACAGACCT-1,GSM8848584,3,Endothelial,0.017197117,False,reference_like
GSM8848584_TGGATCGAGCTGGGTAACAGACCT-1,GSM8848584,2,Steroidogenic-like,0.0544623,False,CNV_low_candidate
GSM8848584_TGGATCGAGGCAATCGACAGACCT-1,GSM8848584,6,Macrophage,0.019725505,False,reference_like
GSM8848584_TGGATCGAGGTAGTTAACAGACCT-1,GSM8848584,2,Steroidogenic-like,0.0747406,False,CNV_low_candidate
GSM8848584_TGGATTAAGCGCTTACACAGACCT-1,GSM8848584,5,T/NK lymphocyte,0.04101435,False,reference_like
GSM8848584_TGGATTAAGTGAATCAACAGACCT-1,GSM8848584,0,Prostate epithelial - AR high,0.029510722,False,CNV_low_candidate
GSM8848584_TGGATTAAGTTACACTACAGACCT-1,GSM8848584,0,Prostate epithelial - AR high,0.06557225,False,CNV_low_candidate
GSM8848584_TGGATTCGTAACTACCACAGACCT-1,GSM8848584,0,Prostate epithelial - AR high,0.03337646,False,CNV_low_candidate
GSM8848584_TGGATTCGTTTATGGCACAGACCT-1,GSM8848584,3,Endothelial,0.07417311,False,reference_like
GSM8848584_TGGCAATAGACATAGCACAGACCT-1,GSM8848584,4,Fibroblast,0.021244057,False,reference_like
GSM8848584_TGGCAATAGACTTAAGACAGACCT-1,GSM8848584,2,Steroidogenic-like,0.049630176,False,CNV_low_candidate
GSM8848584_TGGCATGAGCCATTTGACAGACCT-1,GSM8848584,2,Steroidogenic-like,0.077377945,False,CNV_low_candidate
GSM8848584_TGGCATGAGTCGCGAAACAGACCT-1,GSM8848584,0,Prostate epithelial - AR high,0.078159176,False,CNV_low_candidate
GSM8848584_TGGCCAGCAACTAGTGACAGACCT-1,GSM8848584,0,Prostate epithelial - AR high,0.12867497,True,CNV_high_candidate
GSM8848584_TGGCCAGCATTGAGATACAGACCT-1,GSM8848584,6,Macrophage,0.020246495,False,reference_like
GSM8848584_TGGCCTTAGGCACAATACAGACCT-1,GSM8848584,2,Steroidogenic-like,0.06578269,False,CNV_low_candidate
GSM8848584_TGGCCTTAGGTCACAGACAGACCT-1,GSM8848584,0,Prostate epithelial - AR high,0.030573096,False,CNV_low_candidate
GSM8848584_TGGCGGTAGGTTCGAGACAGACCT-1,GSM8848584,1,Neuroendocrine-like,0.09713542,False,CNV_low_candidate
GSM8848584_TGGCGGTAGTGATTAGACAGACCT-1,GSM8848584,2,Steroidogenic-like,0.061820533,False,CNV_low_candidate
GSM8848584_TGGCGTGCAGATAACTACAGACCT-1,GSM8848584,2,Steroidogenic-like,0.080520324,False,CNV_low_candidate
GSM8848584_TGGCGTGCAGGCAACTACAGACCT-1,GSM8848584,2,Steroidogenic-like,0.05036889,False,CNV_low_candidate
GSM8848584_TGGCGTGCAGGTATTGACAGACCT-1,GSM8848584,0,Prostate epithelial - AR high,0.060258374,False,CNV_low_candidate
GSM8848584_TGGCGTGCATCCGGAGACAGACCT-1,GSM8848584,2,Steroidogenic-like,0.0709585,False,CNV_low_candidate
GSM8848584_TGGCTACTCGCGAAATACAGACCT-1,GSM8848584,1,Neuroendocrine-like,0.018928198,False,CNV_low_candidate
GSM8848584_TGGCTACTCTTAAGGAACAGACCT-1,GSM8848584,0,Prostate epithelial - AR high,0.076402545,False,CNV_low_candidate
GSM8848584_TGGGACATCCAGAAACACAGACCT-1,GSM8848584,4,Fibroblast,0.07481692,False,reference_like
GSM8848584_TGGGACATCCTAATCGACAGACCT-1,GSM8848584,2,Steroidogenic-like,0.025357757,False,CNV_low_candidate
GSM8848584_TGGGACATCGGTAACGACAGACCT-1,GSM8848584,4,Fibroblast,0.06323938,False,reference_like
GSM8848584_TGGGCCACAAACGGTCACAGACCT-1,GSM8848584,2,Steroidogenic-like,0.015488489,False,CNV_low_candidate
GSM8848584_TGGGTCCGTACGTTACACAGACCT-1,GSM8848584,0,Prostate epithelial - AR high,0.049693666,False,CNV_low_candidate
GSM8848584_TGGGTCCGTTAAGGCAACAGACCT-1,GSM8848584,2,Steroidogenic-like,0.085470624,False,CNV_low_candidate
GSM8848584_TGGGTCCGTTGAATCCACAGACCT-1,GSM8848584,5,T/NK lymphocyte,0.029755307,False,reference_like
GSM8848584_TGGGTTTGTAAGCGTAACAGACCT-1,GSM8848584,3,Endothelial,0.1438776,True,reference_like
GSM8848584_TGGGTTTGTAGCGCGAACAGACCT-1,GSM8848584,1,Neuroendocrine-like,0.07451442,False,CNV_low_candidate
GSM8848584_TGGTAATCAAGAACAAACAGACCT-1,GSM8848584,1,Neuroendocrine-like,0.0795584,False,CNV_low_candidate
GSM8848584_TGGTAATCACCTTTGGACAGACCT-1,GSM8848584,3,Endothelial,0.054213203,False,reference_like
GSM8848584_TGGTAATCAGGATTATACAGACCT-1,GSM8848584,2,Steroidogenic-like,0.018887024,False,CNV_low_candidate
GSM8848584_TGGTAGTAGGGTTTGGACAGACCT-1,GSM8848584,1,Neuroendocrine-like,0.052142352,False,CNV_low_candidate
GSM8848584_TGGTCTATCAGGCCAAACAGACCT-1,GSM8848584,1,Neuroendocrine-like,0.063852094,False,CNV_low_candidate
GSM8848584_TGGTGAAGTTAGGCTTACAGACCT-1,GSM8848584,3,Endothelial,0.02332859,False,reference_like
GSM8848584_TGGTGAAGTTTCACCCACAGACCT-1,GSM8848584,1,Neuroendocrine-like,0.03656305,False,CNV_low_candidate
GSM8848584_TGGTGAGTCGTAGTTTACAGACCT-1,GSM8848584,2,Steroidogenic-like,0.067603536,False,CNV_low_candidate
GSM8848584_TGGTGCGCATTTGTTGACAGACCT-1,GSM8848584,4,Fibroblast,0.020916812,False,reference_like
GSM8848584_TGGTGCTTCCAACTTGACAGACCT-1,GSM8848584,2,Steroidogenic-like,0.030630587,False,CNV_low_candidate
GSM8848584_TGGTGCTTCCGTTAGCACAGACCT-1,GSM8848584,1,Neuroendocrine-like,0.03772402,False,CNV_low_candidate
GSM8848584_TGGTGTGAGCAACTTTACAGACCT-1,GSM8848584,2,Steroidogenic-like,0.09288002,False,CNV_low_candidate
GSM8848584_TGGTTAAAGCAATCCCACAGACCT-1,GSM8848584,2,Steroidogenic-like,0.032217752,False,CNV_low_candidate
GSM8848584_TGGTTAAAGCTTTACGACAGACCT-1,GSM8848584,6,Macrophage,0.030560806,False,reference_like
GSM8848584_TGGTTACGTATATTCGACAGACCT-1,GSM8848584,4,Fibroblast,0.10155667,True,reference_like
GSM8848584_TGGTTCATCAGCACAGACAGACCT-1,GSM8848584,0,Prostate epithelial - AR high,0.048156936,False,CNV_low_candidate
GSM8848584_TGGTTCATCGTTCAATACAGACCT-1,GSM8848584,1,Neuroendocrine-like,0.035691526,False,CNV_low_candidate
GSM8848584_TGGTTTGTCGAACCGAACAGACCT-1,GSM8848584,0,Prostate epithelial - AR high,0.1270647,True,CNV_high_candidate
GSM8848584_TGTAACCGTTTCCTGCACAGACCT-1,GSM8848584,0,Prostate epithelial - AR high,0.053746566,False,CNV_low_candidate
GSM8848584_TGTAACTTCCCTCATTACAGACCT-1,GSM8848584,2,Steroidogenic-like,0.06351265,False,CNV_low_candidate
GSM8848584_TGTAACTTCGCGTTCGACAGACCT-1,GSM8848584,0,Prostate epithelial - AR high,0.047189206,False,CNV_low_candidate
GSM8848584_TGTAACTTCGGGATGCACAGACCT-1,GSM8848584,0,Prostate epithelial - AR high,0.058753133,False,CNV_low_candidate
GSM8848584_TGTAAGTCACGTAATGACAGACCT-1,GSM8848584,3,Endothelial,0.041732572,False,reference_like
GSM8848584_TGTAAGTCAGGCGAAAACAGACCT-1,GSM8848584,2,Steroidogenic-like,0.023921503,False,CNV_low_candidate
GSM8848584_TGTACCGGTGCTGAAAACAGACCT-1,GSM8848584,1,Neuroendocrine-like,0.07506816,False,CNV_low_candidate
GSM8848584_TGTACCTCAAGCCTAAACAGACCT-1,GSM8848584,2,Steroidogenic-like,0.06701331,False,CNV_low_candidate
GSM8848584_TGTACCTCAATCAAGTACAGACCT-1,GSM8848584,2,Steroidogenic-like,0.07443244,False,CNV_low_candidate
GSM8848584_TGTACCTCACCTTCAGACAGACCT-1,GSM8848584,2,Steroidogenic-like,0.02629353,False,CNV_low_candidate
GSM8848584_TGTACCTCAGAATGAAACAGACCT-1,GSM8848584,1,Neuroendocrine-like,0.023338068,False,CNV_low_candidate
GSM8848584_TGTATTGGTCATGAAGACAGACCT-1,GSM8848584,4,Fibroblast,0.08202331,False,reference_like
GSM8848584_TGTATTGGTCGAATCTACAGACCT-1,GSM8848584,1,Neuroendocrine-like,0.07230942,False,CNV_low_candidate
GSM8848584_TGTCAGGAGACAGACTACAGACCT-1,GSM8848584,0,Prostate epithelial - AR high,0.081611045,False,CNV_low_candidate
GSM8848584_TGTCAGGAGATGCCTCACAGACCT-1,GSM8848584,1,Neuroendocrine-like,0.052976485,False,CNV_low_candidate
GSM8848584_TGTCAGGAGCTAACTTACAGACCT-1,GSM8848584,3,Endothelial,0.031068707,False,reference_like
GSM8848584_TGTCATCCACCTAAAGACAGACCT-1,GSM8848584,3,Endothelial,0.03476769,False,reference_like
GSM8848584_TGTCATCCATAAGCCAACAGACCT-1,GSM8848584,2,Steroidogenic-like,0.080528334,False,CNV_low_candidate
GSM8848584_TGTCATCCATCACAGAACAGACCT-1,GSM8848584,3,Endothelial,0.06159674,False,reference_like
GSM8848584_TGTCCAGGTACTTACAACAGACCT-1,GSM8848584,0,Prostate epithelial - AR high,0.073791325,False,CNV_low_candidate
GSM8848584_TGTCCAGGTAGCTTGTACAGACCT-1,GSM8848584,4,Fibroblast,0.033860072,False,reference_like
GSM8848584_TGTCCAGGTCAAAGATACAGACCT-1,GSM8848584,0,Prostate epithelial - AR high,0.08264381,False,CNV_low_candidate
GSM8848584_TGTCCAGGTTTGAGCTACAGACCT-1,GSM8848584,2,Steroidogenic-like,0.04034786,False,CNV_low_candidate
GSM8848584_TGTCGAGAGGAACTTAACAGACCT-1,GSM8848584,0,Prostate epithelial - AR high,0.07763548,False,CNV_low_candidate
GSM8848584_TGTCGAGAGTCACCTAACAGACCT-1,GSM8848584,0,Prostate epithelial - AR high,0.10025679,True,CNV_high_candidate
GSM8848584_TGTCTTGAGTATGGGTACAGACCT-1,GSM8848584,1,Neuroendocrine-like,0.06979536,False,CNV_low_candidate
GSM8848584_TGTGAGCCAAACAAGAACAGACCT-1,GSM8848584,2,Steroidogenic-like,0.054476827,False,CNV_low_candidate
GSM8848584_TGTGAGCCAATTCGGAACAGACCT-1,GSM8848584,2,Steroidogenic-like,0.080983214,False,CNV_low_candidate
GSM8848584_TGTGAGCCAGGTCAACACAGACCT-1,GSM8848584,2,Steroidogenic-like,0.05682404,False,CNV_low_candidate
GSM8848584_TGTGAGCCATGCGGATACAGACCT-1,GSM8848584,2,Steroidogenic-like,0.022849277,False,CNV_low_candidate
GSM8848584_TGTGAGGTCCCATAGCACAGACCT-1,GSM8848584,0,Prostate epithelial - AR high,0.14852029,True,CNV_high_candidate
GSM8848584_TGTGAGGTCTAACCTGACAGACCT-1,GSM8848584,6,Macrophage,0.08176449,False,reference_like
GSM8848584_TGTGCTGGTCAAAGATACAGACCT-1,GSM8848584,3,Endothelial,0.019732418,False,reference_like
GSM8848584_TGTGCTGGTTTACTGAACAGACCT-1,GSM8848584,0,Prostate epithelial - AR high,0.15237749,True,CNV_high_candidate
GSM8848584_TGTGGCGCAAACAAGAACAGACCT-1,GSM8848584,0,Prostate epithelial - AR high,0.11799674,True,CNV_high_candidate
GSM8848584_TGTGGGTCAATTAGACACAGACCT-1,GSM8848584,0,Prostate epithelial - AR high,0.034098774,False,CNV_low_candidate
GSM8848584_TGTGGGTCAGAATGAAACAGACCT-1,GSM8848584,2,Steroidogenic-like,0.06899564,False,CNV_low_candidate
GSM8848584_TGTGTCCAGAAGTACCACAGACCT-1,GSM8848584,2,Steroidogenic-like,0.04069157,False,CNV_low_candidate
GSM8848584_TGTGTCCAGAGGATGAACAGACCT-1,GSM8848584,2,Steroidogenic-like,0.091485955,False,CNV_low_candidate
GSM8848584_TGTGTCCAGTCACACCACAGACCT-1,GSM8848584,1,Neuroendocrine-like,0.023512203,False,CNV_low_candidate
GSM8848584_TGTGTGACACAGGCTGACAGACCT-1,GSM8848584,1,Neuroendocrine-like,0.047565065,False,CNV_low_candidate
GSM8848584_TGTGTGACAGAAAGGTACAGACCT-1,GSM8848584,3,Endothelial,0.086270206,False,reference_like
GSM8848584_TGTTAGCGTACGGGCAACAGACCT-1,GSM8848584,2,Steroidogenic-like,0.060219184,False,CNV_low_candidate
GSM8848584_TGTTAGTTCAGCCCTGACAGACCT-1,GSM8848584,2,Steroidogenic-like,0.06583615,False,CNV_low_candidate
GSM8848584_TGTTAGTTCCTTGTTCACAGACCT-1,GSM8848584,0,Prostate epithelial - AR high,0.07242625,False,CNV_low_candidate
GSM8848584_TGTTAGTTCGCTTCGGACAGACCT-1,GSM8848584,0,Prostate epithelial - AR high,0.13993861,True,CNV_high_candidate
GSM8848584_TGTTAGTTCGTCCATAACAGACCT-1,GSM8848584,2,Steroidogenic-like,0.068398856,False,CNV_low_candidate
GSM8848584_TGTTAGTTCTCAGCTAACAGACCT-1,GSM8848584,1,Neuroendocrine-like,0.08178954,False,CNV_low_candidate
GSM8848584_TGTTCAAGTCAATACCACAGACCT-1,GSM8848584,1,Neuroendocrine-like,0.0205827,False,CNV_low_candidate
GSM8848584_TGTTCAAGTCCAATACACAGACCT-1,GSM8848584,2,Steroidogenic-like,0.079139106,False,CNV_low_candidate
GSM8848584_TGTTCAAGTTAACGGAACAGACCT-1,GSM8848584,2,Steroidogenic-like,0.062179808,False,CNV_low_candidate
GSM8848584_TGTTCAAGTTCTTGAAACAGACCT-1,GSM8848584,3,Endothelial,0.02667652,False,reference_like
GSM8848584_TGTTCAAGTTGTTCCCACAGACCT-1,GSM8848584,1,Neuroendocrine-like,0.04086988,False,CNV_low_candidate
GSM8848584_TGTTCACCAAACGGGAACAGACCT-1,GSM8848584,3,Endothelial,0.10585828,True,reference_like
GSM8848584_TGTTCCTTCATCGATTACAGACCT-1,GSM8848584,0,Prostate epithelial - AR high,0.06930587,False,CNV_low_candidate
GSM8848584_TGTTCCTTCCAATTACACAGACCT-1,GSM8848584,1,Neuroendocrine-like,0.08255561,False,CNV_low_candidate
GSM8848584_TGTTCCTTCGCGTTCGACAGACCT-1,GSM8848584,0,Prostate epithelial - AR high,0.043071363,False,CNV_low_candidate
GSM8848584_TGTTGACGTAATTGCCACAGACCT-1,GSM8848584,0,Prostate epithelial - AR high,0.10826047,True,CNV_high_candidate
GSM8848584_TGTTGACGTACTTACAACAGACCT-1,GSM8848584,1,Neuroendocrine-like,0.022890111,False,CNV_low_candidate
GSM8848584_TGTTGACGTCCAGCTAACAGACCT-1,GSM8848584,3,Endothelial,0.017639684,False,reference_like
GSM8848584_TGTTGACGTGGACCCTACAGACCT-1,GSM8848584,1,Neuroendocrine-like,0.10347623,True,CNV_high_candidate
GSM8848584_TGTTGACGTGTGTCGCACAGACCT-1,GSM8848584,1,Neuroendocrine-like,0.07205606,False,CNV_low_candidate
GSM8848584_TGTTGACGTTTATGGCACAGACCT-1,GSM8848584,3,Endothelial,0.07503466,False,reference_like
GSM8848584_TGTTGAGCACACTAAGACAGACCT-1,GSM8848584,1,Neuroendocrine-like,0.05932085,False,CNV_low_candidate
GSM8848584_TGTTGCATCCATTAGTACAGACCT-1,GSM8848584,0,Prostate epithelial - AR high,0.03529116,False,CNV_low_candidate
GSM8848584_TGTTGCATCCTTGAGCACAGACCT-1,GSM8848584,3,Endothelial,0.047156997,False,reference_like
GSM8848584_TGTTGGTGTAATCCGTACAGACCT-1,GSM8848584,2,Steroidogenic-like,0.036088794,False,CNV_low_candidate
GSM8848584_TGTTGGTGTATTGACCACAGACCT-1,GSM8848584,2,Steroidogenic-like,0.06569182,False,CNV_low_candidate
GSM8848584_TGTTGGTGTCATGCATACAGACCT-1,GSM8848584,1,Neuroendocrine-like,0.02287086,False,CNV_low_candidate
GSM8848584_TGTTGGTGTTCACTCCACAGACCT-1,GSM8848584,2,Steroidogenic-like,0.08465937,False,CNV_low_candidate
GSM8848584_TGTTGGTGTTGCGGCTACAGACCT-1,GSM8848584,0,Prostate epithelial - AR high,0.112939656,True,CNV_high_candidate
GSM8848584_TGTTGGTGTTTCCAAAACAGACCT-1,GSM8848584,0,Prostate epithelial - AR high,0.06982331,False,CNV_low_candidate
GSM8848584_TGTTGTCCACGGTACGACAGACCT-1,GSM8848584,2,Steroidogenic-like,0.018933574,False,CNV_low_candidate
GSM8848584_TGTTTCGAGACTAACAACAGACCT-1,GSM8848584,2,Steroidogenic-like,0.06849237,False,CNV_low_candidate
GSM8848584_TGTTTCGAGGGTGGGAACAGACCT-1,GSM8848584,0,Prostate epithelial - AR high,0.03362007,False,CNV_low_candidate
GSM8848584_TGTTTCGAGGTTATGAACAGACCT-1,GSM8848584,0,Prostate epithelial - AR high,0.07347941,False,CNV_low_candidate
GSM8848584_TGTTTGAGTCACAGAAACAGACCT-1,GSM8848584,0,Prostate epithelial - AR high,0.050709713,False,CNV_low_candidate
GSM8848584_TGTTTGAGTGCTTCGAACAGACCT-1,GSM8848584,2,Steroidogenic-like,0.053624485,False,CNV_low_candidate
GSM8848584_TGTTTGAGTTGAGCTTACAGACCT-1,GSM8848584,2,Steroidogenic-like,0.09231343,False,CNV_low_candidate
GSM8848584_TTAAACCTCAATCGCCACAGACCT-1,GSM8848584,0,Prostate epithelial - AR high,0.070953466,False,CNV_low_candidate
GSM8848584_TTAACCGTCCGCCCAAACAGACCT-1,GSM8848584,2,Steroidogenic-like,0.060541816,False,CNV_low_candidate
GSM8848584_TTAACCGTCTTCGCCCACAGACCT-1,GSM8848584,0,Prostate epithelial - AR high,0.044043373,False,CNV_low_candidate
GSM8848584_TTAACGTTCCAAACGGACAGACCT-1,GSM8848584,2,Steroidogenic-like,0.052430533,False,CNV_low_candidate
GSM8848584_TTAACGTTCCGTTAGCACAGACCT-1,GSM8848584,5,T/NK lymphocyte,0.0675286,False,reference_like
GSM8848584_TTAACGTTCGGTACAGACAGACCT-1,GSM8848584,4,Fibroblast,0.05952313,False,reference_like
GSM8848584_TTAACGTTCTCCATCTACAGACCT-1,GSM8848584,3,Endothelial,0.09859043,False,reference_like
GSM8848584_TTAAGCTTCCGTCCAGACAGACCT-1,GSM8848584,1,Neuroendocrine-like,0.029516269,False,CNV_low_candidate
GSM8848584_TTAAGGATCAAGCTCCACAGACCT-1,GSM8848584,2,Steroidogenic-like,0.05794758,False,CNV_low_candidate
GSM8848584_TTAAGGATCGCTTGGTACAGACCT-1,GSM8848584,4,Fibroblast,0.055201873,False,reference_like
GSM8848584_TTAAGGATCGGTAACGACAGACCT-1,GSM8848584,2,Steroidogenic-like,0.034744658,False,CNV_low_candidate
GSM8848584_TTAAGGTCACATAGATACAGACCT-1,GSM8848584,2,Steroidogenic-like,0.06533743,False,CNV_low_candidate
GSM8848584_TTAAGGTCACCGGTAGACAGACCT-1,GSM8848584,2,Steroidogenic-like,0.044009738,False,CNV_low_candidate
GSM8848584_TTAAGGTCACGTTACTACAGACCT-1,GSM8848584,4,Fibroblast,0.023566881,False,reference_like
GSM8848584_TTAAGGTCATCCACCAACAGACCT-1,GSM8848584,2,Steroidogenic-like,0.06987815,False,CNV_low_candidate
GSM8848584_TTACACCCATGAAGCCACAGACCT-1,GSM8848584,2,Steroidogenic-like,0.021340452,False,CNV_low_candidate
GSM8848584_TTACACCCATTTCTTCACAGACCT-1,GSM8848584,0,Prostate epithelial - AR high,0.10259309,True,CNV_high_candidate
GSM8848584_TTACGGACAACCGTAAACAGACCT-1,GSM8848584,0,Prostate epithelial - AR high,0.06598768,False,CNV_low_candidate
GSM8848584_TTACGGACAATATGGTACAGACCT-1,GSM8848584,2,Steroidogenic-like,0.042554628,False,CNV_low_candidate
GSM8848584_TTACGGACACTAACTCACAGACCT-1,GSM8848584,4,Fibroblast,0.018488077,False,reference_like
GSM8848584_TTACGGACAGCACTAAACAGACCT-1,GSM8848584,1,Neuroendocrine-like,0.020423368,False,CNV_low_candidate
GSM8848584_TTACGGACAGGTCAACACAGACCT-1,GSM8848584,0,Prostate epithelial - AR high,0.07288731,False,CNV_low_candidate
GSM8848584_TTACTTCGTGCAGCTCACAGACCT-1,GSM8848584,0,Prostate epithelial - AR high,0.13693151,True,CNV_high_candidate
GSM8848584_TTACTTGCACCTCGACACAGACCT-1,GSM8848584,3,Endothelial,0.06508618,False,reference_like
GSM8848584_TTAGAGCAGAAGCAAGACAGACCT-1,GSM8848584,1,Neuroendocrine-like,0.022302203,False,CNV_low_candidate
GSM8848584_TTAGAGCAGGCTACTCACAGACCT-1,GSM8848584,0,Prostate epithelial - AR high,0.07967084,False,CNV_low_candidate
GSM8848584_TTAGAGCAGTAACGGTACAGACCT-1,GSM8848584,2,Steroidogenic-like,0.037706666,False,CNV_low_candidate
GSM8848584_TTAGCCGGTTAAGGCAACAGACCT-1,GSM8848584,1,Neuroendocrine-like,0.068447545,False,CNV_low_candidate
GSM8848584_TTAGCCGGTTTGCAACACAGACCT-1,GSM8848584,6,Macrophage,0.023476258,False,reference_like
GSM8848584_TTAGCGGAGCGAGCTAACAGACCT-1,GSM8848584,2,Steroidogenic-like,0.015294382,False,CNV_low_candidate
GSM8848584_TTAGGTGCAACATGATACAGACCT-1,GSM8848584,0,Prostate epithelial - AR high,0.06905502,False,CNV_low_candidate
GSM8848584_TTAGGTGCACCATACTACAGACCT-1,GSM8848584,2,Steroidogenic-like,0.039134506,False,CNV_low_candidate
GSM8848584_TTAGGTGCACTTAACCACAGACCT-1,GSM8848584,1,Neuroendocrine-like,0.055155728,False,CNV_low_candidate
GSM8848584_TTAGGTTTCAGGTTAAACAGACCT-1,GSM8848584,2,Steroidogenic-like,0.016210344,False,CNV_low_candidate
GSM8848584_TTAGTCGTCTTAAGGAACAGACCT-1,GSM8848584,1,Neuroendocrine-like,0.024884507,False,CNV_low_candidate
GSM8848584_TTAGTTGGTACTTATGACAGACCT-1,GSM8848584,5,T/NK lymphocyte,0.02304031,False,reference_like
GSM8848584_TTATCACAGCAGGTTGACAGACCT-1,GSM8848584,1,Neuroendocrine-like,0.023568816,False,CNV_low_candidate
GSM8848584_TTATCACAGGATCCCTACAGACCT-1,GSM8848584,1,Neuroendocrine-like,0.07472712,False,CNV_low_candidate
GSM8848584_TTATCCTGTATGGTAGACAGACCT-1,GSM8848584,2,Steroidogenic-like,0.049266692,False,CNV_low_candidate
GSM8848584_TTATCGCCACTAAGCAACAGACCT-1,GSM8848584,4,Fibroblast,0.019828046,False,reference_like
GSM8848584_TTATTGCAGGAACCTGACAGACCT-1,GSM8848584,2,Steroidogenic-like,0.04357307,False,CNV_low_candidate
GSM8848584_TTATTGCAGGCGAGTCACAGACCT-1,GSM8848584,3,Endothelial,0.04085873,False,reference_like
GSM8848584_TTATTGCAGTAATGGCACAGACCT-1,GSM8848584,6,Macrophage,0.062211845,False,reference_like
GSM8848584_TTATTGGGTACAAACGACAGACCT-1,GSM8848584,2,Steroidogenic-like,0.01696111,False,CNV_low_candidate
GSM8848584_TTATTGGGTATTGACCACAGACCT-1,GSM8848584,2,Steroidogenic-like,0.035030156,False,CNV_low_candidate
GSM8848584_TTATTGGGTGCTCATGACAGACCT-1,GSM8848584,0,Prostate epithelial - AR high,0.06578019,False,CNV_low_candidate
GSM8848584_TTATTGGGTTAAGCTCACAGACCT-1,GSM8848584,0,Prostate epithelial - AR high,0.044524334,False,CNV_low_candidate
GSM8848584_TTCAACTAGTAACGGTACAGACCT-1,GSM8848584,0,Prostate epithelial - AR high,0.022861646,False,CNV_low_candidate
GSM8848584_TTCAAGCGTAAGTCGAACAGACCT-1,GSM8848584,2,Steroidogenic-like,0.020753717,False,CNV_low_candidate
GSM8848584_TTCAAGCGTATTTGTGACAGACCT-1,GSM8848584,2,Steroidogenic-like,0.072791494,False,CNV_low_candidate
GSM8848584_TTCAAGCGTTTCTAAGACAGACCT-1,GSM8848584,3,Endothelial,0.0632868,False,reference_like
GSM8848584_TTCACTTGTAGGAGGAACAGACCT-1,GSM8848584,0,Prostate epithelial - AR high,0.045885008,False,CNV_low_candidate
GSM8848584_TTCACTTGTCGTTCGAACAGACCT-1,GSM8848584,4,Fibroblast,0.0153089035,False,reference_like
GSM8848584_TTCATGAGTCAACTACACAGACCT-1,GSM8848584,2,Steroidogenic-like,0.07225689,False,CNV_low_candidate
GSM8848584_TTCATGCCAACAGATTACAGACCT-1,GSM8848584,1,Neuroendocrine-like,0.015607593,False,CNV_low_candidate
GSM8848584_TTCATGCCAAGTGGCTACAGACCT-1,GSM8848584,0,Prostate epithelial - AR high,0.06329616,False,CNV_low_candidate
GSM8848584_TTCATGCCAAGTTAACACAGACCT-1,GSM8848584,1,Neuroendocrine-like,0.07189305,False,CNV_low_candidate
GSM8848584_TTCCAAAGTTAGGCTTACAGACCT-1,GSM8848584,2,Steroidogenic-like,0.03262304,False,CNV_low_candidate
GSM8848584_TTCCATTGTAGCTATCACAGACCT-1,GSM8848584,0,Prostate epithelial - AR high,0.08288469,False,CNV_low_candidate
GSM8848584_TTCCATTGTGGGTGTGACAGACCT-1,GSM8848584,2,Steroidogenic-like,0.032038126,False,CNV_low_candidate
GSM8848584_TTCCGCACACACAAATACAGACCT-1,GSM8848584,2,Steroidogenic-like,0.046956424,False,CNV_low_candidate
GSM8848584_TTCCTCAGTACTTATGACAGACCT-1,GSM8848584,1,Neuroendocrine-like,0.08050769,False,CNV_low_candidate
GSM8848584_TTCCTCAGTCACGATTACAGACCT-1,GSM8848584,0,Prostate epithelial - AR high,0.11417389,True,CNV_high_candidate
GSM8848584_TTCCTCAGTCTTTATCACAGACCT-1,GSM8848584,6,Macrophage,0.05990048,False,reference_like
GSM8848584_TTCCTCGTCCATAGAAACAGACCT-1,GSM8848584,3,Endothelial,0.023269773,False,reference_like
GSM8848584_TTCCTCTAGAGGCGGAACAGACCT-1,GSM8848584,1,Neuroendocrine-like,0.09857569,False,CNV_low_candidate
GSM8848584_TTCCTTTCAAGGCGTTACAGACCT-1,GSM8848584,0,Prostate epithelial - AR high,0.09477515,False,CNV_low_candidate
GSM8848584_TTCCTTTCAGCAATTGACAGACCT-1,GSM8848584,0,Prostate epithelial - AR high,0.06596208,False,CNV_low_candidate
GSM8848584_TTCCTTTCATGCGCAGACAGACCT-1,GSM8848584,0,Prostate epithelial - AR high,0.160796,True,CNV_high_candidate
GSM8848584_TTCGAACGTGTGTCGCACAGACCT-1,GSM8848584,2,Steroidogenic-like,0.08463846,False,CNV_low_candidate
GSM8848584_TTCGAGGAGGTCGAGCACAGACCT-1,GSM8848584,2,Steroidogenic-like,0.092073016,False,CNV_low_candidate
GSM8848584_TTCGAGGAGTTTGCATACAGACCT-1,GSM8848584,0,Prostate epithelial - AR high,0.05565339,False,CNV_low_candidate
GSM8848584_TTCGATAGTTAATCCAACAGACCT-1,GSM8848584,2,Steroidogenic-like,0.026438083,False,CNV_low_candidate
GSM8848584_TTCGATGTCATAATCCACAGACCT-1,GSM8848584,2,Steroidogenic-like,0.077955544,False,CNV_low_candidate
GSM8848584_TTCGCCACAAAGGTAAACAGACCT-1,GSM8848584,0,Prostate epithelial - AR high,0.035722006,False,CNV_low_candidate
GSM8848584_TTCGCCACAGTTATCCACAGACCT-1,GSM8848584,1,Neuroendocrine-like,0.06174114,False,CNV_low_candidate
GSM8848584_TTCGCCTGTCATTTAGACAGACCT-1,GSM8848584,0,Prostate epithelial - AR high,0.054782294,False,CNV_low_candidate
GSM8848584_TTCGGTCAGGTTATCTACAGACCT-1,GSM8848584,0,Prostate epithelial - AR high,0.06651235,False,CNV_low_candidate
GSM8848584_TTCGGTCAGTACCCACACAGACCT-1,GSM8848584,0,Prostate epithelial - AR high,0.050864883,False,CNV_low_candidate
GSM8848584_TTCGGTCAGTCTAACTACAGACCT-1,GSM8848584,0,Prostate epithelial - AR high,0.042674094,False,CNV_low_candidate
GSM8848584_TTCTAAGGTAGTAACGACAGACCT-1,GSM8848584,1,Neuroendocrine-like,0.02892636,False,CNV_low_candidate
GSM8848584_TTCTATCGTGTGTCGCACAGACCT-1,GSM8848584,2,Steroidogenic-like,0.10866129,True,CNV_high_candidate
GSM8848584_TTCTCACTCATGGATAACAGACCT-1,GSM8848584,0,Prostate epithelial - AR high,0.10716131,True,CNV_high_candidate
GSM8848584_TTCTCACTCCTTATGGACAGACCT-1,GSM8848584,4,Fibroblast,0.04521339,False,reference_like
GSM8848584_TTCTGGCAGGCCATTCACAGACCT-1,GSM8848584,2,Steroidogenic-like,0.020784164,False,CNV_low_candidate
GSM8848584_TTCTGGCAGGCTTATTACAGACCT-1,GSM8848584,2,Steroidogenic-like,0.05968266,False,CNV_low_candidate
GSM8848584_TTCTTGCTCACATTACACAGACCT-1,GSM8848584,3,Endothelial,0.05804038,False,reference_like
GSM8848584_TTCTTGCTCAGTTTACACAGACCT-1,GSM8848584,0,Prostate epithelial - AR high,0.037600435,False,CNV_low_candidate
GSM8848584_TTCTTGCTCTCAGCACACAGACCT-1,GSM8848584,2,Steroidogenic-like,0.016356258,False,CNV_low_candidate
GSM8848584_TTGAAAGTCGATATTCACAGACCT-1,GSM8848584,0,Prostate epithelial - AR high,0.08228209,False,CNV_low_candidate
GSM8848584_TTGAACAAGACAACACACAGACCT-1,GSM8848584,0,Prostate epithelial - AR high,0.048997816,False,CNV_low_candidate
GSM8848584_TTGAACAAGAGGATGAACAGACCT-1,GSM8848584,3,Endothelial,0.03343906,False,reference_like
GSM8848584_TTGAACAAGTAATGGCACAGACCT-1,GSM8848584,0,Prostate epithelial - AR high,0.088642165,False,CNV_low_candidate
GSM8848584_TTGAATCTCCAAATAGACAGACCT-1,GSM8848584,0,Prostate epithelial - AR high,0.028835338,False,CNV_low_candidate
GSM8848584_TTGAATCTCTAACCTGACAGACCT-1,GSM8848584,2,Steroidogenic-like,0.062408946,False,CNV_low_candidate
GSM8848584_TTGACATTCAAGCGATACAGACCT-1,GSM8848584,1,Neuroendocrine-like,0.032343533,False,CNV_low_candidate
GSM8848584_TTGACATTCACTGTCAACAGACCT-1,GSM8848584,1,Neuroendocrine-like,0.06620941,False,CNV_low_candidate
GSM8848584_TTGACATTCCAATTACACAGACCT-1,GSM8848584,2,Steroidogenic-like,0.0608581,False,CNV_low_candidate
GSM8848584_TTGACATTCTACTACGACAGACCT-1,GSM8848584,2,Steroidogenic-like,0.033148702,False,CNV_low_candidate
GSM8848584_TTGAGGAGTAGCCACCACAGACCT-1,GSM8848584,2,Steroidogenic-like,0.061501924,False,CNV_low_candidate
GSM8848584_TTGAGGAGTTCACTCCACAGACCT-1,GSM8848584,2,Steroidogenic-like,0.027706502,False,CNV_low_candidate
GSM8848584_TTGAGGAGTTTGTTTCACAGACCT-1,GSM8848584,2,Steroidogenic-like,0.024324883,False,CNV_low_candidate
GSM8848584_TTGAGGTAGGAAACTCACAGACCT-1,GSM8848584,3,Endothelial,0.03016469,False,reference_like
GSM8848584_TTGAGTAAGAGGCGGAACAGACCT-1,GSM8848584,0,Prostate epithelial - AR high,0.099014595,False,CNV_low_candidate
GSM8848584_TTGAGTAAGGCAATCGACAGACCT-1,GSM8848584,0,Prostate epithelial - AR high,0.04685961,False,CNV_low_candidate
GSM8848584_TTGATCAGTGCATTACACAGACCT-1,GSM8848584,1,Neuroendocrine-like,0.08589831,False,CNV_low_candidate
GSM8848584_TTGATCAGTGGGTGTGACAGACCT-1,GSM8848584,0,Prostate epithelial - AR high,0.03777401,False,CNV_low_candidate
GSM8848584_TTGCACGGTCGTAATCACAGACCT-1,GSM8848584,2,Steroidogenic-like,0.059745897,False,CNV_low_candidate
GSM8848584_TTGCACGGTGGTTAAGACAGACCT-1,GSM8848584,0,Prostate epithelial - AR high,0.13353457,True,CNV_high_candidate
GSM8848584_TTGCATCCACAGCAACACAGACCT-1,GSM8848584,2,Steroidogenic-like,0.07225159,False,CNV_low_candidate
GSM8848584_TTGCATCCATATGGTGACAGACCT-1,GSM8848584,2,Steroidogenic-like,0.05609051,False,CNV_low_candidate
GSM8848584_TTGCATCCATTGTGAGACAGACCT-1,GSM8848584,2,Steroidogenic-like,0.020849042,False,CNV_low_candidate
GSM8848584_TTGCGCAGTAATAGGTACAGACCT-1,GSM8848584,2,Steroidogenic-like,0.071309224,False,CNV_low_candidate
GSM8848584_TTGCGCAGTAATGGTGACAGACCT-1,GSM8848584,2,Steroidogenic-like,0.055214472,False,CNV_low_candidate
GSM8848584_TTGCGCAGTAGGTGACACAGACCT-1,GSM8848584,0,Prostate epithelial - AR high,0.06656457,False,CNV_low_candidate
GSM8848584_TTGCGCAGTCCTTCGTACAGACCT-1,GSM8848584,2,Steroidogenic-like,0.04047202,False,CNV_low_candidate
GSM8848584_TTGCGCAGTTTATCGAACAGACCT-1,GSM8848584,0,Prostate epithelial - AR high,0.034911007,False,CNV_low_candidate
GSM8848584_TTGCGCTAGACCATGGACAGACCT-1,GSM8848584,0,Prostate epithelial - AR high,0.04588143,False,CNV_low_candidate
GSM8848584_TTGCGCTAGGAACCATACAGACCT-1,GSM8848584,4,Fibroblast,0.037408903,False,reference_like
GSM8848584_TTGCGGGCAGGTATTGACAGACCT-1,GSM8848584,2,Steroidogenic-like,0.018158523,False,CNV_low_candidate
GSM8848584_TTGCGGTTCGACTTGCACAGACCT-1,GSM8848584,0,Prostate epithelial - AR high,0.04117394,False,CNV_low_candidate
GSM8848584_TTGCTCAAGAAGTACCACAGACCT-1,GSM8848584,4,Fibroblast,0.0163217,False,reference_like
GSM8848584_TTGCTCAAGATGAACCACAGACCT-1,GSM8848584,5,T/NK lymphocyte,0.039757606,False,reference_like
GSM8848584_TTGGCCAGTTCCTTCAACAGACCT-1,GSM8848584,0,Prostate epithelial - AR high,0.04775843,False,CNV_low_candidate
GSM8848584_TTGGCCAGTTTCAGGTACAGACCT-1,GSM8848584,0,Prostate epithelial - AR high,0.033893608,False,CNV_low_candidate
GSM8848584_TTGGTCATCTAATTGCACAGACCT-1,GSM8848584,5,T/NK lymphocyte,0.02759396,False,reference_like
GSM8848584_TTGGTTAGTAGCCATTACAGACCT-1,GSM8848584,0,Prostate epithelial - AR high,0.07080863,False,CNV_low_candidate
GSM8848584_TTGGTTAGTGCTTCGAACAGACCT-1,GSM8848584,0,Prostate epithelial - AR high,0.13915643,True,CNV_high_candidate
GSM8848584_TTGGTTAGTGGAAGCTACAGACCT-1,GSM8848584,4,Fibroblast,0.046923574,False,reference_like
GSM8848584_TTGTACGTCAACCTATACAGACCT-1,GSM8848584,4,Fibroblast,0.056166235,False,reference_like
GSM8848584_TTGTACGTCATAATGGACAGACCT-1,GSM8848584,1,Neuroendocrine-like,0.023132794,False,CNV_low_candidate
GSM8848584_TTGTACGTCCACTAATACAGACCT-1,GSM8848584,1,Neuroendocrine-like,0.04747568,False,CNV_low_candidate
GSM8848584_TTGTCAGTCACTGTCAACAGACCT-1,GSM8848584,0,Prostate epithelial - AR high,0.048556734,False,CNV_low_candidate
GSM8848584_TTGTCAGTCTTGAGGGACAGACCT-1,GSM8848584,1,Neuroendocrine-like,0.047908228,False,CNV_low_candidate
GSM8848584_TTGTGAGCAACCTGTTACAGACCT-1,GSM8848584,0,Prostate epithelial - AR high,0.14107223,True,CNV_high_candidate
GSM8848584_TTGTGAGCAGCTCGAGACAGACCT-1,GSM8848584,0,Prostate epithelial - AR high,0.12060195,True,CNV_high_candidate
GSM8848584_TTGTGAGCATGCGCCTACAGACCT-1,GSM8848584,2,Steroidogenic-like,0.07843281,False,CNV_low_candidate
GSM8848584_TTGTGATTCAGCGAATACAGACCT-1,GSM8848584,2,Steroidogenic-like,0.033478763,False,CNV_low_candidate
GSM8848584_TTGTGATTCGGTAACGACAGACCT-1,GSM8848584,2,Steroidogenic-like,0.041941516,False,CNV_low_candidate
GSM8848584_TTGTGGACAATATGGTACAGACCT-1,GSM8848584,0,Prostate epithelial - AR high,0.12376721,True,CNV_high_candidate
GSM8848584_TTTAACGGTAAGGCCGACAGACCT-1,GSM8848584,2,Steroidogenic-like,0.037711576,False,CNV_low_candidate
GSM8848584_TTTAACGGTCGAAGTAACAGACCT-1,GSM8848584,1,Neuroendocrine-like,0.048010416,False,CNV_low_candidate
GSM8848584_TTTAACGGTTGTTGTAACAGACCT-1,GSM8848584,0,Prostate epithelial - AR high,0.04657192,False,CNV_low_candidate
GSM8848584_TTTAACGGTTGTTTGAACAGACCT-1,GSM8848584,2,Steroidogenic-like,0.062131114,False,CNV_low_candidate
GSM8848584_TTTAGTCAGCAAATCAACAGACCT-1,GSM8848584,2,Steroidogenic-like,0.043325957,False,CNV_low_candidate
GSM8848584_TTTAGTCAGCGCTTACACAGACCT-1,GSM8848584,2,Steroidogenic-like,0.07678001,False,CNV_low_candidate
GSM8848584_TTTAGTCAGTCTAACTACAGACCT-1,GSM8848584,2,Steroidogenic-like,0.02760119,False,CNV_low_candidate
GSM8848584_TTTATGGGTAAGGCCGACAGACCT-1,GSM8848584,2,Steroidogenic-like,0.045655623,False,CNV_low_candidate
GSM8848584_TTTATGGGTTAGACTCACAGACCT-1,GSM8848584,0,Prostate epithelial - AR high,0.054411195,False,CNV_low_candidate
GSM8848584_TTTCAAGGTGACACAAACAGACCT-1,GSM8848584,0,Prostate epithelial - AR high,0.061481763,False,CNV_low_candidate
GSM8848584_TTTCACCTCATGGTCCACAGACCT-1,GSM8848584,2,Steroidogenic-like,0.022825453,False,CNV_low_candidate
GSM8848584_TTTCAGTAGGACAACTACAGACCT-1,GSM8848584,6,Macrophage,0.018103193,False,reference_like
GSM8848584_TTTCATCGTTCATTGAACAGACCT-1,GSM8848584,2,Steroidogenic-like,0.035166413,False,CNV_low_candidate
GSM8848584_TTTCATCGTTGGATGAACAGACCT-1,GSM8848584,2,Steroidogenic-like,0.12368825,True,CNV_high_candidate
GSM8848584_TTTCATCGTTTCAGGTACAGACCT-1,GSM8848584,0,Prostate epithelial - AR high,0.046252917,False,CNV_low_candidate
GSM8848584_TTTCATGCATTGTACCACAGACCT-1,GSM8848584,2,Steroidogenic-like,0.068528205,False,CNV_low_candidate
GSM8848584_TTTCCTGGTACCTCAGACAGACCT-1,GSM8848584,2,Steroidogenic-like,0.03665612,False,CNV_low_candidate
GSM8848584_TTTCCTGGTATAGCGAACAGACCT-1,GSM8848584,0,Prostate epithelial - AR high,0.091356725,False,CNV_low_candidate
GSM8848584_TTTCGCGCATCACAGAACAGACCT-1,GSM8848584,1,Neuroendocrine-like,0.08494536,False,CNV_low_candidate
GSM8848584_TTTGAGAAGTTGCAGGACAGACCT-1,GSM8848584,0,Prostate epithelial - AR high,0.13096866,True,CNV_high_candidate
GSM8848584_TTTGCCCGTACAGCAAACAGACCT-1,GSM8848584,1,Neuroendocrine-like,0.020073373,False,CNV_low_candidate
GSM8848584_TTTGCCCGTGAATCTCACAGACCT-1,GSM8848584,0,Prostate epithelial - AR high,0.107208334,True,CNV_high_candidate
GSM8848584_TTTGCGGGTGGAAGCTACAGACCT-1,GSM8848584,2,Steroidogenic-like,0.027868759,False,CNV_low_candidate
GSM8848584_TTTGCTCTCCATCCTTACAGACCT-1,GSM8848584,2,Steroidogenic-like,0.025837334,False,CNV_low_candidate
GSM8848584_TTTGCTCTCTATCGGCACAGACCT-1,GSM8848584,2,Steroidogenic-like,0.0478451,False,CNV_low_candidate
GSM8848584_TTTGGACGTACCGTTGACAGACCT-1,GSM8848584,0,Prostate epithelial - AR high,0.081790596,False,CNV_low_candidate
GSM8848584_TTTGGACGTACGGGCAACAGACCT-1,GSM8848584,2,Steroidogenic-like,0.035740823,False,CNV_low_candidate
GSM8848584_TTTGGCGGTAATGTCCACAGACCT-1,GSM8848584,2,Steroidogenic-like,0.0772769,False,CNV_low_candidate
GSM8848584_TTTGGCGGTCACGATTACAGACCT-1,GSM8848584,6,Macrophage,0.017835215,False,reference_like
GSM8848584_TTTGGCGGTGAACGACACAGACCT-1,GSM8848584,5,T/NK lymphocyte,0.05870316,False,reference_like
GSM8848584_TTTGTGAGTAACCTTAACAGACCT-1,GSM8848584,1,Neuroendocrine-like,0.027165087,False,CNV_low_candidate
GSM8848584_TTTGTGAGTGAACGTAACAGACCT-1,GSM8848584,0,Prostate epithelial - AR high,0.13954692,True,CNV_high_candidate
GSM8848585_AAACAAGCAAGGCTTAACTTTAGG-1,GSM8848585,4,Fibroblast,0.04760003,False,reference_like
GSM8848585_AAACAAGCACTAACTCACTTTAGG-1,GSM8848585,7,Neuroendocrine-like,0.06352126,False,CNV_low_candidate
GSM8848585_AAACCAATCAAACCAAACTTTAGG-1,GSM8848585,9,Neuroendocrine-like,0.035602886,False,CNV_low_candidate
GSM8848585_AAACCAATCGATTAAGACTTTAGG-1,GSM8848585,4,Fibroblast,0.025177564,False,reference_like
GSM8848585_AAACCAATCTAATCGTACTTTAGG-1,GSM8848585,9,Neuroendocrine-like,0.059468176,False,CNV_low_candidate
GSM8848585_AAACCAGGTGGACACGACTTTAGG-1,GSM8848585,9,Neuroendocrine-like,0.023313846,False,CNV_low_candidate
GSM8848585_AAACCGGTCCAACTTGACTTTAGG-1,GSM8848585,9,Neuroendocrine-like,0.026134353,False,CNV_low_candidate
GSM8848585_AAACGGGCATATAGGTACTTTAGG-1,GSM8848585,8,Cycling,0.019571252,False,not_assessed
GSM8848585_AAACGTTCAAGCTATGACTTTAGG-1,GSM8848585,7,Neuroendocrine-like,0.035724055,False,CNV_low_candidate
GSM8848585_AAACGTTCACACCCACACTTTAGG-1,GSM8848585,10,Activated fibroblast,0.031376522,False,reference_like
GSM8848585_AAACTGGGTATGTTTGACTTTAGG-1,GSM8848585,8,Cycling,0.024784375,False,not_assessed
GSM8848585_AAACTGGGTCCATAGTACTTTAGG-1,GSM8848585,8,Cycling,0.047464203,False,not_assessed
GSM8848585_AAACTGGGTGATCCTGACTTTAGG-1,GSM8848585,11,Prostate epithelial - luminal,0.09475665,False,CNV_low_candidate
GSM8848585_AAACTGGGTTTGCATAACTTTAGG-1,GSM8848585,11,Prostate epithelial - luminal,0.15782014,True,CNV_high_candidate
GSM8848585_AAACTGTCAGGTCAACACTTTAGG-1,GSM8848585,8,Cycling,0.07067118,False,not_assessed
GSM8848585_AAAGATGCACATAAGTACTTTAGG-1,GSM8848585,12,Stress/hypoxia-like,0.025776593,False,not_assessed
GSM8848585_AAAGATGCAGCACCTCACTTTAGG-1,GSM8848585,13,Neuroendocrine-like,0.13660966,True,CNV_high_candidate
GSM8848585_AAAGCATGTATAGTGGACTTTAGG-1,GSM8848585,11,Prostate epithelial - luminal,0.13795088,True,CNV_high_candidate
GSM8848585_AAAGCATGTCATGATCACTTTAGG-1,GSM8848585,9,Neuroendocrine-like,0.028278422,False,CNV_low_candidate
GSM8848585_AAAGCCTAGACTTAAGACTTTAGG-1,GSM8848585,11,Prostate epithelial - luminal,0.086563215,False,CNV_low_candidate
GSM8848585_AAAGCCTAGGATGTTAACTTTAGG-1,GSM8848585,7,Neuroendocrine-like,0.038342576,False,CNV_low_candidate
GSM8848585_AAAGCCTAGGTTCGAGACTTTAGG-1,GSM8848585,9,Neuroendocrine-like,0.041165218,False,CNV_low_candidate
GSM8848585_AAAGCCTAGTTTCGCAACTTTAGG-1,GSM8848585,9,Neuroendocrine-like,0.049369797,False,CNV_low_candidate
GSM8848585_AAAGCGAAGCTAAACAACTTTAGG-1,GSM8848585,9,Neuroendocrine-like,0.10199931,True,CNV_high_candidate
GSM8848585_AAAGGCTTCAGCATGGACTTTAGG-1,GSM8848585,9,Neuroendocrine-like,0.026472988,False,CNV_low_candidate
GSM8848585_AAAGGCTTCCAGCTTAACTTTAGG-1,GSM8848585,7,Neuroendocrine-like,0.028111303,False,CNV_low_candidate
GSM8848585_AAAGGGATCCTAATCGACTTTAGG-1,GSM8848585,4,Fibroblast,0.020541005,False,reference_like
GSM8848585_AAAGGGATCCTGACTAACTTTAGG-1,GSM8848585,11,Prostate epithelial - luminal,0.061657738,False,CNV_low_candidate
GSM8848585_AAAGGGATCTATTGACACTTTAGG-1,GSM8848585,4,Fibroblast,0.036206342,False,reference_like
GSM8848585_AAAGGGATCTCAGCACACTTTAGG-1,GSM8848585,9,Neuroendocrine-like,0.028481018,False,CNV_low_candidate
GSM8848585_AAAGGTGAGTTATTGCACTTTAGG-1,GSM8848585,11,Prostate epithelial - luminal,0.028230177,False,CNV_low_candidate
GSM8848585_AAAGTGCTCAGCGAATACTTTAGG-1,GSM8848585,11,Prostate epithelial - luminal,0.124088235,True,CNV_high_candidate
GSM8848585_AAAGTGCTCGATGAACACTTTAGG-1,GSM8848585,9,Neuroendocrine-like,0.08006057,False,CNV_low_candidate
GSM8848585_AAAGTGCTCTAATGAGACTTTAGG-1,GSM8848585,9,Neuroendocrine-like,0.032198142,False,CNV_low_candidate
GSM8848585_AAATCACCATCTATGCACTTTAGG-1,GSM8848585,11,Prostate epithelial - luminal,0.14481866,True,CNV_high_candidate
GSM8848585_AAATCCTTCGTTCGTAACTTTAGG-1,GSM8848585,8,Cycling,0.07415619,False,not_assessed
GSM8848585_AAATCGATCCATAGGGACTTTAGG-1,GSM8848585,9,Neuroendocrine-like,0.032131117,False,CNV_low_candidate
GSM8848585_AAATCGATCCTCACTTACTTTAGG-1,GSM8848585,9,Neuroendocrine-like,0.048192285,False,CNV_low_candidate
GSM8848585_AAATGAGCAAATAACCACTTTAGG-1,GSM8848585,11,Prostate epithelial - luminal,0.10680019,True,CNV_high_candidate
GSM8848585_AAATGAGCAACAGCTAACTTTAGG-1,GSM8848585,8,Cycling,0.028416224,False,not_assessed
GSM8848585_AAATGGTGTGTTAGAGACTTTAGG-1,GSM8848585,7,Neuroendocrine-like,0.051216837,False,CNV_low_candidate
GSM8848585_AAATGGTGTTAGTCTAACTTTAGG-1,GSM8848585,9,Neuroendocrine-like,0.022050573,False,CNV_low_candidate
GSM8848585_AACACTAAGAACCTCCACTTTAGG-1,GSM8848585,11,Prostate epithelial - luminal,0.13870116,True,CNV_high_candidate
GSM8848585_AACACTAAGATAACCAACTTTAGG-1,GSM8848585,9,Neuroendocrine-like,0.026846204,False,CNV_low_candidate
GSM8848585_AACACTAAGCAAATTGACTTTAGG-1,GSM8848585,9,Neuroendocrine-like,0.024461586,False,CNV_low_candidate
GSM8848585_AACACTAAGTGTGAGTACTTTAGG-1,GSM8848585,14,Epithelial-like - uncertain,0.0732595,False,CNV_low_candidate
GSM8848585_AACATAGTCATAATGGACTTTAGG-1,GSM8848585,8,Cycling,0.025616154,False,not_assessed
GSM8848585_AACATTGAGCTTGAAAACTTTAGG-1,GSM8848585,4,Fibroblast,0.037019297,False,reference_like
GSM8848585_AACATTGAGGACTTAAACTTTAGG-1,GSM8848585,7,Neuroendocrine-like,0.07621953,False,CNV_low_candidate
GSM8848585_AACATTGAGGCACAATACTTTAGG-1,GSM8848585,9,Neuroendocrine-like,0.058535017,False,CNV_low_candidate
GSM8848585_AACCAAATCCACAACCACTTTAGG-1,GSM8848585,7,Neuroendocrine-like,0.018813364,False,CNV_low_candidate
GSM8848585_AACCAAATCCTTGAGCACTTTAGG-1,GSM8848585,13,Neuroendocrine-like,0.041959535,False,CNV_low_candidate
GSM8848585_AACCAAATCTTAAGCTACTTTAGG-1,GSM8848585,8,Cycling,0.03307744,False,not_assessed
GSM8848585_AACCAGGTCAGTCTATACTTTAGG-1,GSM8848585,11,Prostate epithelial - luminal,0.14901526,True,CNV_high_candidate
GSM8848585_AACCAGGTCAGTTAGAACTTTAGG-1,GSM8848585,11,Prostate epithelial - luminal,0.156292,True,CNV_high_candidate
GSM8848585_AACCAGGTCGCAGGACACTTTAGG-1,GSM8848585,11,Prostate epithelial - luminal,0.14048898,True,CNV_high_candidate
GSM8848585_AACCATAAGGACTTAAACTTTAGG-1,GSM8848585,9,Neuroendocrine-like,0.038078073,False,CNV_low_candidate
GSM8848585_AACCATAAGGATCCCTACTTTAGG-1,GSM8848585,9,Neuroendocrine-like,0.06503529,False,CNV_low_candidate
GSM8848585_AACCATTTCAAAGGCTACTTTAGG-1,GSM8848585,9,Neuroendocrine-like,0.06281855,False,CNV_low_candidate
GSM8848585_AACCATTTCAGCACAGACTTTAGG-1,GSM8848585,11,Prostate epithelial - luminal,0.0937184,False,CNV_low_candidate
GSM8848585_AACCATTTCGTAGTTTACTTTAGG-1,GSM8848585,7,Neuroendocrine-like,0.056838367,False,CNV_low_candidate
GSM8848585_AACCATTTCTGGTCTAACTTTAGG-1,GSM8848585,11,Prostate epithelial - luminal,0.13494255,True,CNV_high_candidate
GSM8848585_AACCCGGCACTTCGATACTTTAGG-1,GSM8848585,9,Neuroendocrine-like,0.04816537,False,CNV_low_candidate
GSM8848585_AACCTAAAGAAGTACCACTTTAGG-1,GSM8848585,7,Neuroendocrine-like,0.099342115,True,CNV_high_candidate
GSM8848585_AACCTAAAGTGAGTCGACTTTAGG-1,GSM8848585,8,Cycling,0.10666307,True,not_assessed
GSM8848585_AACCTAAAGTTGCGGAACTTTAGG-1,GSM8848585,11,Prostate epithelial - luminal,0.081607,False,CNV_low_candidate
GSM8848585_AACCTATTCTCGCCTCACTTTAGG-1,GSM8848585,9,Neuroendocrine-like,0.024997711,False,CNV_low_candidate
GSM8848585_AACCTCATCAACTGGGACTTTAGG-1,GSM8848585,11,Prostate epithelial - luminal,0.09488873,False,CNV_low_candidate
GSM8848585_AACCTCATCATAATGGACTTTAGG-1,GSM8848585,11,Prostate epithelial - luminal,0.06368246,False,CNV_low_candidate
GSM8848585_AACCTCATCCGTCCAGACTTTAGG-1,GSM8848585,4,Fibroblast,0.018618831,False,reference_like
GSM8848585_AACCTGCTCACGTTCAACTTTAGG-1,GSM8848585,4,Fibroblast,0.053272005,False,reference_like
GSM8848585_AACCTGCTCCTTTGAGACTTTAGG-1,GSM8848585,7,Neuroendocrine-like,0.036853503,False,CNV_low_candidate
GSM8848585_AACCTGCTCGCTTGCGACTTTAGG-1,GSM8848585,9,Neuroendocrine-like,0.021319235,False,CNV_low_candidate
GSM8848585_AACCTGCTCTCTATGGACTTTAGG-1,GSM8848585,9,Neuroendocrine-like,0.054447103,False,CNV_low_candidate
GSM8848585_AACCTTTAGCACTACCACTTTAGG-1,GSM8848585,8,Cycling,0.029651502,False,not_assessed
GSM8848585_AACGGCTCAGAGAGCAACTTTAGG-1,GSM8848585,14,Epithelial-like - uncertain,0.021577125,False,CNV_low_candidate
GSM8848585_AACGGTTAGAGGCGTCACTTTAGG-1,GSM8848585,4,Fibroblast,0.02154654,False,reference_like
GSM8848585_AACGGTTAGCCATTTGACTTTAGG-1,GSM8848585,11,Prostate epithelial - luminal,0.076803654,False,CNV_low_candidate
GSM8848585_AACGTTAAGATGATTGACTTTAGG-1,GSM8848585,7,Neuroendocrine-like,0.067751825,False,CNV_low_candidate
GSM8848585_AACGTTAAGGCTTAAAACTTTAGG-1,GSM8848585,9,Neuroendocrine-like,0.023496687,False,CNV_low_candidate
GSM8848585_AACGTTAAGTTGACCCACTTTAGG-1,GSM8848585,3,Endothelial,0.08976011,False,reference_like
GSM8848585_AACGTTCGTCAGGGCAACTTTAGG-1,GSM8848585,4,Fibroblast,0.1268357,True,reference_like
GSM8848585_AACGTTCGTGATTAGGACTTTAGG-1,GSM8848585,14,Epithelial-like - uncertain,0.06247543,False,CNV_low_candidate
GSM8848585_AACGTTCGTGCATCGCACTTTAGG-1,GSM8848585,7,Neuroendocrine-like,0.07378555,False,CNV_low_candidate
GSM8848585_AACTAACCACATGCTTACTTTAGG-1,GSM8848585,9,Neuroendocrine-like,0.04476774,False,CNV_low_candidate
GSM8848585_AACTAACCATTGCCGCACTTTAGG-1,GSM8848585,11,Prostate epithelial - luminal,0.12488276,True,CNV_high_candidate
GSM8848585_AACTAAGTCGGGCAACACTTTAGG-1,GSM8848585,8,Cycling,0.040653232,False,not_assessed
GSM8848585_AACTCGCTCGACCCATACTTTAGG-1,GSM8848585,8,Cycling,0.028888695,False,not_assessed
GSM8848585_AACTGAATCGTAGTTTACTTTAGG-1,GSM8848585,12,Stress/hypoxia-like,0.04843477,False,not_assessed
GSM8848585_AACTGAATCTGCCATAACTTTAGG-1,GSM8848585,7,Neuroendocrine-like,0.04038737,False,CNV_low_candidate
GSM8848585_AACTGAGGTATTGTCAACTTTAGG-1,GSM8848585,8,Cycling,0.03199173,False,not_assessed
GSM8848585_AACTGGCCACCAACAAACTTTAGG-1,GSM8848585,9,Neuroendocrine-like,0.039145194,False,CNV_low_candidate
GSM8848585_AACTGGGTCACAACAAACTTTAGG-1,GSM8848585,11,Prostate epithelial - luminal,0.081502035,False,CNV_low_candidate
GSM8848585_AACTTACTCATTACCGACTTTAGG-1,GSM8848585,11,Prostate epithelial - luminal,0.0875558,False,CNV_low_candidate
GSM8848585_AACTTACTCCCGTTCCACTTTAGG-1,GSM8848585,7,Neuroendocrine-like,0.06478594,False,CNV_low_candidate
GSM8848585_AACTTACTCGCGCATTACTTTAGG-1,GSM8848585,9,Neuroendocrine-like,0.087643325,False,CNV_low_candidate
GSM8848585_AACTTCGTCCATAACTACTTTAGG-1,GSM8848585,9,Neuroendocrine-like,0.071738034,False,CNV_low_candidate
GSM8848585_AACTTGTTCAATGTTCACTTTAGG-1,GSM8848585,9,Neuroendocrine-like,0.054630358,False,CNV_low_candidate
GSM8848585_AACTTGTTCAGGTTGGACTTTAGG-1,GSM8848585,9,Neuroendocrine-like,0.02135381,False,CNV_low_candidate
GSM8848585_AACTTGTTCCTCAAGCACTTTAGG-1,GSM8848585,11,Prostate epithelial - luminal,0.01748454,False,CNV_low_candidate
GSM8848585_AACTTGTTCTGGAAACACTTTAGG-1,GSM8848585,7,Neuroendocrine-like,0.023106197,False,CNV_low_candidate
GSM8848585_AAGAATCGTATTGGGAACTTTAGG-1,GSM8848585,12,Stress/hypoxia-like,0.035353053,False,not_assessed
GSM8848585_AAGAATCGTCCATAGTACTTTAGG-1,GSM8848585,8,Cycling,0.028695676,False,not_assessed
GSM8848585_AAGAATCGTTTACGACACTTTAGG-1,GSM8848585,9,Neuroendocrine-like,0.12528868,True,CNV_high_candidate
GSM8848585_AAGACAACACCTTTGGACTTTAGG-1,GSM8848585,7,Neuroendocrine-like,0.023856062,False,CNV_low_candidate
GSM8848585_AAGACTCAGCGAATCGACTTTAGG-1,GSM8848585,9,Neuroendocrine-like,0.030603781,False,CNV_low_candidate
GSM8848585_AAGCAACTCACCCTGGACTTTAGG-1,GSM8848585,7,Neuroendocrine-like,0.030308312,False,CNV_low_candidate
GSM8848585_AAGCATGGTAGTAACGACTTTAGG-1,GSM8848585,7,Neuroendocrine-like,0.027655832,False,CNV_low_candidate
GSM8848585_AAGCATGGTTAGTTTGACTTTAGG-1,GSM8848585,3,Endothelial,0.02279051,False,reference_like
GSM8848585_AAGCCTCTCACAAGCGACTTTAGG-1,GSM8848585,11,Prostate epithelial - luminal,0.021412367,False,CNV_low_candidate
GSM8848585_AAGCCTCTCACAGCCTACTTTAGG-1,GSM8848585,8,Cycling,0.065796465,False,not_assessed
GSM8848585_AAGCCTCTCAGGTAACACTTTAGG-1,GSM8848585,9,Neuroendocrine-like,0.080405004,False,CNV_low_candidate
GSM8848585_AAGCCTCTCCTTATGGACTTTAGG-1,GSM8848585,11,Prostate epithelial - luminal,0.03229311,False,CNV_low_candidate
GSM8848585_AAGCCTCTCTCAGCTAACTTTAGG-1,GSM8848585,9,Neuroendocrine-like,0.052971844,False,CNV_low_candidate
GSM8848585_AAGCCTTGTCCTGCAAACTTTAGG-1,GSM8848585,11,Prostate epithelial - luminal,0.023434257,False,CNV_low_candidate
GSM8848585_AAGCCTTGTCGTAACTACTTTAGG-1,GSM8848585,5,T/NK lymphocyte,0.02728037,False,reference_like
GSM8848585_AAGCGATTCACTATGTACTTTAGG-1,GSM8848585,4,Fibroblast,0.047893908,False,reference_like
GSM8848585_AAGCGCTCAAATATGCACTTTAGG-1,GSM8848585,9,Neuroendocrine-like,0.039059136,False,CNV_low_candidate
GSM8848585_AAGCGCTCACATGAATACTTTAGG-1,GSM8848585,4,Fibroblast,0.038612675,False,reference_like
GSM8848585_AAGCGCTCATTAGTGGACTTTAGG-1,GSM8848585,4,Fibroblast,0.030499049,False,reference_like
GSM8848585_AAGCGGCTCCATGATTACTTTAGG-1,GSM8848585,8,Cycling,0.056945786,False,not_assessed
GSM8848585_AAGCTAATCTGTGATTACTTTAGG-1,GSM8848585,11,Prostate epithelial - luminal,0.124036945,True,CNV_high_candidate
GSM8848585_AAGCTTAAGATAACTGACTTTAGG-1,GSM8848585,9,Neuroendocrine-like,0.023731042,False,CNV_low_candidate
GSM8848585_AAGCTTAAGCGGCTTTACTTTAGG-1,GSM8848585,9,Neuroendocrine-like,0.025918389,False,CNV_low_candidate
GSM8848585_AAGGAACCAACAAGCCACTTTAGG-1,GSM8848585,10,Activated fibroblast,0.01925258,False,reference_like
GSM8848585_AAGGAACCAATTGAGTACTTTAGG-1,GSM8848585,14,Epithelial-like - uncertain,0.023096455,False,CNV_low_candidate
GSM8848585_AAGGAACCATGTGGGTACTTTAGG-1,GSM8848585,11,Prostate epithelial - luminal,0.04990108,False,CNV_low_candidate
GSM8848585_AAGGACAAGAACCTCCACTTTAGG-1,GSM8848585,11,Prostate epithelial - luminal,0.10429572,True,CNV_high_candidate
GSM8848585_AAGGACAAGCCATCACACTTTAGG-1,GSM8848585,9,Neuroendocrine-like,0.021903845,False,CNV_low_candidate
GSM8848585_AAGGACAAGGGTTGCAACTTTAGG-1,GSM8848585,4,Fibroblast,0.050414044,False,reference_like
GSM8848585_AAGGACAAGTCGTTCAACTTTAGG-1,GSM8848585,11,Prostate epithelial - luminal,0.104567945,True,CNV_high_candidate
GSM8848585_AAGGAGCAGAACCTAAACTTTAGG-1,GSM8848585,11,Prostate epithelial - luminal,0.0400039,False,CNV_low_candidate
GSM8848585_AAGGAGCAGGGTTATAACTTTAGG-1,GSM8848585,9,Neuroendocrine-like,0.023970425,False,CNV_low_candidate
GSM8848585_AAGGCACGTACGTTACACTTTAGG-1,GSM8848585,7,Neuroendocrine-like,0.0402813,False,CNV_low_candidate
GSM8848585_AAGGCACGTAGCTATCACTTTAGG-1,GSM8848585,12,Stress/hypoxia-like,0.053949755,False,not_assessed
GSM8848585_AAGGCACGTATTTACGACTTTAGG-1,GSM8848585,7,Neuroendocrine-like,0.018361129,False,CNV_low_candidate
GSM8848585_AAGGCCATCAAAGGCTACTTTAGG-1,GSM8848585,9,Neuroendocrine-like,0.05538069,False,CNV_low_candidate
GSM8848585_AAGGCCATCAGCGAATACTTTAGG-1,GSM8848585,11,Prostate epithelial - luminal,0.09617967,False,CNV_low_candidate
GSM8848585_AAGGCCATCGATGAACACTTTAGG-1,GSM8848585,4,Fibroblast,0.024264092,False,reference_like
GSM8848585_AAGGCCATCTCAAGAAACTTTAGG-1,GSM8848585,11,Prostate epithelial - luminal,0.021829195,False,CNV_low_candidate
GSM8848585_AAGGCCCAGAACCTAAACTTTAGG-1,GSM8848585,11,Prostate epithelial - luminal,0.050789278,False,CNV_low_candidate
GSM8848585_AAGGCCGGTCCTTATTACTTTAGG-1,GSM8848585,8,Cycling,0.026882706,False,not_assessed
GSM8848585_AAGGCCGGTCGAATCTACTTTAGG-1,GSM8848585,8,Cycling,0.07436971,False,not_assessed
GSM8848585_AAGGCCGGTTAAGCTCACTTTAGG-1,GSM8848585,9,Neuroendocrine-like,0.029059649,False,CNV_low_candidate
GSM8848585_AAGGCTGTCACAATGAACTTTAGG-1,GSM8848585,4,Fibroblast,0.059002317,False,reference_like
GSM8848585_AAGGGAGGTAAAGCGCACTTTAGG-1,GSM8848585,8,Cycling,0.09006774,False,not_assessed
GSM8848585_AAGGGAGGTGACCTGCACTTTAGG-1,GSM8848585,8,Cycling,0.08081735,False,not_assessed
GSM8848585_AAGGTATGTGTGAGACACTTTAGG-1,GSM8848585,8,Cycling,0.033719476,False,not_assessed
GSM8848585_AAGGTTATCCCATAGCACTTTAGG-1,GSM8848585,8,Cycling,0.048268292,False,not_assessed
GSM8848585_AAGGTTATCGAGGCACACTTTAGG-1,GSM8848585,9,Neuroendocrine-like,0.043184128,False,CNV_low_candidate
GSM8848585_AAGTACCAGTGAGGAAACTTTAGG-1,GSM8848585,4,Fibroblast,0.044054523,False,reference_like
GSM8848585_AAGTCATCAACAAGCCACTTTAGG-1,GSM8848585,7,Neuroendocrine-like,0.029276391,False,CNV_low_candidate
GSM8848585_AAGTCATCAAGTGGCTACTTTAGG-1,GSM8848585,11,Prostate epithelial - luminal,0.12641577,True,CNV_high_candidate
GSM8848585_AAGTCATCATTGCCTGACTTTAGG-1,GSM8848585,11,Prostate epithelial - luminal,0.11640951,True,CNV_high_candidate
GSM8848585_AAGTCATCATTGTGTCACTTTAGG-1,GSM8848585,11,Prostate epithelial - luminal,0.12297598,True,CNV_high_candidate
GSM8848585_AAGTGAACATTGAACGACTTTAGG-1,GSM8848585,6,Macrophage,0.048251454,False,reference_like
GSM8848585_AAGTGAGAGGAACTTAACTTTAGG-1,GSM8848585,7,Neuroendocrine-like,0.02633342,False,CNV_low_candidate
GSM8848585_AAGTGAGAGTAAGTGCACTTTAGG-1,GSM8848585,11,Prostate epithelial - luminal,0.10113411,True,CNV_high_candidate
GSM8848585_AAGTTCGCAACTAAACACTTTAGG-1,GSM8848585,9,Neuroendocrine-like,0.01622331,False,CNV_low_candidate
GSM8848585_AAGTTCGCAATCCACTACTTTAGG-1,GSM8848585,11,Prostate epithelial - luminal,0.080799796,False,CNV_low_candidate
GSM8848585_AAGTTCGCAGTGAGAGACTTTAGG-1,GSM8848585,4,Fibroblast,0.09047988,False,reference_like
GSM8848585_AAGTTGCAGCCTAGTCACTTTAGG-1,GSM8848585,7,Neuroendocrine-like,0.024573456,False,CNV_low_candidate
GSM8848585_AAGTTGCAGTAAGTGCACTTTAGG-1,GSM8848585,4,Fibroblast,0.057520937,False,reference_like
GSM8848585_AAGTTGTCAAGGAATAACTTTAGG-1,GSM8848585,8,Cycling,0.048063777,False,not_assessed
GSM8848585_AAGTTGTCAATTGAACACTTTAGG-1,GSM8848585,12,Stress/hypoxia-like,0.05841847,False,not_assessed
GSM8848585_AAGTTGTCACGCCACTACTTTAGG-1,GSM8848585,11,Prostate epithelial - luminal,0.16044623,True,CNV_high_candidate
GSM8848585_AATACTGAGACCTTTGACTTTAGG-1,GSM8848585,6,Macrophage,0.020354614,False,reference_like
GSM8848585_AATACTGAGGAGGATAACTTTAGG-1,GSM8848585,11,Prostate epithelial - luminal,0.01700694,False,CNV_low_candidate
GSM8848585_AATAGCATCACAGGGCACTTTAGG-1,GSM8848585,11,Prostate epithelial - luminal,0.12643775,True,CNV_high_candidate
GSM8848585_AATAGCATCCTCACTTACTTTAGG-1,GSM8848585,11,Prostate epithelial - luminal,0.12793735,True,CNV_high_candidate
GSM8848585_AATATGGTCCGCCATGACTTTAGG-1,GSM8848585,11,Prostate epithelial - luminal,0.09848585,False,CNV_low_candidate
GSM8848585_AATATGGTCGTCAATTACTTTAGG-1,GSM8848585,11,Prostate epithelial - luminal,0.087762326,False,CNV_low_candidate
GSM8848585_AATCACGCACGTAGGTACTTTAGG-1,GSM8848585,11,Prostate epithelial - luminal,0.09558869,False,CNV_low_candidate
GSM8848585_AATCACGCAGCTAGCGACTTTAGG-1,GSM8848585,11,Prostate epithelial - luminal,0.026173599,False,CNV_low_candidate
GSM8848585_AATCACGCATCCCTCTACTTTAGG-1,GSM8848585,9,Neuroendocrine-like,0.026430275,False,CNV_low_candidate
GSM8848585_AATCCGGAGCTACGTCACTTTAGG-1,GSM8848585,11,Prostate epithelial - luminal,0.11974846,True,CNV_high_candidate
GSM8848585_AATCCGTGTATGGTCTACTTTAGG-1,GSM8848585,8,Cycling,0.021936044,False,not_assessed
GSM8848585_AATCCGTGTCACAGGGACTTTAGG-1,GSM8848585,4,Fibroblast,0.02021623,False,reference_like
GSM8848585_AATCCGTGTCTGTGATACTTTAGG-1,GSM8848585,14,Epithelial-like - uncertain,0.043514732,False,CNV_low_candidate
GSM8848585_AATCCGTGTGATAAACACTTTAGG-1,GSM8848585,11,Prostate epithelial - luminal,0.09843822,False,CNV_low_candidate
GSM8848585_AATCCGTGTTCTGGCAACTTTAGG-1,GSM8848585,7,Neuroendocrine-like,0.020950302,False,CNV_low_candidate
GSM8848585_AATCGCACAAGCCAGTACTTTAGG-1,GSM8848585,13,Neuroendocrine-like,0.05828053,False,CNV_low_candidate
GSM8848585_AATCGCACAGCCAGCAACTTTAGG-1,GSM8848585,9,Neuroendocrine-like,0.09807576,False,CNV_low_candidate
GSM8848585_AATCGCACATCCAAGAACTTTAGG-1,GSM8848585,13,Neuroendocrine-like,0.10110977,True,CNV_high_candidate
GSM8848585_AATCGCACATCCACCAACTTTAGG-1,GSM8848585,8,Cycling,0.049259823,False,not_assessed
GSM8848585_AATCGCGAGAATGGCTACTTTAGG-1,GSM8848585,7,Neuroendocrine-like,0.024218082,False,CNV_low_candidate
GSM8848585_AATCGCGAGGGTTTGGACTTTAGG-1,GSM8848585,9,Neuroendocrine-like,0.049379665,False,CNV_low_candidate
GSM8848585_AATCGCGAGGTTATCTACTTTAGG-1,GSM8848585,12,Stress/hypoxia-like,0.02313129,False,not_assessed
GSM8848585_AATCGCGAGTACGGGCACTTTAGG-1,GSM8848585,9,Neuroendocrine-like,0.02232932,False,CNV_low_candidate
GSM8848585_AATCGGCCACCTACTGACTTTAGG-1,GSM8848585,9,Neuroendocrine-like,0.06499458,False,CNV_low_candidate
GSM8848585_AATCGGCCACTCAAAGACTTTAGG-1,GSM8848585,8,Cycling,0.0608187,False,not_assessed
GSM8848585_AATCGGCCATTGGGTAACTTTAGG-1,GSM8848585,8,Cycling,0.037249926,False,not_assessed
GSM8848585_AATCGTTTCCAACTATACTTTAGG-1,GSM8848585,7,Neuroendocrine-like,0.022973571,False,CNV_low_candidate
GSM8848585_AATCTCTAGCACCTTAACTTTAGG-1,GSM8848585,11,Prostate epithelial - luminal,0.14196387,True,CNV_high_candidate
GSM8848585_AATCTCTAGCTGATTTACTTTAGG-1,GSM8848585,8,Cycling,0.031907316,False,not_assessed
GSM8848585_AATCTCTAGTCATCATACTTTAGG-1,GSM8848585,4,Fibroblast,0.04709468,False,reference_like
GSM8848585_AATGAAGCAAACCGGTACTTTAGG-1,GSM8848585,8,Cycling,0.014021053,False,not_assessed
GSM8848585_AATGAAGCAGCCAGCAACTTTAGG-1,GSM8848585,9,Neuroendocrine-like,0.08509973,False,CNV_low_candidate
GSM8848585_AATGACCAGCAGGCTAACTTTAGG-1,GSM8848585,5,T/NK lymphocyte,0.074209906,False,reference_like
GSM8848585_AATGACCAGCTTGAAAACTTTAGG-1,GSM8848585,9,Neuroendocrine-like,0.04724039,False,CNV_low_candidate
GSM8848585_AATGACCAGGTGAATCACTTTAGG-1,GSM8848585,12,Stress/hypoxia-like,0.029613918,False,not_assessed
GSM8848585_AATGCGCCAAACACGCACTTTAGG-1,GSM8848585,8,Cycling,0.038873397,False,not_assessed
GSM8848585_AATGCGCCACACCCACACTTTAGG-1,GSM8848585,4,Fibroblast,0.057613965,False,reference_like
GSM8848585_AATGCGCCAGGCTTAAACTTTAGG-1,GSM8848585,11,Prostate epithelial - luminal,0.09999007,True,CNV_high_candidate
GSM8848585_AATGGCAGTGCTGCACACTTTAGG-1,GSM8848585,11,Prostate epithelial - luminal,0.09652112,False,CNV_low_candidate
GSM8848585_AATGTGATCGGGCAACACTTTAGG-1,GSM8848585,11,Prostate epithelial - luminal,0.14544865,True,CNV_high_candidate
GSM8848585_AATTACCTCAGGCCAAACTTTAGG-1,GSM8848585,9,Neuroendocrine-like,0.076984815,False,CNV_low_candidate
GSM8848585_AATTACCTCGAAATGCACTTTAGG-1,GSM8848585,8,Cycling,0.045348786,False,not_assessed
GSM8848585_AATTACCTCGTGATGGACTTTAGG-1,GSM8848585,9,Neuroendocrine-like,0.021478835,False,CNV_low_candidate
GSM8848585_AATTACCTCTAGTTACACTTTAGG-1,GSM8848585,7,Neuroendocrine-like,0.08324631,False,CNV_low_candidate
GSM8848585_AATTGACCACAGCCAGACTTTAGG-1,GSM8848585,11,Prostate epithelial - luminal,0.105569184,True,CNV_high_candidate
GSM8848585_AATTGACCAGAATGAAACTTTAGG-1,GSM8848585,4,Fibroblast,0.06750526,False,reference_like
GSM8848585_AATTGACCATAATGACACTTTAGG-1,GSM8848585,9,Neuroendocrine-like,0.017090758,False,CNV_low_candidate
GSM8848585_AATTGACCATCTATGCACTTTAGG-1,GSM8848585,9,Neuroendocrine-like,0.019436955,False,CNV_low_candidate
GSM8848585_AATTTGGAGGAAGGTAACTTTAGG-1,GSM8848585,11,Prostate epithelial - luminal,0.10698686,True,CNV_high_candidate
GSM8848585_ACAAACCAGAATGGGAACTTTAGG-1,GSM8848585,13,Neuroendocrine-like,0.073840216,False,CNV_low_candidate
GSM8848585_ACAAACCAGCGAAGAAACTTTAGG-1,GSM8848585,8,Cycling,0.11865668,True,not_assessed
GSM8848585_ACAAACCAGCTTGAGGACTTTAGG-1,GSM8848585,6,Macrophage,0.02293794,False,reference_like
GSM8848585_ACAAAGGAGCTTCTAGACTTTAGG-1,GSM8848585,8,Cycling,0.0706624,False,not_assessed
GSM8848585_ACAAAGGAGGTATAGCACTTTAGG-1,GSM8848585,11,Prostate epithelial - luminal,0.034194645,False,CNV_low_candidate
GSM8848585_ACAAAGGAGTGGCTTCACTTTAGG-1,GSM8848585,11,Prostate epithelial - luminal,0.059991058,False,CNV_low_candidate
GSM8848585_ACAACATCAAACCGGTACTTTAGG-1,GSM8848585,4,Fibroblast,0.07314059,False,reference_like
GSM8848585_ACAACATCAGCACTAAACTTTAGG-1,GSM8848585,7,Neuroendocrine-like,0.019061428,False,CNV_low_candidate
GSM8848585_ACAACTTTCATTGTACACTTTAGG-1,GSM8848585,11,Prostate epithelial - luminal,0.062981285,False,CNV_low_candidate
GSM8848585_ACAACTTTCTATGGCCACTTTAGG-1,GSM8848585,7,Neuroendocrine-like,0.022283016,False,CNV_low_candidate
GSM8848585_ACAAGGCGTGAACGTAACTTTAGG-1,GSM8848585,9,Neuroendocrine-like,0.026728403,False,CNV_low_candidate
GSM8848585_ACAAGGCGTGCTCATGACTTTAGG-1,GSM8848585,12,Stress/hypoxia-like,0.050549358,False,not_assessed
GSM8848585_ACAAGTATCACTCGCGACTTTAGG-1,GSM8848585,11,Prostate epithelial - luminal,0.15116699,True,CNV_high_candidate
GSM8848585_ACAATCAAGTCACTATACTTTAGG-1,GSM8848585,9,Neuroendocrine-like,0.021748926,False,CNV_low_candidate
GSM8848585_ACAATGTCAAGCTTTCACTTTAGG-1,GSM8848585,11,Prostate epithelial - luminal,0.054453067,False,CNV_low_candidate
GSM8848585_ACAATGTCACATGCTTACTTTAGG-1,GSM8848585,11,Prostate epithelial - luminal,0.05920329,False,CNV_low_candidate
GSM8848585_ACAATGTCACCGTTTGACTTTAGG-1,GSM8848585,7,Neuroendocrine-like,0.08521592,False,CNV_low_candidate
GSM8848585_ACAATGTCATTCCTGGACTTTAGG-1,GSM8848585,9,Neuroendocrine-like,0.02423664,False,CNV_low_candidate
GSM8848585_ACACAAGGTAACTAGGACTTTAGG-1,GSM8848585,7,Neuroendocrine-like,0.036708206,False,CNV_low_candidate
GSM8848585_ACACAAGGTTCGATGTACTTTAGG-1,GSM8848585,7,Neuroendocrine-like,0.03940593,False,CNV_low_candidate
GSM8848585_ACACAAGGTTGCACGCACTTTAGG-1,GSM8848585,9,Neuroendocrine-like,0.126503,True,CNV_high_candidate
GSM8848585_ACACAATCAGCTCATTACTTTAGG-1,GSM8848585,13,Neuroendocrine-like,0.04887504,False,CNV_low_candidate
GSM8848585_ACACCGGCAAACTTCCACTTTAGG-1,GSM8848585,9,Neuroendocrine-like,0.047605913,False,CNV_low_candidate
GSM8848585_ACACCGGCAAGCCTCCACTTTAGG-1,GSM8848585,9,Neuroendocrine-like,0.024920058,False,CNV_low_candidate
GSM8848585_ACACCGGCAAGTTCCTACTTTAGG-1,GSM8848585,8,Cycling,0.09892133,False,not_assessed
GSM8848585_ACACCGGCAGGCGAAAACTTTAGG-1,GSM8848585,8,Cycling,0.11318511,True,not_assessed
GSM8848585_ACACCTATCGGGCAGTACTTTAGG-1,GSM8848585,11,Prostate epithelial - luminal,0.14076814,True,CNV_high_candidate
GSM8848585_ACACCTTCAAACAAGAACTTTAGG-1,GSM8848585,8,Cycling,0.07559752,False,not_assessed
GSM8848585_ACACGCGCAACCGTGGACTTTAGG-1,GSM8848585,7,Neuroendocrine-like,0.074833795,False,CNV_low_candidate
GSM8848585_ACACTAAAGCCATCGTACTTTAGG-1,GSM8848585,7,Neuroendocrine-like,0.026315423,False,CNV_low_candidate
GSM8848585_ACACTTGTCGATTGGGACTTTAGG-1,GSM8848585,11,Prostate epithelial - luminal,0.11954884,True,CNV_high_candidate
GSM8848585_ACACTTGTCGCTTGCGACTTTAGG-1,GSM8848585,11,Prostate epithelial - luminal,0.041205358,False,CNV_low_candidate
GSM8848585_ACACTTGTCGTGATGGACTTTAGG-1,GSM8848585,9,Neuroendocrine-like,0.07143282,False,CNV_low_candidate
GSM8848585_ACAGCACCAAACACGCACTTTAGG-1,GSM8848585,6,Macrophage,0.08443097,False,reference_like
GSM8848585_ACAGCACCAAGTAAGAACTTTAGG-1,GSM8848585,9,Neuroendocrine-like,0.0348909,False,CNV_low_candidate
GSM8848585_ACAGCCGCAACAGATTACTTTAGG-1,GSM8848585,7,Neuroendocrine-like,0.04603669,False,CNV_low_candidate
GSM8848585_ACAGCCGCAACTTAGGACTTTAGG-1,GSM8848585,7,Neuroendocrine-like,0.074710086,False,CNV_low_candidate
GSM8848585_ACAGCCGCAGTAAGGGACTTTAGG-1,GSM8848585,11,Prostate epithelial - luminal,0.13674401,True,CNV_high_candidate
GSM8848585_ACAGCGGGTAGCTTGTACTTTAGG-1,GSM8848585,11,Prostate epithelial - luminal,0.047029868,False,CNV_low_candidate
GSM8848585_ACAGCGGGTGCTTCGAACTTTAGG-1,GSM8848585,14,Epithelial-like - uncertain,0.04662899,False,CNV_low_candidate
GSM8848585_ACAGCGGGTTGGGTTTACTTTAGG-1,GSM8848585,9,Neuroendocrine-like,0.06968196,False,CNV_low_candidate
GSM8848585_ACAGGCATCGAGGCGTACTTTAGG-1,GSM8848585,9,Neuroendocrine-like,0.03681525,False,CNV_low_candidate
GSM8848585_ACAGGCATCGCGCATTACTTTAGG-1,GSM8848585,9,Neuroendocrine-like,0.028273484,False,CNV_low_candidate
GSM8848585_ACAGGCATCGGGATGCACTTTAGG-1,GSM8848585,11,Prostate epithelial - luminal,0.0832367,False,CNV_low_candidate
GSM8848585_ACAGGTAGTTAATCCAACTTTAGG-1,GSM8848585,8,Cycling,0.033324197,False,not_assessed
GSM8848585_ACAGGTAGTTAGGTGAACTTTAGG-1,GSM8848585,8,Cycling,0.017855959,False,not_assessed
GSM8848585_ACAGGTAGTTCAAGGAACTTTAGG-1,GSM8848585,8,Cycling,0.037462782,False,not_assessed
GSM8848585_ACAGTTGCAGGTGACTACTTTAGG-1,GSM8848585,7,Neuroendocrine-like,0.13290808,True,CNV_high_candidate
GSM8848585_ACAGTTGCAGTTATCCACTTTAGG-1,GSM8848585,9,Neuroendocrine-like,0.027733875,False,CNV_low_candidate
GSM8848585_ACAGTTGCATAATGACACTTTAGG-1,GSM8848585,11,Prostate epithelial - luminal,0.09837966,False,CNV_low_candidate
GSM8848585_ACATACTTCAGGTAACACTTTAGG-1,GSM8848585,3,Endothelial,0.021283437,False,reference_like
GSM8848585_ACATAGTCAAGCGAAGACTTTAGG-1,GSM8848585,8,Cycling,0.031569015,False,not_assessed
GSM8848585_ACATAGTCACGTTACTACTTTAGG-1,GSM8848585,11,Prostate epithelial - luminal,0.07243227,False,CNV_low_candidate
GSM8848585_ACATAGTCATTGTGTCACTTTAGG-1,GSM8848585,8,Cycling,0.030120792,False,not_assessed
GSM8848585_ACATGTTTCAGCGAATACTTTAGG-1,GSM8848585,9,Neuroendocrine-like,0.06978439,False,CNV_low_candidate
GSM8848585_ACATGTTTCCGCCATGACTTTAGG-1,GSM8848585,7,Neuroendocrine-like,0.024699094,False,CNV_low_candidate
GSM8848585_ACATTACTCCTTGTTCACTTTAGG-1,GSM8848585,13,Neuroendocrine-like,0.04147601,False,CNV_low_candidate
GSM8848585_ACATTGTTCAACTTGTACTTTAGG-1,GSM8848585,7,Neuroendocrine-like,0.026762022,False,CNV_low_candidate
GSM8848585_ACATTGTTCATCGATTACTTTAGG-1,GSM8848585,7,Neuroendocrine-like,0.05452776,False,CNV_low_candidate
GSM8848585_ACCAACTGTGTGGCTCACTTTAGG-1,GSM8848585,9,Neuroendocrine-like,0.039572548,False,CNV_low_candidate
GSM8848585_ACCAATAAGCGCAAGCACTTTAGG-1,GSM8848585,9,Neuroendocrine-like,0.04114666,False,CNV_low_candidate
GSM8848585_ACCAATAAGTGATTTCACTTTAGG-1,GSM8848585,4,Fibroblast,0.04287977,False,reference_like
GSM8848585_ACCAATCGTCCGCTAAACTTTAGG-1,GSM8848585,14,Epithelial-like - uncertain,0.03796946,False,CNV_low_candidate
GSM8848585_ACCAATTTCACGTTCAACTTTAGG-1,GSM8848585,9,Neuroendocrine-like,0.05609621,False,CNV_low_candidate
GSM8848585_ACCAATTTCCAAATTCACTTTAGG-1,GSM8848585,9,Neuroendocrine-like,0.08322792,False,CNV_low_candidate
GSM8848585_ACCACAACAGGTATTGACTTTAGG-1,GSM8848585,7,Neuroendocrine-like,0.020088429,False,CNV_low_candidate
GSM8848585_ACCACAACATTACACCACTTTAGG-1,GSM8848585,7,Neuroendocrine-like,0.046017185,False,CNV_low_candidate
GSM8848585_ACCACAACATTGAGATACTTTAGG-1,GSM8848585,9,Neuroendocrine-like,0.020704852,False,CNV_low_candidate
GSM8848585_ACCACGTTCCTAAGTTACTTTAGG-1,GSM8848585,4,Fibroblast,0.04202273,False,reference_like
GSM8848585_ACCACGTTCTAGCGGAACTTTAGG-1,GSM8848585,13,Neuroendocrine-like,0.06193993,False,CNV_low_candidate
GSM8848585_ACCAGGTCAAGCCAGTACTTTAGG-1,GSM8848585,8,Cycling,0.033232808,False,not_assessed
GSM8848585_ACCAGGTCAGTGAGGAACTTTAGG-1,GSM8848585,6,Macrophage,0.015365378,False,reference_like
GSM8848585_ACCATATTCCATAGGGACTTTAGG-1,GSM8848585,8,Cycling,0.03177698,False,not_assessed
GSM8848585_ACCATATTCGACTTTGACTTTAGG-1,GSM8848585,13,Neuroendocrine-like,0.0267434,False,CNV_low_candidate
GSM8848585_ACCATATTCTCAGCACACTTTAGG-1,GSM8848585,4,Fibroblast,0.030891897,False,reference_like
GSM8848585_ACCATTAGTATGTTGCACTTTAGG-1,GSM8848585,4,Fibroblast,0.024139943,False,reference_like
GSM8848585_ACCATTAGTCCATTAAACTTTAGG-1,GSM8848585,8,Cycling,0.058950078,False,not_assessed
GSM8848585_ACCATTAGTGTGACCCACTTTAGG-1,GSM8848585,11,Prostate epithelial - luminal,0.068778925,False,CNV_low_candidate
GSM8848585_ACCCAAACAACCGGATACTTTAGG-1,GSM8848585,12,Stress/hypoxia-like,0.0235849,False,not_assessed
GSM8848585_ACCCAAACAATCAAACACTTTAGG-1,GSM8848585,9,Neuroendocrine-like,0.06430511,False,CNV_low_candidate
GSM8848585_ACCCAAACAGCCATTTACTTTAGG-1,GSM8848585,11,Prostate epithelial - luminal,0.07449205,False,CNV_low_candidate
GSM8848585_ACCCAAACAGGCGAAAACTTTAGG-1,GSM8848585,9,Neuroendocrine-like,0.04477845,False,CNV_low_candidate
GSM8848585_ACCCAAACATGGCCGAACTTTAGG-1,GSM8848585,7,Neuroendocrine-like,0.030266803,False,CNV_low_candidate
GSM8848585_ACCCAAACATTGCGCCACTTTAGG-1,GSM8848585,7,Neuroendocrine-like,0.048921227,False,CNV_low_candidate
GSM8848585_ACCCAACTCAGCGAATACTTTAGG-1,GSM8848585,4,Fibroblast,0.046058338,False,reference_like
GSM8848585_ACCCAACTCCCATTGAACTTTAGG-1,GSM8848585,9,Neuroendocrine-like,0.031167826,False,CNV_low_candidate
GSM8848585_ACCCAACTCCTTTCTAACTTTAGG-1,GSM8848585,8,Cycling,0.026811201,False,not_assessed
GSM8848585_ACCCAACTCTAGCGGAACTTTAGG-1,GSM8848585,9,Neuroendocrine-like,0.045426767,False,CNV_low_candidate
GSM8848585_ACCCAACTCTTCAAGTACTTTAGG-1,GSM8848585,9,Neuroendocrine-like,0.02350305,False,CNV_low_candidate
GSM8848585_ACCCGCTCAAAGGGATACTTTAGG-1,GSM8848585,9,Neuroendocrine-like,0.07198052,False,CNV_low_candidate
GSM8848585_ACCCGCTCACAATAGTACTTTAGG-1,GSM8848585,9,Neuroendocrine-like,0.02584629,False,CNV_low_candidate
GSM8848585_ACCCGCTCACTCCCTTACTTTAGG-1,GSM8848585,7,Neuroendocrine-like,0.037336312,False,CNV_low_candidate
GSM8848585_ACCCGCTCAGCAAGCTACTTTAGG-1,GSM8848585,9,Neuroendocrine-like,0.09910571,False,CNV_low_candidate
GSM8848585_ACCCGTTAGATGGATCACTTTAGG-1,GSM8848585,14,Epithelial-like - uncertain,0.023064831,False,CNV_low_candidate
GSM8848585_ACCCGTTAGCCTCTAAACTTTAGG-1,GSM8848585,14,Epithelial-like - uncertain,0.074449465,False,CNV_low_candidate
GSM8848585_ACCCTAATCAATTGGAACTTTAGG-1,GSM8848585,13,Neuroendocrine-like,0.062017348,False,CNV_low_candidate
GSM8848585_ACCCTAATCTAAATCCACTTTAGG-1,GSM8848585,7,Neuroendocrine-like,0.06103186,False,CNV_low_candidate
GSM8848585_ACCCTCACAACCATTCACTTTAGG-1,GSM8848585,4,Fibroblast,0.11161222,True,reference_like
GSM8848585_ACCCTCACACACTAAGACTTTAGG-1,GSM8848585,8,Cycling,0.057660013,False,not_assessed
GSM8848585_ACCCTCACACTAACAGACTTTAGG-1,GSM8848585,9,Neuroendocrine-like,0.079913,False,CNV_low_candidate
GSM8848585_ACCCTCACAGTGAGGAACTTTAGG-1,GSM8848585,13,Neuroendocrine-like,0.0745132,False,CNV_low_candidate
GSM8848585_ACCCTCCTCCTGGTTAACTTTAGG-1,GSM8848585,9,Neuroendocrine-like,0.02473445,False,CNV_low_candidate
GSM8848585_ACCCTCCTCGAGGCACACTTTAGG-1,GSM8848585,11,Prostate epithelial - luminal,0.033739384,False,CNV_low_candidate
GSM8848585_ACCCTGGTCAAACCAAACTTTAGG-1,GSM8848585,9,Neuroendocrine-like,0.045624014,False,CNV_low_candidate
GSM8848585_ACCCTTCGTCGTAAAGACTTTAGG-1,GSM8848585,9,Neuroendocrine-like,0.04044175,False,CNV_low_candidate
GSM8848585_ACCGAAGTCACTTCGAACTTTAGG-1,GSM8848585,5,T/NK lymphocyte,0.04541903,False,reference_like
GSM8848585_ACCGAAGTCCCTTTGTACTTTAGG-1,GSM8848585,4,Fibroblast,0.07949986,False,reference_like
GSM8848585_ACCGAAGTCGATTAAGACTTTAGG-1,GSM8848585,4,Fibroblast,0.11967699,True,reference_like
GSM8848585_ACCGCCATCCAGGAATACTTTAGG-1,GSM8848585,9,Neuroendocrine-like,0.01942422,False,CNV_low_candidate
GSM8848585_ACCGCCTCAAAGGGATACTTTAGG-1,GSM8848585,7,Neuroendocrine-like,0.1124014,True,CNV_high_candidate
GSM8848585_ACCGGCTGTCAACATCACTTTAGG-1,GSM8848585,11,Prostate epithelial - luminal,0.084923565,False,CNV_low_candidate
GSM8848585_ACCGGCTGTCACAGAAACTTTAGG-1,GSM8848585,11,Prostate epithelial - luminal,0.09962479,True,CNV_high_candidate
GSM8848585_ACCGGCTGTGTTAGAGACTTTAGG-1,GSM8848585,14,Epithelial-like - uncertain,0.07697321,False,CNV_low_candidate
GSM8848585_ACCGGTAAGATTGAGCACTTTAGG-1,GSM8848585,7,Neuroendocrine-like,0.021522498,False,CNV_low_candidate
GSM8848585_ACCGGTAAGCATTTCGACTTTAGG-1,GSM8848585,11,Prostate epithelial - luminal,0.14566621,True,CNV_high_candidate
GSM8848585_ACCGGTAAGGACAAGAACTTTAGG-1,GSM8848585,11,Prostate epithelial - luminal,0.15139142,True,CNV_high_candidate
GSM8848585_ACCGGTTTCTTTGGTGACTTTAGG-1,GSM8848585,11,Prostate epithelial - luminal,0.11438348,True,CNV_high_candidate
GSM8848585_ACCTAAGCATCCAAGAACTTTAGG-1,GSM8848585,11,Prostate epithelial - luminal,0.10736024,True,CNV_high_candidate
GSM8848585_ACCTAGTGTGCTTCTCACTTTAGG-1,GSM8848585,13,Neuroendocrine-like,0.03214305,False,CNV_low_candidate
GSM8848585_ACCTATCCAGGCTAACACTTTAGG-1,GSM8848585,7,Neuroendocrine-like,0.018623013,False,CNV_low_candidate
GSM8848585_ACCTCACAGCAAAGCTACTTTAGG-1,GSM8848585,8,Cycling,0.020259427,False,not_assessed
GSM8848585_ACCTCACAGGAAGCCCACTTTAGG-1,GSM8848585,8,Cycling,0.020654803,False,not_assessed
GSM8848585_ACCTCATCACGTAGTAACTTTAGG-1,GSM8848585,11,Prostate epithelial - luminal,0.028837338,False,CNV_low_candidate
GSM8848585_ACCTCCCTCATTTGCGACTTTAGG-1,GSM8848585,9,Neuroendocrine-like,0.022690197,False,CNV_low_candidate
GSM8848585_ACCTCCCTCTGTCAGCACTTTAGG-1,GSM8848585,8,Cycling,0.026713159,False,not_assessed
GSM8848585_ACCTCTAAGAGAGCAAACTTTAGG-1,GSM8848585,7,Neuroendocrine-like,0.0513738,False,CNV_low_candidate
GSM8848585_ACCTGGAAGAGCAATCACTTTAGG-1,GSM8848585,11,Prostate epithelial - luminal,0.08878399,False,CNV_low_candidate
GSM8848585_ACCTGGAAGCCCGTTGACTTTAGG-1,GSM8848585,7,Neuroendocrine-like,0.02896565,False,CNV_low_candidate
GSM8848585_ACCTGGAAGTCGAAACACTTTAGG-1,GSM8848585,11,Prostate epithelial - luminal,0.021920774,False,CNV_low_candidate
GSM8848585_ACCTTTACACCTTCAGACTTTAGG-1,GSM8848585,7,Neuroendocrine-like,0.033612,False,CNV_low_candidate
GSM8848585_ACCTTTACAGCACGTGACTTTAGG-1,GSM8848585,9,Neuroendocrine-like,0.051881496,False,CNV_low_candidate
GSM8848585_ACGAATATCACATTCGACTTTAGG-1,GSM8848585,8,Cycling,0.064796984,False,not_assessed
GSM8848585_ACGAATATCAGTTTACACTTTAGG-1,GSM8848585,9,Neuroendocrine-like,0.032997373,False,CNV_low_candidate
GSM8848585_ACGAATATCCCTGGATACTTTAGG-1,GSM8848585,11,Prostate epithelial - luminal,0.07286387,False,CNV_low_candidate
GSM8848585_ACGAATATCTGGAACGACTTTAGG-1,GSM8848585,9,Neuroendocrine-like,0.041651774,False,CNV_low_candidate
GSM8848585_ACGAGGGAGCTTAAAGACTTTAGG-1,GSM8848585,8,Cycling,0.08792878,False,not_assessed
GSM8848585_ACGATTCGTAATGGATACTTTAGG-1,GSM8848585,14,Epithelial-like - uncertain,0.07317644,False,CNV_low_candidate
GSM8848585_ACGATTCGTGTTAGCTACTTTAGG-1,GSM8848585,8,Cycling,0.06735062,False,not_assessed
GSM8848585_ACGATTCGTTCTTACTACTTTAGG-1,GSM8848585,4,Fibroblast,0.087236695,False,reference_like
GSM8848585_ACGCAAGTCGCCTGCAACTTTAGG-1,GSM8848585,11,Prostate epithelial - luminal,0.023415737,False,CNV_low_candidate
GSM8848585_ACGCAAGTCTCACAATACTTTAGG-1,GSM8848585,8,Cycling,0.12807617,True,not_assessed
GSM8848585_ACGCATGAGCAGCCAAACTTTAGG-1,GSM8848585,4,Fibroblast,0.013981459,False,reference_like
GSM8848585_ACGCATGAGGCTTAAAACTTTAGG-1,GSM8848585,9,Neuroendocrine-like,0.025002858,False,CNV_low_candidate
GSM8848585_ACGCATGAGGTGTCCTACTTTAGG-1,GSM8848585,7,Neuroendocrine-like,0.051017858,False,CNV_low_candidate
GSM8848585_ACGCATGAGGTTAGACACTTTAGG-1,GSM8848585,9,Neuroendocrine-like,0.024380172,False,CNV_low_candidate
GSM8848585_ACGCATGAGTCGCGAAACTTTAGG-1,GSM8848585,8,Cycling,0.16344628,True,not_assessed
GSM8848585_ACGCATTGTGCTGATTACTTTAGG-1,GSM8848585,5,T/NK lymphocyte,0.035469864,False,reference_like
GSM8848585_ACGCCACGTAATCCGTACTTTAGG-1,GSM8848585,9,Neuroendocrine-like,0.021490468,False,CNV_low_candidate
GSM8848585_ACGCCACGTCCATCCTACTTTAGG-1,GSM8848585,11,Prostate epithelial - luminal,0.101353824,True,CNV_high_candidate
GSM8848585_ACGCCACGTCGAAGCGACTTTAGG-1,GSM8848585,11,Prostate epithelial - luminal,0.14925031,True,CNV_high_candidate
GSM8848585_ACGCCCATCCGTGACTACTTTAGG-1,GSM8848585,8,Cycling,0.1331792,True,not_assessed
GSM8848585_ACGCCCATCCTTGAGCACTTTAGG-1,GSM8848585,7,Neuroendocrine-like,0.05877544,False,CNV_low_candidate
GSM8848585_ACGCCCATCGCAGGACACTTTAGG-1,GSM8848585,11,Prostate epithelial - luminal,0.053195845,False,CNV_low_candidate
GSM8848585_ACGCCCATCGCTTGCGACTTTAGG-1,GSM8848585,7,Neuroendocrine-like,0.05088253,False,CNV_low_candidate
GSM8848585_ACGCCTAGTATAGTGGACTTTAGG-1,GSM8848585,9,Neuroendocrine-like,0.036409307,False,CNV_low_candidate
GSM8848585_ACGCCTAGTATATTCGACTTTAGG-1,GSM8848585,9,Neuroendocrine-like,0.029978406,False,CNV_low_candidate
GSM8848585_ACGGAACGTCCTCACTACTTTAGG-1,GSM8848585,11,Prostate epithelial - luminal,0.028759586,False,CNV_low_candidate
GSM8848585_ACGGAACGTGCAGCTCACTTTAGG-1,GSM8848585,6,Macrophage,0.022985531,False,reference_like
GSM8848585_ACGGAACGTTAATGCCACTTTAGG-1,GSM8848585,8,Cycling,0.1216334,True,not_assessed
GSM8848585_ACGGACCAGGAGTCATACTTTAGG-1,GSM8848585,11,Prostate epithelial - luminal,0.102667466,True,CNV_high_candidate
GSM8848585_ACGGATAGTTTGCATAACTTTAGG-1,GSM8848585,11,Prostate epithelial - luminal,0.14512207,True,CNV_high_candidate
GSM8848585_ACGGATTAGCACTAGGACTTTAGG-1,GSM8848585,9,Neuroendocrine-like,0.027557265,False,CNV_low_candidate
GSM8848585_ACGGATTAGTCGCGAAACTTTAGG-1,GSM8848585,9,Neuroendocrine-like,0.03044118,False,CNV_low_candidate
GSM8848585_ACGGATTAGTGTTTCGACTTTAGG-1,GSM8848585,4,Fibroblast,0.022704192,False,reference_like
GSM8848585_ACGGATTAGTTACCCAACTTTAGG-1,GSM8848585,4,Fibroblast,0.06215963,False,reference_like
GSM8848585_ACGGTAAGTAAGGCTAACTTTAGG-1,GSM8848585,4,Fibroblast,0.02080212,False,reference_like
GSM8848585_ACGGTAAGTATAGTGGACTTTAGG-1,GSM8848585,7,Neuroendocrine-like,0.08127261,False,CNV_low_candidate
GSM8848585_ACGTAATCAGAAAGGTACTTTAGG-1,GSM8848585,11,Prostate epithelial - luminal,0.13298826,True,CNV_high_candidate
GSM8848585_ACGTAATCAGGCAACTACTTTAGG-1,GSM8848585,7,Neuroendocrine-like,0.024200782,False,CNV_low_candidate
GSM8848585_ACGTCAACACATTGTCACTTTAGG-1,GSM8848585,11,Prostate epithelial - luminal,0.061016735,False,CNV_low_candidate
GSM8848585_ACGTGCAAGGTAATGCACTTTAGG-1,GSM8848585,9,Neuroendocrine-like,0.045335468,False,CNV_low_candidate
GSM8848585_ACTAAACCAGCTAGACACTTTAGG-1,GSM8848585,11,Prostate epithelial - luminal,0.11978982,True,CNV_high_candidate
GSM8848585_ACTAAACCATGCTCCAACTTTAGG-1,GSM8848585,11,Prostate epithelial - luminal,0.05518737,False,CNV_low_candidate
GSM8848585_ACTAAGTCAACAGGGAACTTTAGG-1,GSM8848585,9,Neuroendocrine-like,0.083926044,False,CNV_low_candidate
GSM8848585_ACTAATGAGTAACGTAACTTTAGG-1,GSM8848585,7,Neuroendocrine-like,0.030502198,False,CNV_low_candidate
GSM8848585_ACTAATGAGTTAGGGTACTTTAGG-1,GSM8848585,7,Neuroendocrine-like,0.056824945,False,CNV_low_candidate
GSM8848585_ACTACAAAGCGAGTTGACTTTAGG-1,GSM8848585,9,Neuroendocrine-like,0.081815384,False,CNV_low_candidate
GSM8848585_ACTACTAGTGTGATGAACTTTAGG-1,GSM8848585,9,Neuroendocrine-like,0.12685136,True,CNV_high_candidate
GSM8848585_ACTACTAGTGTTTGTAACTTTAGG-1,GSM8848585,7,Neuroendocrine-like,0.022709588,False,CNV_low_candidate
GSM8848585_ACTAGGTAGATGGATCACTTTAGG-1,GSM8848585,8,Cycling,0.11046116,True,not_assessed
GSM8848585_ACTAGGTAGGGAGGATACTTTAGG-1,GSM8848585,4,Fibroblast,0.03463491,False,reference_like
GSM8848585_ACTAGGTAGTCATCATACTTTAGG-1,GSM8848585,8,Cycling,0.027851364,False,not_assessed
GSM8848585_ACTAGTCGTCCTCATCACTTTAGG-1,GSM8848585,9,Neuroendocrine-like,0.025820559,False,CNV_low_candidate
GSM8848585_ACTAGTGCATCACGCCACTTTAGG-1,GSM8848585,7,Neuroendocrine-like,0.020720052,False,CNV_low_candidate
GSM8848585_ACTAGTTTCAGGTAACACTTTAGG-1,GSM8848585,7,Neuroendocrine-like,0.030492363,False,CNV_low_candidate
GSM8848585_ACTAGTTTCGTTAACTACTTTAGG-1,GSM8848585,11,Prostate epithelial - luminal,0.023313437,False,CNV_low_candidate
GSM8848585_ACTCAATTCGGGCAGTACTTTAGG-1,GSM8848585,4,Fibroblast,0.10772782,True,reference_like
GSM8848585_ACTCACTCATTACTTGACTTTAGG-1,GSM8848585,9,Neuroendocrine-like,0.13009194,True,CNV_high_candidate
GSM8848585_ACTCCCACAGGGATGAACTTTAGG-1,GSM8848585,11,Prostate epithelial - luminal,0.08265362,False,CNV_low_candidate
GSM8848585_ACTCGAACAAACACGCACTTTAGG-1,GSM8848585,12,Stress/hypoxia-like,0.034731604,False,not_assessed
GSM8848585_ACTCGAACAACTAAACACTTTAGG-1,GSM8848585,4,Fibroblast,0.031737544,False,reference_like
GSM8848585_ACTCGAACAATGAGCCACTTTAGG-1,GSM8848585,9,Neuroendocrine-like,0.063374475,False,CNV_low_candidate
GSM8848585_ACTGGCTTCCAGAAACACTTTAGG-1,GSM8848585,8,Cycling,0.040665474,False,not_assessed
GSM8848585_ACTGGCTTCCCTCAAAACTTTAGG-1,GSM8848585,4,Fibroblast,0.03165689,False,reference_like
GSM8848585_ACTGGCTTCCTGGTTAACTTTAGG-1,GSM8848585,9,Neuroendocrine-like,0.02790637,False,CNV_low_candidate
GSM8848585_ACTGGGTCAAGCCTAAACTTTAGG-1,GSM8848585,9,Neuroendocrine-like,0.018029457,False,CNV_low_candidate
GSM8848585_ACTGGGTCACTAGTCTACTTTAGG-1,GSM8848585,7,Neuroendocrine-like,0.03489694,False,CNV_low_candidate
GSM8848585_ACTTAGAAGATTATCCACTTTAGG-1,GSM8848585,9,Neuroendocrine-like,0.024951255,False,CNV_low_candidate
GSM8848585_ACTTAGAAGCAATTGAACTTTAGG-1,GSM8848585,9,Neuroendocrine-like,0.041192718,False,CNV_low_candidate
GSM8848585_ACTTAGAAGTTAGGGTACTTTAGG-1,GSM8848585,8,Cycling,0.030000295,False,not_assessed
GSM8848585_ACTTAGCGTCGAAGCGACTTTAGG-1,GSM8848585,9,Neuroendocrine-like,0.022535717,False,CNV_low_candidate
GSM8848585_ACTTAGCGTGTCCAGCACTTTAGG-1,GSM8848585,8,Cycling,0.047429193,False,not_assessed
GSM8848585_ACTTAGGCAAAGCTCAACTTTAGG-1,GSM8848585,9,Neuroendocrine-like,0.028716855,False,CNV_low_candidate
GSM8848585_ACTTAGGCAAGGTGTCACTTTAGG-1,GSM8848585,11,Prostate epithelial - luminal,0.11586322,True,CNV_high_candidate
GSM8848585_ACTTAGGCAATACCCTACTTTAGG-1,GSM8848585,8,Cycling,0.13320833,True,not_assessed
GSM8848585_ACTTAGGCACTGTCATACTTTAGG-1,GSM8848585,3,Endothelial,0.07294273,False,reference_like
GSM8848585_ACTTAGTTCACCCTCCACTTTAGG-1,GSM8848585,8,Cycling,0.020263894,False,not_assessed
GSM8848585_ACTTAGTTCCATCCGGACTTTAGG-1,GSM8848585,11,Prostate epithelial - luminal,0.14223695,True,CNV_high_candidate
GSM8848585_ACTTAGTTCTTGAATCACTTTAGG-1,GSM8848585,9,Neuroendocrine-like,0.0203508,False,CNV_low_candidate
GSM8848585_ACTTCAAGTCCAGCTAACTTTAGG-1,GSM8848585,8,Cycling,0.046414707,False,not_assessed
GSM8848585_ACTTCCCGTAGCGCGAACTTTAGG-1,GSM8848585,4,Fibroblast,0.024065416,False,reference_like
GSM8848585_ACTTCCCGTCCGTGACACTTTAGG-1,GSM8848585,14,Epithelial-like - uncertain,0.023981612,False,CNV_low_candidate
GSM8848585_ACTTCCCGTGGTTCTGACTTTAGG-1,GSM8848585,11,Prostate epithelial - luminal,0.09834004,False,CNV_low_candidate
GSM8848585_ACTTCCTTCCTTGAGCACTTTAGG-1,GSM8848585,9,Neuroendocrine-like,0.016384782,False,CNV_low_candidate
GSM8848585_ACTTCGTCAATAAGGAACTTTAGG-1,GSM8848585,8,Cycling,0.06869443,False,not_assessed
GSM8848585_ACTTGAAAGACCAGGCACTTTAGG-1,GSM8848585,9,Neuroendocrine-like,0.025693793,False,CNV_low_candidate
GSM8848585_ACTTGAAAGGTTTCGCACTTTAGG-1,GSM8848585,9,Neuroendocrine-like,0.02502003,False,CNV_low_candidate
GSM8848585_ACTTGCATCAAAGGCTACTTTAGG-1,GSM8848585,8,Cycling,0.06266189,False,not_assessed
GSM8848585_ACTTGCATCGTCAACCACTTTAGG-1,GSM8848585,11,Prostate epithelial - luminal,0.14468418,True,CNV_high_candidate
GSM8848585_ACTTGCGGTATAGCGAACTTTAGG-1,GSM8848585,8,Cycling,0.02250543,False,not_assessed
GSM8848585_ACTTGCGGTCACAGGGACTTTAGG-1,GSM8848585,8,Cycling,0.023513755,False,not_assessed
GSM8848585_ACTTGCGGTGGACACGACTTTAGG-1,GSM8848585,13,Neuroendocrine-like,0.04839734,False,CNV_low_candidate
GSM8848585_ACTTGCGGTTGCCTGAACTTTAGG-1,GSM8848585,8,Cycling,0.037580688,False,not_assessed
GSM8848585_ACTTGCTCACATGAATACTTTAGG-1,GSM8848585,9,Neuroendocrine-like,0.022950618,False,CNV_low_candidate
GSM8848585_AGAAACCTCATTGTACACTTTAGG-1,GSM8848585,11,Prostate epithelial - luminal,0.029783132,False,CNV_low_candidate
GSM8848585_AGAAACCTCGCCTGCAACTTTAGG-1,GSM8848585,11,Prostate epithelial - luminal,0.08467512,False,CNV_low_candidate
GSM8848585_AGAAAGGTCATGAATGACTTTAGG-1,GSM8848585,9,Neuroendocrine-like,0.024221217,False,CNV_low_candidate
GSM8848585_AGAAAGGTCCTTTGAGACTTTAGG-1,GSM8848585,4,Fibroblast,0.020723443,False,reference_like
GSM8848585_AGAAATGCACTCAAAGACTTTAGG-1,GSM8848585,9,Neuroendocrine-like,0.060937144,False,CNV_low_candidate
GSM8848585_AGAAATGCAGCACTAAACTTTAGG-1,GSM8848585,9,Neuroendocrine-like,0.087670065,False,CNV_low_candidate
GSM8848585_AGAACAACAAACCTGAACTTTAGG-1,GSM8848585,8,Cycling,0.08074563,False,not_assessed
GSM8848585_AGAACAACAAGAAATGACTTTAGG-1,GSM8848585,11,Prostate epithelial - luminal,0.062530525,False,CNV_low_candidate
GSM8848585_AGAACAACATCCCTCTACTTTAGG-1,GSM8848585,11,Prostate epithelial - luminal,0.12173762,True,CNV_high_candidate
GSM8848585_AGAACAACATGAGCTAACTTTAGG-1,GSM8848585,12,Stress/hypoxia-like,0.03370199,False,not_assessed
GSM8848585_AGAAGCAAGACTGAGTACTTTAGG-1,GSM8848585,12,Stress/hypoxia-like,0.068033636,False,not_assessed
GSM8848585_AGAAGCAAGCAAACTAACTTTAGG-1,GSM8848585,8,Cycling,0.049333706,False,not_assessed
GSM8848585_AGAAGCAAGCAGGTTGACTTTAGG-1,GSM8848585,8,Cycling,0.14173643,True,not_assessed
GSM8848585_AGAAGCAAGGGATGAAACTTTAGG-1,GSM8848585,9,Neuroendocrine-like,0.11072153,True,CNV_high_candidate
GSM8848585_AGAAGGTCATATGGTGACTTTAGG-1,GSM8848585,13,Neuroendocrine-like,0.029413449,False,CNV_low_candidate
GSM8848585_AGACACTAGGAGGCCTACTTTAGG-1,GSM8848585,4,Fibroblast,0.07433785,False,reference_like
GSM8848585_AGACACTAGGTCAAACACTTTAGG-1,GSM8848585,8,Cycling,0.0277305,False,not_assessed
GSM8848585_AGACACTAGGTTCCGTACTTTAGG-1,GSM8848585,9,Neuroendocrine-like,0.036079273,False,CNV_low_candidate
GSM8848585_AGACCCGCAGAAACTTACTTTAGG-1,GSM8848585,9,Neuroendocrine-like,0.06739438,False,CNV_low_candidate
GSM8848585_AGACTAATCGAGGCACACTTTAGG-1,GSM8848585,7,Neuroendocrine-like,0.078490384,False,CNV_low_candidate
GSM8848585_AGACTAGGTAATGGATACTTTAGG-1,GSM8848585,9,Neuroendocrine-like,0.022216015,False,CNV_low_candidate
GSM8848585_AGACTCACAGGCAACTACTTTAGG-1,GSM8848585,4,Fibroblast,0.022109473,False,reference_like
GSM8848585_AGACTCCTCAAACCAAACTTTAGG-1,GSM8848585,8,Cycling,0.057456333,False,not_assessed
GSM8848585_AGACTCCTCAGTTTACACTTTAGG-1,GSM8848585,11,Prostate epithelial - luminal,0.12782475,True,CNV_high_candidate
GSM8848585_AGACTCCTCCAATGAAACTTTAGG-1,GSM8848585,13,Neuroendocrine-like,0.051168207,False,CNV_low_candidate
GSM8848585_AGACTCCTCGCGAAATACTTTAGG-1,GSM8848585,9,Neuroendocrine-like,0.021125998,False,CNV_low_candidate
GSM8848585_AGACTCCTCTAAATCCACTTTAGG-1,GSM8848585,9,Neuroendocrine-like,0.03561836,False,CNV_low_candidate
GSM8848585_AGACTGAGTGATTAGGACTTTAGG-1,GSM8848585,14,Epithelial-like - uncertain,0.06291794,False,CNV_low_candidate
GSM8848585_AGAGAGCAGCTGGACAACTTTAGG-1,GSM8848585,11,Prostate epithelial - luminal,0.08684249,False,CNV_low_candidate
GSM8848585_AGAGAGCAGGACTTGGACTTTAGG-1,GSM8848585,11,Prostate epithelial - luminal,0.12126641,True,CNV_high_candidate
GSM8848585_AGAGAGCAGGATGCATACTTTAGG-1,GSM8848585,11,Prostate epithelial - luminal,0.08708535,False,CNV_low_candidate
GSM8848585_AGAGAGCAGGTTGCTCACTTTAGG-1,GSM8848585,8,Cycling,0.054079335,False,not_assessed
GSM8848585_AGAGAGCAGTTTGGTTACTTTAGG-1,GSM8848585,11,Prostate epithelial - luminal,0.08487338,False,CNV_low_candidate
GSM8848585_AGAGGAGGTCATTACAACTTTAGG-1,GSM8848585,11,Prostate epithelial - luminal,0.08745599,False,CNV_low_candidate
GSM8848585_AGAGGTTTCAAGCTCCACTTTAGG-1,GSM8848585,9,Neuroendocrine-like,0.024753934,False,CNV_low_candidate
GSM8848585_AGAGGTTTCCAAAGACACTTTAGG-1,GSM8848585,7,Neuroendocrine-like,0.028227527,False,CNV_low_candidate
GSM8848585_AGATAACGTCCTCATCACTTTAGG-1,GSM8848585,7,Neuroendocrine-like,0.022060016,False,CNV_low_candidate
GSM8848585_AGATAACGTGATAAACACTTTAGG-1,GSM8848585,9,Neuroendocrine-like,0.028138122,False,CNV_low_candidate
GSM8848585_AGATGCCCAGTGAGGAACTTTAGG-1,GSM8848585,4,Fibroblast,0.042718824,False,reference_like
GSM8848585_AGATTAGTCAAACCAAACTTTAGG-1,GSM8848585,13,Neuroendocrine-like,0.042275995,False,CNV_low_candidate
GSM8848585_AGATTCAAGATGCAACACTTTAGG-1,GSM8848585,7,Neuroendocrine-like,0.030493414,False,CNV_low_candidate
GSM8848585_AGATTCAAGGCACAATACTTTAGG-1,GSM8848585,4,Fibroblast,0.05275721,False,reference_like
GSM8848585_AGATTCAAGTCTAATCACTTTAGG-1,GSM8848585,9,Neuroendocrine-like,0.029368924,False,CNV_low_candidate
GSM8848585_AGATTGATCGGCTAGAACTTTAGG-1,GSM8848585,11,Prostate epithelial - luminal,0.044808507,False,CNV_low_candidate
GSM8848585_AGCAGCCAGTAAAGGGACTTTAGG-1,GSM8848585,9,Neuroendocrine-like,0.031071397,False,CNV_low_candidate
GSM8848585_AGCAGGCTCAAGGTGTACTTTAGG-1,GSM8848585,7,Neuroendocrine-like,0.02379438,False,CNV_low_candidate
GSM8848585_AGCAGGCTCCTGGAAGACTTTAGG-1,GSM8848585,8,Cycling,0.072684504,False,not_assessed
GSM8848585_AGCAGGCTCTGCAACCACTTTAGG-1,GSM8848585,11,Prostate epithelial - luminal,0.11779546,True,CNV_high_candidate
GSM8848585_AGCATCCTCATGATGAACTTTAGG-1,GSM8848585,9,Neuroendocrine-like,0.10173275,True,CNV_high_candidate
GSM8848585_AGCATGGTCACAACAAACTTTAGG-1,GSM8848585,5,T/NK lymphocyte,0.044177316,False,reference_like
GSM8848585_AGCATGGTCACTATGTACTTTAGG-1,GSM8848585,8,Cycling,0.035016693,False,not_assessed
GSM8848585_AGCATGGTCGCTTGACACTTTAGG-1,GSM8848585,10,Activated fibroblast,0.021859648,False,reference_like
GSM8848585_AGCCAATAGATTCATCACTTTAGG-1,GSM8848585,4,Fibroblast,0.022512306,False,reference_like
GSM8848585_AGCCAATAGTGCTGAGACTTTAGG-1,GSM8848585,9,Neuroendocrine-like,0.025365245,False,CNV_low_candidate
GSM8848585_AGCCATTGTATTACCAACTTTAGG-1,GSM8848585,7,Neuroendocrine-like,0.024810687,False,CNV_low_candidate
GSM8848585_AGCCATTGTATTTACGACTTTAGG-1,GSM8848585,9,Neuroendocrine-like,0.031208718,False,CNV_low_candidate
GSM8848585_AGCCCTGTCAAAGGCTACTTTAGG-1,GSM8848585,11,Prostate epithelial - luminal,0.13583127,True,CNV_high_candidate
GSM8848585_AGCCCTGTCACAAATGACTTTAGG-1,GSM8848585,11,Prostate epithelial - luminal,0.08712125,False,CNV_low_candidate
GSM8848585_AGCCCTTAGATAGCTAACTTTAGG-1,GSM8848585,11,Prostate epithelial - luminal,0.11522717,True,CNV_high_candidate
GSM8848585_AGCCCTTAGCCGCTATACTTTAGG-1,GSM8848585,8,Cycling,0.043482054,False,not_assessed
GSM8848585_AGCCCTTAGGATCCCTACTTTAGG-1,GSM8848585,4,Fibroblast,0.060129046,False,reference_like
GSM8848585_AGCCCTTAGTGCCCTGACTTTAGG-1,GSM8848585,4,Fibroblast,0.023161616,False,reference_like
GSM8848585_AGCCTAGAGATAACGCACTTTAGG-1,GSM8848585,9,Neuroendocrine-like,0.024890892,False,CNV_low_candidate
GSM8848585_AGCCTAGAGCCATCACACTTTAGG-1,GSM8848585,7,Neuroendocrine-like,0.02987296,False,CNV_low_candidate
GSM8848585_AGCCTAGAGCTGGACAACTTTAGG-1,GSM8848585,11,Prostate epithelial - luminal,0.06946936,False,CNV_low_candidate
GSM8848585_AGCCTAGAGGATGTTAACTTTAGG-1,GSM8848585,9,Neuroendocrine-like,0.030388474,False,CNV_low_candidate
GSM8848585_AGCCTAGAGGCCATGAACTTTAGG-1,GSM8848585,9,Neuroendocrine-like,0.037325267,False,CNV_low_candidate
GSM8848585_AGCCTCTAGATTCCCAACTTTAGG-1,GSM8848585,9,Neuroendocrine-like,0.023584293,False,CNV_low_candidate
GSM8848585_AGCCTCTAGCTAAGTAACTTTAGG-1,GSM8848585,7,Neuroendocrine-like,0.030151697,False,CNV_low_candidate
GSM8848585_AGCCTCTAGGCAATCGACTTTAGG-1,GSM8848585,11,Prostate epithelial - luminal,0.09972815,True,CNV_high_candidate
GSM8848585_AGCCTCTAGGTATGGTACTTTAGG-1,GSM8848585,7,Neuroendocrine-like,0.043114804,False,CNV_low_candidate
GSM8848585_AGCCTCTAGTCTACCAACTTTAGG-1,GSM8848585,11,Prostate epithelial - luminal,0.03419849,False,CNV_low_candidate
GSM8848585_AGCCTGTTCCAAATTCACTTTAGG-1,GSM8848585,9,Neuroendocrine-like,0.018165203,False,CNV_low_candidate
GSM8848585_AGCCTGTTCTGGCCCAACTTTAGG-1,GSM8848585,9,Neuroendocrine-like,0.025528714,False,CNV_low_candidate
GSM8848585_AGCCTTCAGGATCCCTACTTTAGG-1,GSM8848585,6,Macrophage,0.022238415,False,reference_like
GSM8848585_AGCCTTCAGTCTAACTACTTTAGG-1,GSM8848585,7,Neuroendocrine-like,0.04384245,False,CNV_low_candidate
GSM8848585_AGCCTTCAGTTGCGGAACTTTAGG-1,GSM8848585,8,Cycling,0.027300581,False,not_assessed
GSM8848585_AGCCTTTCAAACCGTAACTTTAGG-1,GSM8848585,4,Fibroblast,0.028875273,False,reference_like
GSM8848585_AGCGAACGTGTGTTACACTTTAGG-1,GSM8848585,7,Neuroendocrine-like,0.051575992,False,CNV_low_candidate
GSM8848585_AGCGAAGCACGGTACGACTTTAGG-1,GSM8848585,11,Prostate epithelial - luminal,0.029210052,False,CNV_low_candidate
GSM8848585_AGCGACTCAAGAAATGACTTTAGG-1,GSM8848585,9,Neuroendocrine-like,0.032305826,False,CNV_low_candidate
GSM8848585_AGCGACTCAATGAGCCACTTTAGG-1,GSM8848585,8,Cycling,0.026882244,False,not_assessed
GSM8848585_AGCGATCCAAGGAATAACTTTAGG-1,GSM8848585,11,Prostate epithelial - luminal,0.030114433,False,CNV_low_candidate
GSM8848585_AGCGATCCATCGATAGACTTTAGG-1,GSM8848585,4,Fibroblast,0.049605798,False,reference_like
GSM8848585_AGCGCGAGTGTTAGCTACTTTAGG-1,GSM8848585,9,Neuroendocrine-like,0.027292717,False,CNV_low_candidate
GSM8848585_AGCGCTAAGTCCTGACACTTTAGG-1,GSM8848585,9,Neuroendocrine-like,0.016955933,False,CNV_low_candidate
GSM8848585_AGCGGCTAGATAGCTAACTTTAGG-1,GSM8848585,11,Prostate epithelial - luminal,0.101879805,True,CNV_high_candidate
GSM8848585_AGCGGCTAGGATTAGCACTTTAGG-1,GSM8848585,4,Fibroblast,0.02175426,False,reference_like
GSM8848585_AGCGGCTAGGGTTAACACTTTAGG-1,GSM8848585,9,Neuroendocrine-like,0.025178075,False,CNV_low_candidate
GSM8848585_AGCGGCTAGTCTGTGCACTTTAGG-1,GSM8848585,7,Neuroendocrine-like,0.022631852,False,CNV_low_candidate
GSM8848585_AGCGGCTAGTTATTGCACTTTAGG-1,GSM8848585,9,Neuroendocrine-like,0.026074931,False,CNV_low_candidate
GSM8848585_AGCGTTTGTATTGACCACTTTAGG-1,GSM8848585,11,Prostate epithelial - luminal,0.15446028,True,CNV_high_candidate
GSM8848585_AGCTAAATCTCACCTTACTTTAGG-1,GSM8848585,12,Stress/hypoxia-like,0.023814451,False,not_assessed
GSM8848585_AGCTAATCACCGGTAGACTTTAGG-1,GSM8848585,8,Cycling,0.023588225,False,not_assessed
GSM8848585_AGCTATGCAAACTTCCACTTTAGG-1,GSM8848585,9,Neuroendocrine-like,0.022723055,False,CNV_low_candidate
GSM8848585_AGCTGCAAGAGGATGAACTTTAGG-1,GSM8848585,4,Fibroblast,0.023356367,False,reference_like
GSM8848585_AGCTGCAAGGCCAACAACTTTAGG-1,GSM8848585,11,Prostate epithelial - luminal,0.060113776,False,CNV_low_candidate
GSM8848585_AGCTGGATCAAGCGATACTTTAGG-1,GSM8848585,6,Macrophage,0.050170828,False,reference_like
GSM8848585_AGCTGGATCGCTTGACACTTTAGG-1,GSM8848585,9,Neuroendocrine-like,0.03212873,False,CNV_low_candidate
GSM8848585_AGCTGGCAGCTAGATAACTTTAGG-1,GSM8848585,9,Neuroendocrine-like,0.06536317,False,CNV_low_candidate
GSM8848585_AGCTGGCAGGCCTCTGACTTTAGG-1,GSM8848585,9,Neuroendocrine-like,0.023524273,False,CNV_low_candidate
GSM8848585_AGCTTCCAGAACCTCCACTTTAGG-1,GSM8848585,9,Neuroendocrine-like,0.05266252,False,CNV_low_candidate
GSM8848585_AGCTTCCAGAGGAGGTACTTTAGG-1,GSM8848585,7,Neuroendocrine-like,0.035392765,False,CNV_low_candidate
GSM8848585_AGCTTCCAGCAAGTTAACTTTAGG-1,GSM8848585,11,Prostate epithelial - luminal,0.15468052,True,CNV_high_candidate
GSM8848585_AGCTTCCAGCTTACATACTTTAGG-1,GSM8848585,11,Prostate epithelial - luminal,0.124429606,True,CNV_high_candidate
GSM8848585_AGCTTCTCAAAGGGATACTTTAGG-1,GSM8848585,4,Fibroblast,0.051605176,False,reference_like
GSM8848585_AGCTTCTCATTCCTGGACTTTAGG-1,GSM8848585,9,Neuroendocrine-like,0.06945198,False,CNV_low_candidate
GSM8848585_AGCTTGTGTTCACCAGACTTTAGG-1,GSM8848585,9,Neuroendocrine-like,0.04116235,False,CNV_low_candidate
GSM8848585_AGCTTGTGTTGGAGCGACTTTAGG-1,GSM8848585,11,Prostate epithelial - luminal,0.10455371,True,CNV_high_candidate
GSM8848585_AGCTTGTGTTGTTGGTACTTTAGG-1,GSM8848585,8,Cycling,0.1268931,True,not_assessed
GSM8848585_AGCTTGTGTTTCTAAGACTTTAGG-1,GSM8848585,8,Cycling,0.07670444,False,not_assessed
GSM8848585_AGCTTTGTCGTCCCGAACTTTAGG-1,GSM8848585,11,Prostate epithelial - luminal,0.03117845,False,CNV_low_candidate
GSM8848585_AGGAACCGTGACCTTGACTTTAGG-1,GSM8848585,9,Neuroendocrine-like,0.032022454,False,CNV_low_candidate
GSM8848585_AGGAACCGTTCCTTCAACTTTAGG-1,GSM8848585,9,Neuroendocrine-like,0.05335332,False,CNV_low_candidate
GSM8848585_AGGACAAAGCTGATGGACTTTAGG-1,GSM8848585,8,Cycling,0.07738031,False,not_assessed
GSM8848585_AGGACAAAGTCACTATACTTTAGG-1,GSM8848585,7,Neuroendocrine-like,0.052804645,False,CNV_low_candidate
GSM8848585_AGGAGGTAGGCCCATTACTTTAGG-1,GSM8848585,6,Macrophage,0.023080027,False,reference_like
GSM8848585_AGGATCAGTATGGGACACTTTAGG-1,GSM8848585,11,Prostate epithelial - luminal,0.034475617,False,CNV_low_candidate
GSM8848585_AGGATCAGTGGTGCAGACTTTAGG-1,GSM8848585,9,Neuroendocrine-like,0.024263792,False,CNV_low_candidate
GSM8848585_AGGATCAGTTGCGCTAACTTTAGG-1,GSM8848585,4,Fibroblast,0.031159805,False,reference_like
GSM8848585_AGGCCATCAAGCTATGACTTTAGG-1,GSM8848585,8,Cycling,0.050826196,False,not_assessed
GSM8848585_AGGCCTAAGTGTTTCGACTTTAGG-1,GSM8848585,14,Epithelial-like - uncertain,0.06585253,False,CNV_low_candidate
GSM8848585_AGGCGAGAGATGCTAAACTTTAGG-1,GSM8848585,11,Prostate epithelial - luminal,0.15557997,True,CNV_high_candidate
GSM8848585_AGGCGAGAGCAATCCCACTTTAGG-1,GSM8848585,8,Cycling,0.1520086,True,not_assessed
GSM8848585_AGGCGAGAGTCTTGCAACTTTAGG-1,GSM8848585,11,Prostate epithelial - luminal,0.09572454,False,CNV_low_candidate
GSM8848585_AGGCGAGAGTTGCGCTACTTTAGG-1,GSM8848585,9,Neuroendocrine-like,0.024123808,False,CNV_low_candidate
GSM8848585_AGGCGCTAGAAACTCAACTTTAGG-1,GSM8848585,11,Prostate epithelial - luminal,0.050645612,False,CNV_low_candidate
GSM8848585_AGGCGCTAGACTAACAACTTTAGG-1,GSM8848585,14,Epithelial-like - uncertain,0.050621416,False,CNV_low_candidate
GSM8848585_AGGCGCTAGCAGGTTGACTTTAGG-1,GSM8848585,11,Prostate epithelial - luminal,0.14841197,True,CNV_high_candidate
GSM8848585_AGGCTATAGCTTAAAGACTTTAGG-1,GSM8848585,9,Neuroendocrine-like,0.034231734,False,CNV_low_candidate
GSM8848585_AGGCTATAGGTGCACAACTTTAGG-1,GSM8848585,11,Prostate epithelial - luminal,0.067594506,False,CNV_low_candidate
GSM8848585_AGGCTATAGTTATCCGACTTTAGG-1,GSM8848585,13,Neuroendocrine-like,0.025248019,False,CNV_low_candidate
GSM8848585_AGGCTTGAGCGCCTTGACTTTAGG-1,GSM8848585,7,Neuroendocrine-like,0.023254933,False,CNV_low_candidate
GSM8848585_AGGCTTGAGTCGTTCAACTTTAGG-1,GSM8848585,11,Prostate epithelial - luminal,0.021555422,False,CNV_low_candidate
GSM8848585_AGGCTTTGTGGCGTAGACTTTAGG-1,GSM8848585,7,Neuroendocrine-like,0.024522165,False,CNV_low_candidate
GSM8848585_AGGGACCTCAACCTATACTTTAGG-1,GSM8848585,11,Prostate epithelial - luminal,0.10917285,True,CNV_high_candidate
GSM8848585_AGGGACCTCGGTTCACACTTTAGG-1,GSM8848585,7,Neuroendocrine-like,0.034522656,False,CNV_low_candidate
GSM8848585_AGGGACCTCTGTGACCACTTTAGG-1,GSM8848585,11,Prostate epithelial - luminal,0.17067163,True,CNV_high_candidate
GSM8848585_AGGGAGTAGGAGGCCTACTTTAGG-1,GSM8848585,8,Cycling,0.06269658,False,not_assessed
GSM8848585_AGGGAGTAGTAAGCACACTTTAGG-1,GSM8848585,8,Cycling,0.030357512,False,not_assessed
GSM8848585_AGGGCTTCACCAACAAACTTTAGG-1,GSM8848585,9,Neuroendocrine-like,0.083007485,False,CNV_low_candidate
GSM8848585_AGGGCTTCATAACCGAACTTTAGG-1,GSM8848585,4,Fibroblast,0.074034765,False,reference_like
GSM8848585_AGGGCTTCATAGGCGTACTTTAGG-1,GSM8848585,7,Neuroendocrine-like,0.026109125,False,CNV_low_candidate
GSM8848585_AGGGCTTCATGTTTCAACTTTAGG-1,GSM8848585,4,Fibroblast,0.07224466,False,reference_like
GSM8848585_AGGGTCCAGGTGGATTACTTTAGG-1,GSM8848585,7,Neuroendocrine-like,0.05513945,False,CNV_low_candidate
GSM8848585_AGGGTCCAGGTGTCCTACTTTAGG-1,GSM8848585,13,Neuroendocrine-like,0.05493506,False,CNV_low_candidate
GSM8848585_AGGGTGGAGTGTGAGTACTTTAGG-1,GSM8848585,4,Fibroblast,0.0446714,False,reference_like
GSM8848585_AGGGTTAGTATTGACCACTTTAGG-1,GSM8848585,12,Stress/hypoxia-like,0.028764082,False,not_assessed
GSM8848585_AGGGTTAGTCAGTGCCACTTTAGG-1,GSM8848585,7,Neuroendocrine-like,0.03451253,False,CNV_low_candidate
GSM8848585_AGGGTTAGTCGAGGCAACTTTAGG-1,GSM8848585,11,Prostate epithelial - luminal,0.07291562,False,CNV_low_candidate
GSM8848585_AGGGTTAGTGTCCAATACTTTAGG-1,GSM8848585,13,Neuroendocrine-like,0.034181435,False,CNV_low_candidate
GSM8848585_AGGTGAGCAACGTTAGACTTTAGG-1,GSM8848585,7,Neuroendocrine-like,0.023356998,False,CNV_low_candidate
GSM8848585_AGGTGAGCAATCGTGAACTTTAGG-1,GSM8848585,13,Neuroendocrine-like,0.037480928,False,CNV_low_candidate
GSM8848585_AGGTGAGCACAAATACACTTTAGG-1,GSM8848585,11,Prostate epithelial - luminal,0.09905391,False,CNV_low_candidate
GSM8848585_AGGTGAGCACCTAAAGACTTTAGG-1,GSM8848585,13,Neuroendocrine-like,0.025873033,False,CNV_low_candidate
GSM8848585_AGGTGAGCACTCAATCACTTTAGG-1,GSM8848585,11,Prostate epithelial - luminal,0.050897464,False,CNV_low_candidate
GSM8848585_AGGTGATTCCTAAAGAACTTTAGG-1,GSM8848585,11,Prostate epithelial - luminal,0.05624869,False,CNV_low_candidate
GSM8848585_AGGTGGGAGAGCAACTACTTTAGG-1,GSM8848585,8,Cycling,0.045026634,False,not_assessed
GSM8848585_AGGTGGGAGAGGTTTAACTTTAGG-1,GSM8848585,11,Prostate epithelial - luminal,0.13941607,True,CNV_high_candidate
GSM8848585_AGGTGGGAGTACCAGGACTTTAGG-1,GSM8848585,14,Epithelial-like - uncertain,0.060248945,False,CNV_low_candidate
GSM8848585_AGGTGGGAGTGTTTGTACTTTAGG-1,GSM8848585,8,Cycling,0.06751162,False,not_assessed
GSM8848585_AGGTTAATCAGCGAATACTTTAGG-1,GSM8848585,7,Neuroendocrine-like,0.042326633,False,CNV_low_candidate
GSM8848585_AGGTTAATCCTCAAGCACTTTAGG-1,GSM8848585,11,Prostate epithelial - luminal,0.06993471,False,CNV_low_candidate
GSM8848585_AGGTTCGAGCCGCTATACTTTAGG-1,GSM8848585,14,Epithelial-like - uncertain,0.07532928,False,CNV_low_candidate
GSM8848585_AGGTTCGAGCTCATTGACTTTAGG-1,GSM8848585,13,Neuroendocrine-like,0.024403421,False,CNV_low_candidate
GSM8848585_AGGTTCTGTTGCACGCACTTTAGG-1,GSM8848585,8,Cycling,0.035039417,False,not_assessed
GSM8848585_AGGTTGAGTCGTAATCACTTTAGG-1,GSM8848585,11,Prostate epithelial - luminal,0.039720673,False,CNV_low_candidate
GSM8848585_AGGTTGAGTGCGCATCACTTTAGG-1,GSM8848585,8,Cycling,0.09750753,False,not_assessed
GSM8848585_AGTAAACGTCATTTAGACTTTAGG-1,GSM8848585,9,Neuroendocrine-like,0.02483193,False,CNV_low_candidate
GSM8848585_AGTAAACGTGAACGGTACTTTAGG-1,GSM8848585,11,Prostate epithelial - luminal,0.11858913,True,CNV_high_candidate
GSM8848585_AGTAAACGTTAGGCTTACTTTAGG-1,GSM8848585,9,Neuroendocrine-like,0.024339663,False,CNV_low_candidate
GSM8848585_AGTAAACGTTGCACGCACTTTAGG-1,GSM8848585,9,Neuroendocrine-like,0.0219319,False,CNV_low_candidate
GSM8848585_AGTAACCAGGTATGGTACTTTAGG-1,GSM8848585,4,Fibroblast,0.018810485,False,reference_like
GSM8848585_AGTAAGCTCGTAGTTTACTTTAGG-1,GSM8848585,8,Cycling,0.04244502,False,not_assessed
GSM8848585_AGTAAGCTCTAATCACACTTTAGG-1,GSM8848585,4,Fibroblast,0.050518233,False,reference_like
GSM8848585_AGTAAGTGTTAAGCCTACTTTAGG-1,GSM8848585,7,Neuroendocrine-like,0.050955202,False,CNV_low_candidate
GSM8848585_AGTACTGCACGTAGTAACTTTAGG-1,GSM8848585,11,Prostate epithelial - luminal,0.16523278,True,CNV_high_candidate
GSM8848585_AGTAGGCGTTGCACGCACTTTAGG-1,GSM8848585,13,Neuroendocrine-like,0.04678521,False,CNV_low_candidate
GSM8848585_AGTAGGTTCAATCGCCACTTTAGG-1,GSM8848585,9,Neuroendocrine-like,0.054331288,False,CNV_low_candidate
GSM8848585_AGTAGGTTCTAATCACACTTTAGG-1,GSM8848585,9,Neuroendocrine-like,0.022559887,False,CNV_low_candidate
GSM8848585_AGTATCCGTAAAGCGCACTTTAGG-1,GSM8848585,8,Cycling,0.02779467,False,not_assessed
GSM8848585_AGTATCCGTAATGGTGACTTTAGG-1,GSM8848585,11,Prostate epithelial - luminal,0.117024176,True,CNV_high_candidate
GSM8848585_AGTATCCGTGAATCTCACTTTAGG-1,GSM8848585,9,Neuroendocrine-like,0.028160302,False,CNV_low_candidate
GSM8848585_AGTCAATCAGTTAAACACTTTAGG-1,GSM8848585,7,Neuroendocrine-like,0.025008664,False,CNV_low_candidate
GSM8848585_AGTCAATCATAACCAGACTTTAGG-1,GSM8848585,7,Neuroendocrine-like,0.020077255,False,CNV_low_candidate
GSM8848585_AGTCACACATAACCGAACTTTAGG-1,GSM8848585,4,Fibroblast,0.05231366,False,reference_like
GSM8848585_AGTCAGCCAACCGTAAACTTTAGG-1,GSM8848585,4,Fibroblast,0.049799923,False,reference_like
GSM8848585_AGTCAGCCATTGCCTGACTTTAGG-1,GSM8848585,11,Prostate epithelial - luminal,0.119290225,True,CNV_high_candidate
GSM8848585_AGTCATAAGGATGCATACTTTAGG-1,GSM8848585,9,Neuroendocrine-like,0.045156457,False,CNV_low_candidate
GSM8848585_AGTCATAAGGCAGGCTACTTTAGG-1,GSM8848585,8,Cycling,0.022442346,False,not_assessed
GSM8848585_AGTCATAAGGCCATGAACTTTAGG-1,GSM8848585,3,Endothelial,0.019076852,False,reference_like
GSM8848585_AGTCATAAGGGTGGGAACTTTAGG-1,GSM8848585,14,Epithelial-like - uncertain,0.0904736,False,CNV_low_candidate
GSM8848585_AGTCATAAGGGTTACGACTTTAGG-1,GSM8848585,9,Neuroendocrine-like,0.022750787,False,CNV_low_candidate
GSM8848585_AGTCGCGCAAATAACCACTTTAGG-1,GSM8848585,9,Neuroendocrine-like,0.028762998,False,CNV_low_candidate
GSM8848585_AGTCGCGCAAGACATTACTTTAGG-1,GSM8848585,9,Neuroendocrine-like,0.04383691,False,CNV_low_candidate
GSM8848585_AGTCGCGCACAACAATACTTTAGG-1,GSM8848585,13,Neuroendocrine-like,0.03389845,False,CNV_low_candidate
GSM8848585_AGTCGCGCACAATGGCACTTTAGG-1,GSM8848585,9,Neuroendocrine-like,0.039675783,False,CNV_low_candidate
GSM8848585_AGTCGCGCATTAGTGGACTTTAGG-1,GSM8848585,11,Prostate epithelial - luminal,0.06622373,False,CNV_low_candidate
GSM8848585_AGTCGTTGTGAATCTCACTTTAGG-1,GSM8848585,13,Neuroendocrine-like,0.07167868,False,CNV_low_candidate
GSM8848585_AGTGACCCAACAGCTAACTTTAGG-1,GSM8848585,8,Cycling,0.03221496,False,not_assessed
GSM8848585_AGTGAGAAGATTGCAAACTTTAGG-1,GSM8848585,4,Fibroblast,0.04497539,False,reference_like
GSM8848585_AGTGAGAAGTCTACCAACTTTAGG-1,GSM8848585,11,Prostate epithelial - luminal,0.09325502,False,CNV_low_candidate
GSM8848585_AGTGATCAGCCATCACACTTTAGG-1,GSM8848585,9,Neuroendocrine-like,0.044809528,False,CNV_low_candidate
GSM8848585_AGTGATGGTAATGGATACTTTAGG-1,GSM8848585,9,Neuroendocrine-like,0.029558312,False,CNV_low_candidate
GSM8848585_AGTGATGGTTAAGTCCACTTTAGG-1,GSM8848585,8,Cycling,0.01897025,False,not_assessed
GSM8848585_AGTGATTCAAACCGGTACTTTAGG-1,GSM8848585,13,Neuroendocrine-like,0.0437057,False,CNV_low_candidate
GSM8848585_AGTGATTCACCACAAAACTTTAGG-1,GSM8848585,8,Cycling,0.04486089,False,not_assessed
GSM8848585_AGTGCAAGTACCGTTGACTTTAGG-1,GSM8848585,11,Prostate epithelial - luminal,0.062626176,False,CNV_low_candidate
GSM8848585_AGTGCAAGTTGAGGACACTTTAGG-1,GSM8848585,13,Neuroendocrine-like,0.09066,False,CNV_low_candidate
GSM8848585_AGTGCGGGTTCTCAAAACTTTAGG-1,GSM8848585,12,Stress/hypoxia-like,0.02086954,False,not_assessed
GSM8848585_AGTGGATTCAACCAAAACTTTAGG-1,GSM8848585,11,Prostate epithelial - luminal,0.115437694,True,CNV_high_candidate
GSM8848585_AGTGGATTCACACAAAACTTTAGG-1,GSM8848585,9,Neuroendocrine-like,0.05303688,False,CNV_low_candidate
GSM8848585_AGTGGATTCATTGAGAACTTTAGG-1,GSM8848585,9,Neuroendocrine-like,0.073392384,False,CNV_low_candidate
GSM8848585_AGTGGCGGTATTGACCACTTTAGG-1,GSM8848585,4,Fibroblast,0.042501066,False,reference_like
GSM8848585_AGTGGCGGTTGGCGAGACTTTAGG-1,GSM8848585,11,Prostate epithelial - luminal,0.13473278,True,CNV_high_candidate
GSM8848585_AGTGGGTGTAGCCATTACTTTAGG-1,GSM8848585,7,Neuroendocrine-like,0.05671785,False,CNV_low_candidate
GSM8848585_AGTGGGTGTCGTCCAAACTTTAGG-1,GSM8848585,7,Neuroendocrine-like,0.054198835,False,CNV_low_candidate
GSM8848585_AGTTACGCACACCCACACTTTAGG-1,GSM8848585,4,Fibroblast,0.13174082,True,reference_like
GSM8848585_AGTTACGCACGTAGTAACTTTAGG-1,GSM8848585,8,Cycling,0.06191658,False,not_assessed
GSM8848585_AGTTAGGGTTAAGCCTACTTTAGG-1,GSM8848585,4,Fibroblast,0.04135215,False,reference_like
GSM8848585_AGTTAGGGTTAAGGATACTTTAGG-1,GSM8848585,9,Neuroendocrine-like,0.025141187,False,CNV_low_candidate
GSM8848585_AGTTAGGGTTGACCCAACTTTAGG-1,GSM8848585,8,Cycling,0.029180897,False,not_assessed
GSM8848585_AGTTATCTCAAACCAAACTTTAGG-1,GSM8848585,4,Fibroblast,0.11653474,True,reference_like
GSM8848585_AGTTATCTCACTCGCGACTTTAGG-1,GSM8848585,8,Cycling,0.026539762,False,not_assessed
GSM8848585_AGTTATCTCCATAAAGACTTTAGG-1,GSM8848585,4,Fibroblast,0.041277744,False,reference_like
GSM8848585_AGTTATCTCGGCTAGAACTTTAGG-1,GSM8848585,8,Cycling,0.04205675,False,not_assessed
GSM8848585_AGTTCCTCACACTAAGACTTTAGG-1,GSM8848585,8,Cycling,0.034441236,False,not_assessed
GSM8848585_AGTTCCTCAGGCTAACACTTTAGG-1,GSM8848585,11,Prostate epithelial - luminal,0.1073328,True,CNV_high_candidate
GSM8848585_AGTTGCCTCGAGGCGTACTTTAGG-1,GSM8848585,13,Neuroendocrine-like,0.055730604,False,CNV_low_candidate
GSM8848585_AGTTGCCTCTGGGAATACTTTAGG-1,GSM8848585,9,Neuroendocrine-like,0.026341511,False,CNV_low_candidate
GSM8848585_AGTTGGCCAATCCACTACTTTAGG-1,GSM8848585,9,Neuroendocrine-like,0.041629788,False,CNV_low_candidate
GSM8848585_AGTTGGCCAATGGGAGACTTTAGG-1,GSM8848585,7,Neuroendocrine-like,0.033057235,False,CNV_low_candidate
GSM8848585_AGTTGGCCATTGGGTAACTTTAGG-1,GSM8848585,11,Prostate epithelial - luminal,0.044054233,False,CNV_low_candidate
GSM8848585_ATAAACCCAATACTGGACTTTAGG-1,GSM8848585,9,Neuroendocrine-like,0.038854953,False,CNV_low_candidate
GSM8848585_ATAAACCCATCATCACACTTTAGG-1,GSM8848585,11,Prostate epithelial - luminal,0.1562449,True,CNV_high_candidate
GSM8848585_ATAAAGGCAATGGATTACTTTAGG-1,GSM8848585,9,Neuroendocrine-like,0.025319839,False,CNV_low_candidate
GSM8848585_ATAAAGGCAGGTGACTACTTTAGG-1,GSM8848585,8,Cycling,0.040914062,False,not_assessed
GSM8848585_ATAAAGGCATTTCATGACTTTAGG-1,GSM8848585,9,Neuroendocrine-like,0.019486835,False,CNV_low_candidate
GSM8848585_ATAACCAAGCCATCGTACTTTAGG-1,GSM8848585,11,Prostate epithelial - luminal,0.15705742,True,CNV_high_candidate
GSM8848585_ATAACCAAGGAGTCATACTTTAGG-1,GSM8848585,9,Neuroendocrine-like,0.0426451,False,CNV_low_candidate
GSM8848585_ATAACCCGTAGCCAAAACTTTAGG-1,GSM8848585,11,Prostate epithelial - luminal,0.076843224,False,CNV_low_candidate
GSM8848585_ATAAGCATCCTAAGGGACTTTAGG-1,GSM8848585,8,Cycling,0.04677158,False,not_assessed
GSM8848585_ATAAGCATCCTGCAACACTTTAGG-1,GSM8848585,11,Prostate epithelial - luminal,0.091497816,False,CNV_low_candidate
GSM8848585_ATAAGCCAGCCAGAGCACTTTAGG-1,GSM8848585,11,Prostate epithelial - luminal,0.091611594,False,CNV_low_candidate
GSM8848585_ATAAGGTGTAATGAACACTTTAGG-1,GSM8848585,9,Neuroendocrine-like,0.018642962,False,CNV_low_candidate
GSM8848585_ATAATGGTCTCAAGAAACTTTAGG-1,GSM8848585,8,Cycling,0.028608043,False,not_assessed
GSM8848585_ATACCCGGTAACTTGCACTTTAGG-1,GSM8848585,11,Prostate epithelial - luminal,0.11059502,True,CNV_high_candidate
GSM8848585_ATACCCGGTTAGGTGAACTTTAGG-1,GSM8848585,9,Neuroendocrine-like,0.015711017,False,CNV_low_candidate
GSM8848585_ATACCTGTCCCTCATTACTTTAGG-1,GSM8848585,7,Neuroendocrine-like,0.031844106,False,CNV_low_candidate
GSM8848585_ATACCTGTCGAACCGAACTTTAGG-1,GSM8848585,7,Neuroendocrine-like,0.06889794,False,CNV_low_candidate
GSM8848585_ATACCTGTCGTAGTTTACTTTAGG-1,GSM8848585,11,Prostate epithelial - luminal,0.022966377,False,CNV_low_candidate
GSM8848585_ATACCTGTCTATTGACACTTTAGG-1,GSM8848585,9,Neuroendocrine-like,0.024451679,False,CNV_low_candidate
GSM8848585_ATACCTGTCTCACTAGACTTTAGG-1,GSM8848585,9,Neuroendocrine-like,0.020615444,False,CNV_low_candidate
GSM8848585_ATACCTTAGAAAGGCAACTTTAGG-1,GSM8848585,9,Neuroendocrine-like,0.05651694,False,CNV_low_candidate
GSM8848585_ATACCTTAGACTTAAGACTTTAGG-1,GSM8848585,7,Neuroendocrine-like,0.026946995,False,CNV_low_candidate
GSM8848585_ATACCTTAGCACTACCACTTTAGG-1,GSM8848585,9,Neuroendocrine-like,0.026579877,False,CNV_low_candidate
GSM8848585_ATACCTTAGTAATGGCACTTTAGG-1,GSM8848585,9,Neuroendocrine-like,0.02383165,False,CNV_low_candidate
GSM8848585_ATACCTTAGTATCGCCACTTTAGG-1,GSM8848585,11,Prostate epithelial - luminal,0.069653496,False,CNV_low_candidate
GSM8848585_ATACCTTAGTCCTGACACTTTAGG-1,GSM8848585,7,Neuroendocrine-like,0.027920937,False,CNV_low_candidate
GSM8848585_ATACGTAAGATAGCTAACTTTAGG-1,GSM8848585,4,Fibroblast,0.04481666,False,reference_like
GSM8848585_ATACGTAAGCAAACCGACTTTAGG-1,GSM8848585,7,Neuroendocrine-like,0.01909411,False,CNV_low_candidate
GSM8848585_ATACTGGCACACAAATACTTTAGG-1,GSM8848585,11,Prostate epithelial - luminal,0.13166209,True,CNV_high_candidate
GSM8848585_ATACTGGCAGCACCTCACTTTAGG-1,GSM8848585,4,Fibroblast,0.025449706,False,reference_like
GSM8848585_ATACTGTTCCTGCCAGACTTTAGG-1,GSM8848585,9,Neuroendocrine-like,0.030820986,False,CNV_low_candidate
GSM8848585_ATACTGTTCGGTACCTACTTTAGG-1,GSM8848585,8,Cycling,0.12488449,True,not_assessed
GSM8848585_ATAGAAGCAAGCGATCACTTTAGG-1,GSM8848585,8,Cycling,0.037153684,False,not_assessed
GSM8848585_ATAGAAGCAATTCGGAACTTTAGG-1,GSM8848585,11,Prostate epithelial - luminal,0.111567095,True,CNV_high_candidate
GSM8848585_ATAGAAGCACATAGTGACTTTAGG-1,GSM8848585,7,Neuroendocrine-like,0.014253409,False,CNV_low_candidate
GSM8848585_ATAGAAGCATGAGGGAACTTTAGG-1,GSM8848585,4,Fibroblast,0.04608305,False,reference_like
GSM8848585_ATAGACTCAATGAATCACTTTAGG-1,GSM8848585,11,Prostate epithelial - luminal,0.12511371,True,CNV_high_candidate
GSM8848585_ATAGACTCACTTTACAACTTTAGG-1,GSM8848585,11,Prostate epithelial - luminal,0.100344636,True,CNV_high_candidate
GSM8848585_ATAGACTCACTTTATGACTTTAGG-1,GSM8848585,9,Neuroendocrine-like,0.0387567,False,CNV_low_candidate
GSM8848585_ATAGCAGGTACGCACCACTTTAGG-1,GSM8848585,8,Cycling,0.024178432,False,not_assessed
GSM8848585_ATAGCAGGTATTGCGTACTTTAGG-1,GSM8848585,7,Neuroendocrine-like,0.023053844,False,CNV_low_candidate
GSM8848585_ATAGCAGGTCCCTCATACTTTAGG-1,GSM8848585,9,Neuroendocrine-like,0.028078059,False,CNV_low_candidate
GSM8848585_ATAGCAGGTGTGATGAACTTTAGG-1,GSM8848585,14,Epithelial-like - uncertain,0.035040163,False,CNV_low_candidate
GSM8848585_ATAGCGAGTAACCGCCACTTTAGG-1,GSM8848585,13,Neuroendocrine-like,0.04577687,False,CNV_low_candidate
GSM8848585_ATAGCGAGTCATTACAACTTTAGG-1,GSM8848585,7,Neuroendocrine-like,0.021117384,False,CNV_low_candidate
GSM8848585_ATAGCGAGTTTATGGCACTTTAGG-1,GSM8848585,7,Neuroendocrine-like,0.021730239,False,CNV_low_candidate
GSM8848585_ATAGCTTTCATGACAAACTTTAGG-1,GSM8848585,13,Neuroendocrine-like,0.02904807,False,CNV_low_candidate
GSM8848585_ATAGCTTTCCTCTAAGACTTTAGG-1,GSM8848585,7,Neuroendocrine-like,0.03760803,False,CNV_low_candidate
GSM8848585_ATAGCTTTCCTTTAGGACTTTAGG-1,GSM8848585,9,Neuroendocrine-like,0.02198542,False,CNV_low_candidate
GSM8848585_ATAGCTTTCGGTACAGACTTTAGG-1,GSM8848585,9,Neuroendocrine-like,0.023496276,False,CNV_low_candidate
GSM8848585_ATAGGCGTCGATTGGGACTTTAGG-1,GSM8848585,11,Prostate epithelial - luminal,0.06551808,False,CNV_low_candidate
GSM8848585_ATAGGCTAGAACCTCCACTTTAGG-1,GSM8848585,11,Prostate epithelial - luminal,0.04273419,False,CNV_low_candidate
GSM8848585_ATAGGCTAGGCTTAAAACTTTAGG-1,GSM8848585,9,Neuroendocrine-like,0.035090376,False,CNV_low_candidate
GSM8848585_ATAGGCTAGGGCCTTTACTTTAGG-1,GSM8848585,7,Neuroendocrine-like,0.027914358,False,CNV_low_candidate
GSM8848585_ATAGGCTAGTTGACCCACTTTAGG-1,GSM8848585,9,Neuroendocrine-like,0.028402759,False,CNV_low_candidate
GSM8848585_ATATAGCCAAATAGGAACTTTAGG-1,GSM8848585,8,Cycling,0.026286924,False,not_assessed
GSM8848585_ATATAGCCAATAACCGACTTTAGG-1,GSM8848585,9,Neuroendocrine-like,0.025024062,False,CNV_low_candidate
GSM8848585_ATATAGGTCACAGGGCACTTTAGG-1,GSM8848585,6,Macrophage,0.030448928,False,reference_like
GSM8848585_ATATAGGTCACTTGATACTTTAGG-1,GSM8848585,13,Neuroendocrine-like,0.028884068,False,CNV_low_candidate
GSM8848585_ATATAGGTCGACTTGCACTTTAGG-1,GSM8848585,9,Neuroendocrine-like,0.050562195,False,CNV_low_candidate
GSM8848585_ATATAGGTCGTAACTTACTTTAGG-1,GSM8848585,4,Fibroblast,0.023207314,False,reference_like
GSM8848585_ATATCGAAGCAAACTAACTTTAGG-1,GSM8848585,7,Neuroendocrine-like,0.020736849,False,CNV_low_candidate
GSM8848585_ATATCGAAGCGAAGCCACTTTAGG-1,GSM8848585,7,Neuroendocrine-like,0.07405643,False,CNV_low_candidate
GSM8848585_ATATGCAAGGAAGCCCACTTTAGG-1,GSM8848585,4,Fibroblast,0.06823444,False,reference_like
GSM8848585_ATATGCAAGGCTCCATACTTTAGG-1,GSM8848585,9,Neuroendocrine-like,0.03476281,False,CNV_low_candidate
GSM8848585_ATATTCGGTTGGGCGAACTTTAGG-1,GSM8848585,7,Neuroendocrine-like,0.026162505,False,CNV_low_candidate
GSM8848585_ATCAGCACAAGATAAGACTTTAGG-1,GSM8848585,11,Prostate epithelial - luminal,0.093559295,False,CNV_low_candidate
GSM8848585_ATCAGCACACAGCCAGACTTTAGG-1,GSM8848585,7,Neuroendocrine-like,0.021503013,False,CNV_low_candidate
GSM8848585_ATCATCAGTACTTACAACTTTAGG-1,GSM8848585,9,Neuroendocrine-like,0.02859112,False,CNV_low_candidate
GSM8848585_ATCCCAATCAGGCCAAACTTTAGG-1,GSM8848585,4,Fibroblast,0.022820296,False,reference_like
GSM8848585_ATCCCAATCATGGATAACTTTAGG-1,GSM8848585,9,Neuroendocrine-like,0.047462977,False,CNV_low_candidate
GSM8848585_ATCCCAATCTAGCCTAACTTTAGG-1,GSM8848585,7,Neuroendocrine-like,0.023590779,False,CNV_low_candidate
GSM8848585_ATCCTTGAGCAACATAACTTTAGG-1,GSM8848585,9,Neuroendocrine-like,0.056539964,False,CNV_low_candidate
GSM8848585_ATCCTTGAGGGTGGGAACTTTAGG-1,GSM8848585,9,Neuroendocrine-like,0.10977433,True,CNV_high_candidate
GSM8848585_ATCCTTTGTAAATAGCACTTTAGG-1,GSM8848585,11,Prostate epithelial - luminal,0.11112771,True,CNV_high_candidate
GSM8848585_ATCCTTTGTAACTAGGACTTTAGG-1,GSM8848585,11,Prostate epithelial - luminal,0.06800542,False,CNV_low_candidate
GSM8848585_ATCCTTTGTCTTTATCACTTTAGG-1,GSM8848585,9,Neuroendocrine-like,0.061724234,False,CNV_low_candidate
GSM8848585_ATCCTTTGTGCGATAAACTTTAGG-1,GSM8848585,11,Prostate epithelial - luminal,0.03568119,False,CNV_low_candidate
GSM8848585_ATCCTTTGTTGCCTGAACTTTAGG-1,GSM8848585,11,Prostate epithelial - luminal,0.07517089,False,CNV_low_candidate
GSM8848585_ATCGAACAGGCCTTCGACTTTAGG-1,GSM8848585,8,Cycling,0.05855477,False,not_assessed
GSM8848585_ATCGAACAGGTAAGTCACTTTAGG-1,GSM8848585,11,Prostate epithelial - luminal,0.10171111,True,CNV_high_candidate
GSM8848585_ATCGATGCAGGCTTAAACTTTAGG-1,GSM8848585,9,Neuroendocrine-like,0.020843444,False,CNV_low_candidate
GSM8848585_ATCGATTTCAATGGGTACTTTAGG-1,GSM8848585,9,Neuroendocrine-like,0.022129033,False,CNV_low_candidate
GSM8848585_ATCGATTTCCACAACCACTTTAGG-1,GSM8848585,7,Neuroendocrine-like,0.023610825,False,CNV_low_candidate
GSM8848585_ATCGATTTCTCAAGAAACTTTAGG-1,GSM8848585,9,Neuroendocrine-like,0.042847406,False,CNV_low_candidate
GSM8848585_ATCGCGCGTAACTACCACTTTAGG-1,GSM8848585,4,Fibroblast,0.030030629,False,reference_like
GSM8848585_ATCGCGCGTAGTCATCACTTTAGG-1,GSM8848585,7,Neuroendocrine-like,0.021636639,False,CNV_low_candidate
GSM8848585_ATCGCGCGTCAAAGATACTTTAGG-1,GSM8848585,9,Neuroendocrine-like,0.022519207,False,CNV_low_candidate
GSM8848585_ATCGCGCGTTCTTACTACTTTAGG-1,GSM8848585,9,Neuroendocrine-like,0.0451819,False,CNV_low_candidate
GSM8848585_ATCGCTCAGCCATAAAACTTTAGG-1,GSM8848585,12,Stress/hypoxia-like,0.024042513,False,not_assessed
GSM8848585_ATCGCTCAGGCTACTCACTTTAGG-1,GSM8848585,9,Neuroendocrine-like,0.07440692,False,CNV_low_candidate
GSM8848585_ATCGCTCAGGTTAGTAACTTTAGG-1,GSM8848585,11,Prostate epithelial - luminal,0.11347408,True,CNV_high_candidate
GSM8848585_ATCGGGCAGGTCAAACACTTTAGG-1,GSM8848585,11,Prostate epithelial - luminal,0.119746745,True,CNV_high_candidate
GSM8848585_ATCGGGCAGTAATGGCACTTTAGG-1,GSM8848585,13,Neuroendocrine-like,0.034393195,False,CNV_low_candidate
GSM8848585_ATCGTGACATCCAAGAACTTTAGG-1,GSM8848585,8,Cycling,0.027093643,False,not_assessed
GSM8848585_ATCGTGACATGACATGACTTTAGG-1,GSM8848585,9,Neuroendocrine-like,0.064340554,False,CNV_low_candidate
GSM8848585_ATCGTGCTCGACTTTGACTTTAGG-1,GSM8848585,7,Neuroendocrine-like,0.025810892,False,CNV_low_candidate
GSM8848585_ATCGTGCTCGTTAGGGACTTTAGG-1,GSM8848585,8,Cycling,0.038791012,False,not_assessed
GSM8848585_ATCGTTAGTAATGAACACTTTAGG-1,GSM8848585,7,Neuroendocrine-like,0.021571264,False,CNV_low_candidate
GSM8848585_ATCGTTAGTAGCTTTAACTTTAGG-1,GSM8848585,3,Endothelial,0.037199862,False,reference_like
GSM8848585_ATCGTTAGTCTCAGCAACTTTAGG-1,GSM8848585,4,Fibroblast,0.10401305,True,reference_like
GSM8848585_ATCGTTAGTTCCAGCAACTTTAGG-1,GSM8848585,11,Prostate epithelial - luminal,0.09661404,False,CNV_low_candidate
GSM8848585_ATCTAGCGTGAACGACACTTTAGG-1,GSM8848585,11,Prostate epithelial - luminal,0.020048026,False,CNV_low_candidate
GSM8848585_ATCTAGCGTTAGAGGCACTTTAGG-1,GSM8848585,14,Epithelial-like - uncertain,0.10791374,True,CNV_high_candidate
GSM8848585_ATCTAGCGTTTAACCAACTTTAGG-1,GSM8848585,9,Neuroendocrine-like,0.06810952,False,CNV_low_candidate
GSM8848585_ATCTTAGGTATTCAGCACTTTAGG-1,GSM8848585,8,Cycling,0.024971081,False,not_assessed
GSM8848585_ATCTTAGGTCGTAAAGACTTTAGG-1,GSM8848585,7,Neuroendocrine-like,0.048626255,False,CNV_low_candidate
GSM8848585_ATGAAAGCAACTTCGTACTTTAGG-1,GSM8848585,9,Neuroendocrine-like,0.038050402,False,CNV_low_candidate
GSM8848585_ATGAGGAAGTGAATCAACTTTAGG-1,GSM8848585,9,Neuroendocrine-like,0.048340186,False,CNV_low_candidate
GSM8848585_ATGAGGTTCGCTCAACACTTTAGG-1,GSM8848585,8,Cycling,0.14641988,True,not_assessed
GSM8848585_ATGAGGTTCTGGCCCAACTTTAGG-1,GSM8848585,9,Neuroendocrine-like,0.08056857,False,CNV_low_candidate
GSM8848585_ATGATCAAGACATAGCACTTTAGG-1,GSM8848585,8,Cycling,0.021863043,False,not_assessed
GSM8848585_ATGATCAAGACGCATGACTTTAGG-1,GSM8848585,11,Prostate epithelial - luminal,0.09882218,False,CNV_low_candidate
GSM8848585_ATGATCAAGCACCTTAACTTTAGG-1,GSM8848585,9,Neuroendocrine-like,0.03148202,False,CNV_low_candidate
GSM8848585_ATGCAACAGACAACTAACTTTAGG-1,GSM8848585,6,Macrophage,0.05731534,False,reference_like
GSM8848585_ATGCAACAGATGCAACACTTTAGG-1,GSM8848585,8,Cycling,0.038944494,False,not_assessed
GSM8848585_ATGCAACAGATTCGTTACTTTAGG-1,GSM8848585,11,Prostate epithelial - luminal,0.07630621,False,CNV_low_candidate
GSM8848585_ATGCAACAGCAAACCGACTTTAGG-1,GSM8848585,9,Neuroendocrine-like,0.07029183,False,CNV_low_candidate
GSM8848585_ATGCACCTCATTGAAGACTTTAGG-1,GSM8848585,9,Neuroendocrine-like,0.05961879,False,CNV_low_candidate
GSM8848585_ATGCACCTCCACAACCACTTTAGG-1,GSM8848585,9,Neuroendocrine-like,0.06485904,False,CNV_low_candidate
GSM8848585_ATGCATTTCCGCCATGACTTTAGG-1,GSM8848585,9,Neuroendocrine-like,0.0456011,False,CNV_low_candidate
GSM8848585_ATGCCTATCACAAAGCACTTTAGG-1,GSM8848585,9,Neuroendocrine-like,0.021590974,False,CNV_low_candidate
GSM8848585_ATGCCTATCCAACTTGACTTTAGG-1,GSM8848585,11,Prostate epithelial - luminal,0.077768266,False,CNV_low_candidate
GSM8848585_ATGCCTATCTAATTGCACTTTAGG-1,GSM8848585,7,Neuroendocrine-like,0.021778708,False,CNV_low_candidate
GSM8848585_ATGCGATAGGTATGGTACTTTAGG-1,GSM8848585,11,Prostate epithelial - luminal,0.08852257,False,CNV_low_candidate
GSM8848585_ATGCGCAAGATGCCTCACTTTAGG-1,GSM8848585,11,Prostate epithelial - luminal,0.07340358,False,CNV_low_candidate
GSM8848585_ATGCGCAAGCGCCTTGACTTTAGG-1,GSM8848585,4,Fibroblast,0.022407446,False,reference_like
GSM8848585_ATGCGCAAGGACAACTACTTTAGG-1,GSM8848585,13,Neuroendocrine-like,0.06348462,False,CNV_low_candidate
GSM8848585_ATGCGCAAGTAGCGCAACTTTAGG-1,GSM8848585,7,Neuroendocrine-like,0.039488498,False,CNV_low_candidate
GSM8848585_ATGCGCAAGTTACCTGACTTTAGG-1,GSM8848585,9,Neuroendocrine-like,0.043412104,False,CNV_low_candidate
GSM8848585_ATGCGTCTCGATTACTACTTTAGG-1,GSM8848585,3,Endothelial,0.06281467,False,reference_like
GSM8848585_ATGGACCCAGTTATGGACTTTAGG-1,GSM8848585,11,Prostate epithelial - luminal,0.024152622,False,CNV_low_candidate
GSM8848585_ATGGAGGCACGCCACTACTTTAGG-1,GSM8848585,9,Neuroendocrine-like,0.04024959,False,CNV_low_candidate
GSM8848585_ATGGAGGCACTAACAGACTTTAGG-1,GSM8848585,9,Neuroendocrine-like,0.07664657,False,CNV_low_candidate
GSM8848585_ATGGAGGCAGGCAACTACTTTAGG-1,GSM8848585,11,Prostate epithelial - luminal,0.07339991,False,CNV_low_candidate
GSM8848585_ATGGAGGCATCCCAATACTTTAGG-1,GSM8848585,7,Neuroendocrine-like,0.02188382,False,CNV_low_candidate
GSM8848585_ATGGAGGCATGGGTTAACTTTAGG-1,GSM8848585,5,T/NK lymphocyte,0.072669074,False,reference_like
GSM8848585_ATGGATCAGAGGTTCGACTTTAGG-1,GSM8848585,8,Cycling,0.032487392,False,not_assessed
GSM8848585_ATGGATCAGGACTTGGACTTTAGG-1,GSM8848585,11,Prostate epithelial - luminal,0.060056645,False,CNV_low_candidate
GSM8848585_ATGGATCAGTTACTCGACTTTAGG-1,GSM8848585,8,Cycling,0.038473517,False,not_assessed
GSM8848585_ATGGATGGTCGCAATTACTTTAGG-1,GSM8848585,11,Prostate epithelial - luminal,0.067794114,False,CNV_low_candidate
GSM8848585_ATGGATGGTTAACGGAACTTTAGG-1,GSM8848585,11,Prostate epithelial - luminal,0.09101105,False,CNV_low_candidate
GSM8848585_ATGGATTCACAGGCTGACTTTAGG-1,GSM8848585,13,Neuroendocrine-like,0.043083884,False,CNV_low_candidate
GSM8848585_ATGGATTCATGCAATGACTTTAGG-1,GSM8848585,4,Fibroblast,0.08921943,False,reference_like
GSM8848585_ATGGCAGTCATCGATTACTTTAGG-1,GSM8848585,9,Neuroendocrine-like,0.020124381,False,CNV_low_candidate
GSM8848585_ATGGCCTTCAAACTTCACTTTAGG-1,GSM8848585,13,Neuroendocrine-like,0.07108264,False,CNV_low_candidate
GSM8848585_ATGGCCTTCATGGTCCACTTTAGG-1,GSM8848585,12,Stress/hypoxia-like,0.023155993,False,not_assessed
GSM8848585_ATGGCCTTCCTTTCTAACTTTAGG-1,GSM8848585,11,Prostate epithelial - luminal,0.101145886,True,CNV_high_candidate
GSM8848585_ATGGCTTGTGCTGCACACTTTAGG-1,GSM8848585,5,T/NK lymphocyte,0.06848882,False,reference_like
GSM8848585_ATGGCTTGTTGTTGGTACTTTAGG-1,GSM8848585,11,Prostate epithelial - luminal,0.15608698,True,CNV_high_candidate
GSM8848585_ATGGCTTGTTTGCATAACTTTAGG-1,GSM8848585,7,Neuroendocrine-like,0.046966355,False,CNV_low_candidate
GSM8848585_ATGGGACGTAGCGCGAACTTTAGG-1,GSM8848585,8,Cycling,0.13279471,True,not_assessed
GSM8848585_ATGGGCGGTAAGGCCGACTTTAGG-1,GSM8848585,9,Neuroendocrine-like,0.06656358,False,CNV_low_candidate
GSM8848585_ATGGGCGGTGATTAGGACTTTAGG-1,GSM8848585,4,Fibroblast,0.086080134,False,reference_like
GSM8848585_ATGGGTTAGAGGAGGTACTTTAGG-1,GSM8848585,4,Fibroblast,0.08746769,False,reference_like
GSM8848585_ATGGGTTAGGACAAAGACTTTAGG-1,GSM8848585,9,Neuroendocrine-like,0.040811375,False,CNV_low_candidate
GSM8848585_ATGGGTTAGGCGATATACTTTAGG-1,GSM8848585,8,Cycling,0.042662416,False,not_assessed
GSM8848585_ATGGGTTAGGTAACTAACTTTAGG-1,GSM8848585,9,Neuroendocrine-like,0.03224805,False,CNV_low_candidate
GSM8848585_ATGGTAATCAGCGATGACTTTAGG-1,GSM8848585,8,Cycling,0.058806192,False,not_assessed
GSM8848585_ATGGTAATCGTTCGTAACTTTAGG-1,GSM8848585,9,Neuroendocrine-like,0.022720803,False,CNV_low_candidate
GSM8848585_ATGGTAATCTGTCAGCACTTTAGG-1,GSM8848585,9,Neuroendocrine-like,0.08440565,False,CNV_low_candidate
GSM8848585_ATGTAAGTCGCAAATAACTTTAGG-1,GSM8848585,9,Neuroendocrine-like,0.028321318,False,CNV_low_candidate
GSM8848585_ATGTAAGTCGTTAACTACTTTAGG-1,GSM8848585,8,Cycling,0.12352525,True,not_assessed
GSM8848585_ATGTCAAAGGCACAATACTTTAGG-1,GSM8848585,9,Neuroendocrine-like,0.049128704,False,CNV_low_candidate
GSM8848585_ATGTGAGGTCGTAATCACTTTAGG-1,GSM8848585,11,Prostate epithelial - luminal,0.1563778,True,CNV_high_candidate
GSM8848585_ATGTGAGGTGTAATGGACTTTAGG-1,GSM8848585,8,Cycling,0.050341133,False,not_assessed
GSM8848585_ATGTGAGGTTCTCAAAACTTTAGG-1,GSM8848585,11,Prostate epithelial - luminal,0.09954055,True,CNV_high_candidate
GSM8848585_ATGTTAGAGGCCTCTGACTTTAGG-1,GSM8848585,7,Neuroendocrine-like,0.02298876,False,CNV_low_candidate
GSM8848585_ATGTTCCCAAACTTCCACTTTAGG-1,GSM8848585,11,Prostate epithelial - luminal,0.1357771,True,CNV_high_candidate
GSM8848585_ATGTTCCCATCCGCTAACTTTAGG-1,GSM8848585,11,Prostate epithelial - luminal,0.042724103,False,CNV_low_candidate
GSM8848585_ATGTTGCGTTAGTTTGACTTTAGG-1,GSM8848585,13,Neuroendocrine-like,0.039796986,False,CNV_low_candidate
GSM8848585_ATGTTTGGTAGGTGACACTTTAGG-1,GSM8848585,9,Neuroendocrine-like,0.030964648,False,CNV_low_candidate
GSM8848585_ATGTTTGGTTAGTAGGACTTTAGG-1,GSM8848585,13,Neuroendocrine-like,0.028873982,False,CNV_low_candidate
GSM8848585_ATGTTTGGTTCGGTCAACTTTAGG-1,GSM8848585,8,Cycling,0.026537485,False,not_assessed
GSM8848585_ATTACGTTCTGTGACCACTTTAGG-1,GSM8848585,7,Neuroendocrine-like,0.02563728,False,CNV_low_candidate
GSM8848585_ATTATGGAGACTTAAGACTTTAGG-1,GSM8848585,9,Neuroendocrine-like,0.053219832,False,CNV_low_candidate
GSM8848585_ATTATGGAGGTTAGACACTTTAGG-1,GSM8848585,9,Neuroendocrine-like,0.027540907,False,CNV_low_candidate
GSM8848585_ATTCACCCAATAAGGAACTTTAGG-1,GSM8848585,9,Neuroendocrine-like,0.04671472,False,CNV_low_candidate
GSM8848585_ATTCACCCACAACAATACTTTAGG-1,GSM8848585,9,Neuroendocrine-like,0.026111072,False,CNV_low_candidate
GSM8848585_ATTCAGTTCCATAAAGACTTTAGG-1,GSM8848585,7,Neuroendocrine-like,0.11747084,True,CNV_high_candidate
GSM8848585_ATTCAGTTCCTCACTTACTTTAGG-1,GSM8848585,9,Neuroendocrine-like,0.019575702,False,CNV_low_candidate
GSM8848585_ATTCAGTTCGATATGAACTTTAGG-1,GSM8848585,11,Prostate epithelial - luminal,0.13265526,True,CNV_high_candidate
GSM8848585_ATTCGTAGTACTTCAAACTTTAGG-1,GSM8848585,7,Neuroendocrine-like,0.026434407,False,CNV_low_candidate
GSM8848585_ATTCGTAGTTGTCAGTACTTTAGG-1,GSM8848585,4,Fibroblast,0.02329382,False,reference_like
GSM8848585_ATTCGTCCATCATAGGACTTTAGG-1,GSM8848585,9,Neuroendocrine-like,0.08066589,False,CNV_low_candidate
GSM8848585_ATTCGTTAGATTCATCACTTTAGG-1,GSM8848585,8,Cycling,0.045737483,False,not_assessed
GSM8848585_ATTGACCGTGCTCCAAACTTTAGG-1,GSM8848585,11,Prostate epithelial - luminal,0.058236137,False,CNV_low_candidate
GSM8848585_ATTGACCGTTGAGGACACTTTAGG-1,GSM8848585,9,Neuroendocrine-like,0.030869396,False,CNV_low_candidate
GSM8848585_ATTGACCGTTTATCGAACTTTAGG-1,GSM8848585,9,Neuroendocrine-like,0.028011078,False,CNV_low_candidate
GSM8848585_ATTGACTTCGTCAATTACTTTAGG-1,GSM8848585,3,Endothelial,0.040020894,False,reference_like
GSM8848585_ATTGAGCAGACAAAGGACTTTAGG-1,GSM8848585,9,Neuroendocrine-like,0.10723024,True,CNV_high_candidate
GSM8848585_ATTGAGCAGGCGAGTCACTTTAGG-1,GSM8848585,8,Cycling,0.062225047,False,not_assessed
GSM8848585_ATTGAGGGTTGCGAAAACTTTAGG-1,GSM8848585,11,Prostate epithelial - luminal,0.019271575,False,CNV_low_candidate
GSM8848585_ATTGAGGGTTGGCGAGACTTTAGG-1,GSM8848585,5,T/NK lymphocyte,0.052216183,False,reference_like
GSM8848585_ATTGAGGGTTGTTTAGACTTTAGG-1,GSM8848585,11,Prostate epithelial - luminal,0.13815078,True,CNV_high_candidate
GSM8848585_ATTGAGTCACCACACCACTTTAGG-1,GSM8848585,9,Neuroendocrine-like,0.020579608,False,CNV_low_candidate
GSM8848585_ATTGCACGTAAACTGGACTTTAGG-1,GSM8848585,9,Neuroendocrine-like,0.021441475,False,CNV_low_candidate
GSM8848585_ATTGCACGTTAGAGGCACTTTAGG-1,GSM8848585,9,Neuroendocrine-like,0.020621996,False,CNV_low_candidate
GSM8848585_ATTGCATTCCAACAGGACTTTAGG-1,GSM8848585,9,Neuroendocrine-like,0.022244764,False,CNV_low_candidate
GSM8848585_ATTGCCGGTACTTCCCACTTTAGG-1,GSM8848585,4,Fibroblast,0.043806046,False,reference_like
GSM8848585_ATTGCGACAAAGGTAAACTTTAGG-1,GSM8848585,8,Cycling,0.02626439,False,not_assessed
GSM8848585_ATTGCTCCACCGGTAGACTTTAGG-1,GSM8848585,13,Neuroendocrine-like,0.032899402,False,CNV_low_candidate
GSM8848585_ATTGCTCCATCAGGACACTTTAGG-1,GSM8848585,9,Neuroendocrine-like,0.1072703,True,CNV_high_candidate
GSM8848585_ATTGGCGAGCTCATTGACTTTAGG-1,GSM8848585,13,Neuroendocrine-like,0.054111697,False,CNV_low_candidate
GSM8848585_ATTGGCGAGGTTACTTACTTTAGG-1,GSM8848585,11,Prostate epithelial - luminal,0.027914776,False,CNV_low_candidate
GSM8848585_ATTGGCGAGGTTCATTACTTTAGG-1,GSM8848585,11,Prostate epithelial - luminal,0.116270706,True,CNV_high_candidate
GSM8848585_ATTGGCTGTCAAGCTTACTTTAGG-1,GSM8848585,7,Neuroendocrine-like,0.03080184,False,CNV_low_candidate
GSM8848585_ATTGGCTGTGAGAAGGACTTTAGG-1,GSM8848585,8,Cycling,0.021706887,False,not_assessed
GSM8848585_ATTGGGAGTAGTAGGCACTTTAGG-1,GSM8848585,8,Cycling,0.08704786,False,not_assessed
GSM8848585_ATTGGGAGTCGTAACTACTTTAGG-1,GSM8848585,4,Fibroblast,0.06370656,False,reference_like
GSM8848585_ATTGGGAGTGGTGAGTACTTTAGG-1,GSM8848585,7,Neuroendocrine-like,0.03024,False,CNV_low_candidate
GSM8848585_ATTGGGAGTTCGAATCACTTTAGG-1,GSM8848585,9,Neuroendocrine-like,0.024595855,False,CNV_low_candidate
GSM8848585_ATTGTTGGTACCTTAAACTTTAGG-1,GSM8848585,9,Neuroendocrine-like,0.028970327,False,CNV_low_candidate
GSM8848585_ATTGTTGGTAGGTTTCACTTTAGG-1,GSM8848585,7,Neuroendocrine-like,0.0569094,False,CNV_low_candidate
GSM8848585_ATTGTTGGTCCTTCGTACTTTAGG-1,GSM8848585,8,Cycling,0.02412659,False,not_assessed
GSM8848585_ATTTACGGTGTTAGAGACTTTAGG-1,GSM8848585,7,Neuroendocrine-like,0.05433831,False,CNV_low_candidate
GSM8848585_ATTTAGCTCCAAAGGTACTTTAGG-1,GSM8848585,9,Neuroendocrine-like,0.042995747,False,CNV_low_candidate
GSM8848585_ATTTAGCTCCTAAGGGACTTTAGG-1,GSM8848585,11,Prostate epithelial - luminal,0.09208399,False,CNV_low_candidate
GSM8848585_ATTTAGCTCGGGACTAACTTTAGG-1,GSM8848585,9,Neuroendocrine-like,0.05593158,False,CNV_low_candidate
GSM8848585_ATTTAGCTCGGTAAACACTTTAGG-1,GSM8848585,13,Neuroendocrine-like,0.023513813,False,CNV_low_candidate
GSM8848585_ATTTAGCTCTGCCATAACTTTAGG-1,GSM8848585,9,Neuroendocrine-like,0.026441086,False,CNV_low_candidate
GSM8848585_ATTTAGGAGGCCTTCGACTTTAGG-1,GSM8848585,9,Neuroendocrine-like,0.10261603,True,CNV_high_candidate
GSM8848585_ATTTAGGAGTGTTTCGACTTTAGG-1,GSM8848585,13,Neuroendocrine-like,0.05024458,False,CNV_low_candidate
GSM8848585_ATTTCCTGTAGGTTTCACTTTAGG-1,GSM8848585,11,Prostate epithelial - luminal,0.059471637,False,CNV_low_candidate
GSM8848585_ATTTCGAGTAGTAACGACTTTAGG-1,GSM8848585,4,Fibroblast,0.044842254,False,reference_like
GSM8848585_ATTTCGAGTCAATTCAACTTTAGG-1,GSM8848585,9,Neuroendocrine-like,0.030116236,False,CNV_low_candidate
GSM8848585_ATTTCGAGTCATCCTCACTTTAGG-1,GSM8848585,9,Neuroendocrine-like,0.01838247,False,CNV_low_candidate
GSM8848585_ATTTCGAGTGTAATGGACTTTAGG-1,GSM8848585,9,Neuroendocrine-like,0.02750847,False,CNV_low_candidate
GSM8848585_ATTTGCAGTACACCCAACTTTAGG-1,GSM8848585,13,Neuroendocrine-like,0.02781095,False,CNV_low_candidate
GSM8848585_ATTTGCAGTGCGCAAGACTTTAGG-1,GSM8848585,5,T/NK lymphocyte,0.059697255,False,reference_like
GSM8848585_ATTTGCAGTTTCCAAAACTTTAGG-1,GSM8848585,12,Stress/hypoxia-like,0.053487126,False,not_assessed
GSM8848585_ATTTGCCCAAGAAATGACTTTAGG-1,GSM8848585,7,Neuroendocrine-like,0.02606323,False,CNV_low_candidate
GSM8848585_ATTTGGTTCATGCGTCACTTTAGG-1,GSM8848585,4,Fibroblast,0.045210693,False,reference_like
GSM8848585_ATTTGGTTCGCGTTACACTTTAGG-1,GSM8848585,11,Prostate epithelial - luminal,0.08101654,False,CNV_low_candidate
GSM8848585_ATTTGGTTCGTTAACTACTTTAGG-1,GSM8848585,8,Cycling,0.052269634,False,not_assessed
GSM8848585_ATTTGGTTCTCAAACTACTTTAGG-1,GSM8848585,9,Neuroendocrine-like,0.036611162,False,CNV_low_candidate
GSM8848585_ATTTGTCAGAGGTTCGACTTTAGG-1,GSM8848585,11,Prostate epithelial - luminal,0.12802733,True,CNV_high_candidate
GSM8848585_ATTTGTCAGGTTAGACACTTTAGG-1,GSM8848585,14,Epithelial-like - uncertain,0.06986779,False,CNV_low_candidate
GSM8848585_ATTTGTCAGGTTCTTGACTTTAGG-1,GSM8848585,8,Cycling,0.056010034,False,not_assessed
GSM8848585_CAAACAATCAATTTGCACTTTAGG-1,GSM8848585,13,Neuroendocrine-like,0.020731846,False,CNV_low_candidate
GSM8848585_CAAACAATCCTCAAGCACTTTAGG-1,GSM8848585,11,Prostate epithelial - luminal,0.06341426,False,CNV_low_candidate
GSM8848585_CAAACAATCGATTGGGACTTTAGG-1,GSM8848585,3,Endothelial,0.023007022,False,reference_like
GSM8848585_CAAACAATCTCGCCTCACTTTAGG-1,GSM8848585,13,Neuroendocrine-like,0.047616478,False,CNV_low_candidate
GSM8848585_CAAACTTTCAGGCTGAACTTTAGG-1,GSM8848585,11,Prostate epithelial - luminal,0.11180167,True,CNV_high_candidate
GSM8848585_CAAACTTTCCAACATTACTTTAGG-1,GSM8848585,11,Prostate epithelial - luminal,0.08516743,False,CNV_low_candidate
GSM8848585_CAAACTTTCGATTGAAACTTTAGG-1,GSM8848585,11,Prostate epithelial - luminal,0.025779374,False,CNV_low_candidate
GSM8848585_CAAACTTTCGGCTAAGACTTTAGG-1,GSM8848585,9,Neuroendocrine-like,0.0494013,False,CNV_low_candidate
GSM8848585_CAAAGTCAGCAGGCTAACTTTAGG-1,GSM8848585,13,Neuroendocrine-like,0.036712922,False,CNV_low_candidate
GSM8848585_CAAAGTCAGGCGAGAGACTTTAGG-1,GSM8848585,9,Neuroendocrine-like,0.026213506,False,CNV_low_candidate
GSM8848585_CAAAGTCAGGTGCACAACTTTAGG-1,GSM8848585,7,Neuroendocrine-like,0.032623447,False,CNV_low_candidate
GSM8848585_CAAAGTCAGTGCAACGACTTTAGG-1,GSM8848585,6,Macrophage,0.04197763,False,reference_like
GSM8848585_CAAAGTCAGTTATGGAACTTTAGG-1,GSM8848585,7,Neuroendocrine-like,0.024645671,False,CNV_low_candidate
GSM8848585_CAAATCAAGGTTAGTAACTTTAGG-1,GSM8848585,9,Neuroendocrine-like,0.057500903,False,CNV_low_candidate
GSM8848585_CAAATCCGTAAACCCTACTTTAGG-1,GSM8848585,7,Neuroendocrine-like,0.047448896,False,CNV_low_candidate
GSM8848585_CAAATCCGTACGATTCACTTTAGG-1,GSM8848585,4,Fibroblast,0.031109683,False,reference_like
GSM8848585_CAAATCCGTGCTGAAAACTTTAGG-1,GSM8848585,8,Cycling,0.07321232,False,not_assessed
GSM8848585_CAAATTGAGAAGCAAGACTTTAGG-1,GSM8848585,14,Epithelial-like - uncertain,0.029190125,False,CNV_low_candidate
GSM8848585_CAAATTGAGACCATTTACTTTAGG-1,GSM8848585,9,Neuroendocrine-like,0.064573005,False,CNV_low_candidate
GSM8848585_CAAATTGAGAGCCGGTACTTTAGG-1,GSM8848585,7,Neuroendocrine-like,0.023801928,False,CNV_low_candidate
GSM8848585_CAAATTGAGGACAAGAACTTTAGG-1,GSM8848585,8,Cycling,0.16237846,True,not_assessed
GSM8848585_CAAATTGAGTCTAATCACTTTAGG-1,GSM8848585,11,Prostate epithelial - luminal,0.10151757,True,CNV_high_candidate
GSM8848585_CAACCAACAGATAGCCACTTTAGG-1,GSM8848585,9,Neuroendocrine-like,0.028689777,False,CNV_low_candidate
GSM8848585_CAACCAACAGTAAGTTACTTTAGG-1,GSM8848585,13,Neuroendocrine-like,0.033840854,False,CNV_low_candidate
GSM8848585_CAACCGGCATTACACCACTTTAGG-1,GSM8848585,7,Neuroendocrine-like,0.033929594,False,CNV_low_candidate
GSM8848585_CAACCGTTCACATTACACTTTAGG-1,GSM8848585,7,Neuroendocrine-like,0.02258677,False,CNV_low_candidate
GSM8848585_CAACCGTTCACGAACGACTTTAGG-1,GSM8848585,11,Prostate epithelial - luminal,0.13337246,True,CNV_high_candidate
GSM8848585_CAACCTGGTTTGTCAAACTTTAGG-1,GSM8848585,9,Neuroendocrine-like,0.026492666,False,CNV_low_candidate
GSM8848585_CAACCTTCACGTAGTAACTTTAGG-1,GSM8848585,4,Fibroblast,0.060302943,False,reference_like
GSM8848585_CAACCTTCAGATTGCAACTTTAGG-1,GSM8848585,11,Prostate epithelial - luminal,0.14798805,True,CNV_high_candidate
GSM8848585_CAACCTTCATAGACGCACTTTAGG-1,GSM8848585,9,Neuroendocrine-like,0.04014335,False,CNV_low_candidate
GSM8848585_CAACTAAAGGAACTTAACTTTAGG-1,GSM8848585,7,Neuroendocrine-like,0.04197448,False,CNV_low_candidate
GSM8848585_CAACTAAAGGGCGGTTACTTTAGG-1,GSM8848585,7,Neuroendocrine-like,0.022398619,False,CNV_low_candidate
GSM8848585_CAACTTAGTTAAGGCAACTTTAGG-1,GSM8848585,5,T/NK lymphocyte,0.023414664,False,reference_like
GSM8848585_CAACTTGTCGCCTGCAACTTTAGG-1,GSM8848585,8,Cycling,0.034704417,False,not_assessed
GSM8848585_CAACTTGTCTGGCCATACTTTAGG-1,GSM8848585,8,Cycling,0.050336704,False,not_assessed
GSM8848585_CAACTTGTCTTGAAGAACTTTAGG-1,GSM8848585,14,Epithelial-like - uncertain,0.031109633,False,CNV_low_candidate
GSM8848585_CAAGACTAGCTATCCAACTTTAGG-1,GSM8848585,9,Neuroendocrine-like,0.05908528,False,CNV_low_candidate
GSM8848585_CAAGATTCAACCCTATACTTTAGG-1,GSM8848585,4,Fibroblast,0.028857531,False,reference_like
GSM8848585_CAAGATTCACAATCGAACTTTAGG-1,GSM8848585,11,Prostate epithelial - luminal,0.080264464,False,CNV_low_candidate
GSM8848585_CAAGATTCACTAACGAACTTTAGG-1,GSM8848585,9,Neuroendocrine-like,0.03038691,False,CNV_low_candidate
GSM8848585_CAAGATTCATCACGCCACTTTAGG-1,GSM8848585,8,Cycling,0.04738482,False,not_assessed
GSM8848585_CAAGCGATCCATTAACACTTTAGG-1,GSM8848585,9,Neuroendocrine-like,0.02297202,False,CNV_low_candidate
GSM8848585_CAAGGCCAGCAAGACTACTTTAGG-1,GSM8848585,8,Cycling,0.07098086,False,not_assessed
GSM8848585_CAAGGCCAGGTTGCAGACTTTAGG-1,GSM8848585,11,Prostate epithelial - luminal,0.06944977,False,CNV_low_candidate
GSM8848585_CAAGGTCCAAATGACTACTTTAGG-1,GSM8848585,9,Neuroendocrine-like,0.019492207,False,CNV_low_candidate
GSM8848585_CAAGGTCCATGGCTAAACTTTAGG-1,GSM8848585,5,T/NK lymphocyte,0.074294455,False,reference_like
GSM8848585_CAAGTCCTCTGGTCTAACTTTAGG-1,GSM8848585,4,Fibroblast,0.071066916,False,reference_like
GSM8848585_CAAGTCGAGCCTGGTTACTTTAGG-1,GSM8848585,11,Prostate epithelial - luminal,0.10645508,True,CNV_high_candidate
GSM8848585_CAAGTCGAGCGAGTTGACTTTAGG-1,GSM8848585,4,Fibroblast,0.092243135,False,reference_like
GSM8848585_CAAGTCGAGTTTCACGACTTTAGG-1,GSM8848585,9,Neuroendocrine-like,0.028795892,False,CNV_low_candidate
GSM8848585_CAATAAGTCAGTTAGAACTTTAGG-1,GSM8848585,8,Cycling,0.021425739,False,not_assessed
GSM8848585_CAATAAGTCCAAACAAACTTTAGG-1,GSM8848585,11,Prostate epithelial - luminal,0.14987886,True,CNV_high_candidate
GSM8848585_CAATAGCAGAAGCAAGACTTTAGG-1,GSM8848585,4,Fibroblast,0.10065807,True,reference_like
GSM8848585_CAATAGCAGACAACACACTTTAGG-1,GSM8848585,7,Neuroendocrine-like,0.03673559,False,CNV_low_candidate
GSM8848585_CAATAGCAGGCGCGATACTTTAGG-1,GSM8848585,9,Neuroendocrine-like,0.13501053,True,CNV_high_candidate
GSM8848585_CAATAGCAGGCTTATTACTTTAGG-1,GSM8848585,11,Prostate epithelial - luminal,0.15854654,True,CNV_high_candidate
GSM8848585_CAATAGCAGGGTTATAACTTTAGG-1,GSM8848585,7,Neuroendocrine-like,0.04636897,False,CNV_low_candidate
GSM8848585_CAATAGCAGTCAGGCAACTTTAGG-1,GSM8848585,11,Prostate epithelial - luminal,0.05688822,False,CNV_low_candidate
GSM8848585_CAATAGCAGTCTGTGCACTTTAGG-1,GSM8848585,10,Activated fibroblast,0.0689338,False,reference_like
GSM8848585_CAATAGTCACTTTACAACTTTAGG-1,GSM8848585,11,Prostate epithelial - luminal,0.1279327,True,CNV_high_candidate
GSM8848585_CAATCCATCCGTTAGCACTTTAGG-1,GSM8848585,12,Stress/hypoxia-like,0.025604663,False,not_assessed
GSM8848585_CAATCCATCCTCACTTACTTTAGG-1,GSM8848585,7,Neuroendocrine-like,0.053813547,False,CNV_low_candidate
GSM8848585_CAATCCATCTAATGGAACTTTAGG-1,GSM8848585,9,Neuroendocrine-like,0.027490133,False,CNV_low_candidate
GSM8848585_CAATGCCTCCACAATTACTTTAGG-1,GSM8848585,9,Neuroendocrine-like,0.027945044,False,CNV_low_candidate
GSM8848585_CAATGCCTCCTTTGTCACTTTAGG-1,GSM8848585,11,Prostate epithelial - luminal,0.0735439,False,CNV_low_candidate
GSM8848585_CAATGCCTCGCGAGTAACTTTAGG-1,GSM8848585,11,Prostate epithelial - luminal,0.06668967,False,CNV_low_candidate
GSM8848585_CAATGCCTCTGGAAACACTTTAGG-1,GSM8848585,11,Prostate epithelial - luminal,0.06728691,False,CNV_low_candidate
GSM8848585_CAATGGGTCACCTGTAACTTTAGG-1,GSM8848585,9,Neuroendocrine-like,0.041070923,False,CNV_low_candidate
GSM8848585_CAATGGGTCCACTAATACTTTAGG-1,GSM8848585,9,Neuroendocrine-like,0.025793541,False,CNV_low_candidate
GSM8848585_CAATGGGTCGCCTAACACTTTAGG-1,GSM8848585,9,Neuroendocrine-like,0.016714508,False,CNV_low_candidate
GSM8848585_CAATGGGTCGGCTAGAACTTTAGG-1,GSM8848585,9,Neuroendocrine-like,0.11540614,True,CNV_high_candidate
GSM8848585_CAATGTTTCAGTCTATACTTTAGG-1,GSM8848585,8,Cycling,0.10287671,True,not_assessed
GSM8848585_CAATTGCGTACGAATGACTTTAGG-1,GSM8848585,8,Cycling,0.036297426,False,not_assessed
GSM8848585_CAATTGCGTATTGCGTACTTTAGG-1,GSM8848585,8,Cycling,0.084992245,False,not_assessed
GSM8848585_CAATTGCGTGGGAACTACTTTAGG-1,GSM8848585,9,Neuroendocrine-like,0.029362127,False,CNV_low_candidate
GSM8848585_CAATTGCGTGTTGCTGACTTTAGG-1,GSM8848585,14,Epithelial-like - uncertain,0.06209097,False,CNV_low_candidate
GSM8848585_CACAAGCCAAGCTCAAACTTTAGG-1,GSM8848585,9,Neuroendocrine-like,0.03462463,False,CNV_low_candidate
GSM8848585_CACAAGCCAGAAACTTACTTTAGG-1,GSM8848585,8,Cycling,0.052665927,False,not_assessed
GSM8848585_CACAAGCCAGCTACCCACTTTAGG-1,GSM8848585,8,Cycling,0.110104695,True,not_assessed
GSM8848585_CACAAGCCATTGGACAACTTTAGG-1,GSM8848585,12,Stress/hypoxia-like,0.039876103,False,not_assessed
GSM8848585_CACAAGGTCAGGGCACACTTTAGG-1,GSM8848585,5,T/NK lymphocyte,0.054539923,False,reference_like
GSM8848585_CACAAGGTCGATTGAAACTTTAGG-1,GSM8848585,9,Neuroendocrine-like,0.03624006,False,CNV_low_candidate
GSM8848585_CACAAGGTCTAACTACACTTTAGG-1,GSM8848585,4,Fibroblast,0.03678362,False,reference_like
GSM8848585_CACAAGGTCTAATCGTACTTTAGG-1,GSM8848585,11,Prostate epithelial - luminal,0.07752299,False,CNV_low_candidate
GSM8848585_CACAAGGTCTATTGCGACTTTAGG-1,GSM8848585,8,Cycling,0.03469345,False,not_assessed
GSM8848585_CACAAGGTCTCAAACTACTTTAGG-1,GSM8848585,11,Prostate epithelial - luminal,0.10111685,True,CNV_high_candidate
GSM8848585_CACAAGGTCTGGAAACACTTTAGG-1,GSM8848585,5,T/NK lymphocyte,0.057316683,False,reference_like
GSM8848585_CACAATAAGCTTGAAAACTTTAGG-1,GSM8848585,7,Neuroendocrine-like,0.02878962,False,CNV_low_candidate
GSM8848585_CACAATAAGGTTCCGTACTTTAGG-1,GSM8848585,9,Neuroendocrine-like,0.021031652,False,CNV_low_candidate
GSM8848585_CACAATAAGTCTAACTACTTTAGG-1,GSM8848585,8,Cycling,0.037442178,False,not_assessed
GSM8848585_CACAATAAGTTTGCTGACTTTAGG-1,GSM8848585,9,Neuroendocrine-like,0.07082024,False,CNV_low_candidate
GSM8848585_CACAGATAGGACAACTACTTTAGG-1,GSM8848585,8,Cycling,0.13156511,True,not_assessed
GSM8848585_CACAGATAGTATGGGTACTTTAGG-1,GSM8848585,9,Neuroendocrine-like,0.024362622,False,CNV_low_candidate
GSM8848585_CACATAAAGACAGACTACTTTAGG-1,GSM8848585,8,Cycling,0.0881457,False,not_assessed
GSM8848585_CACATAAAGGCTTAAAACTTTAGG-1,GSM8848585,7,Neuroendocrine-like,0.027872246,False,CNV_low_candidate
GSM8848585_CACATAAAGGTTGCTCACTTTAGG-1,GSM8848585,7,Neuroendocrine-like,0.025133038,False,CNV_low_candidate
GSM8848585_CACATAAAGTATGGGTACTTTAGG-1,GSM8848585,4,Fibroblast,0.028949453,False,reference_like
GSM8848585_CACCAACTCGCGTTACACTTTAGG-1,GSM8848585,9,Neuroendocrine-like,0.023089496,False,CNV_low_candidate
GSM8848585_CACCAACTCGTTCGTAACTTTAGG-1,GSM8848585,7,Neuroendocrine-like,0.025595134,False,CNV_low_candidate
GSM8848585_CACCTGGTCACAAGCGACTTTAGG-1,GSM8848585,13,Neuroendocrine-like,0.044563364,False,CNV_low_candidate
GSM8848585_CACCTGGTCACAGGATACTTTAGG-1,GSM8848585,13,Neuroendocrine-like,0.07048145,False,CNV_low_candidate
GSM8848585_CACCTGGTCCAATACTACTTTAGG-1,GSM8848585,13,Neuroendocrine-like,0.07271149,False,CNV_low_candidate
GSM8848585_CACCTGGTCCCTCGTCACTTTAGG-1,GSM8848585,14,Epithelial-like - uncertain,0.040685665,False,CNV_low_candidate
GSM8848585_CACGAACCAATTGAGTACTTTAGG-1,GSM8848585,8,Cycling,0.029535763,False,not_assessed
GSM8848585_CACGAACCACCAACAAACTTTAGG-1,GSM8848585,9,Neuroendocrine-like,0.08353114,False,CNV_low_candidate
GSM8848585_CACGAACCAGATAGCCACTTTAGG-1,GSM8848585,8,Cycling,0.03257065,False,not_assessed
GSM8848585_CACGAACCATTGTGTCACTTTAGG-1,GSM8848585,7,Neuroendocrine-like,0.027726376,False,CNV_low_candidate
GSM8848585_CACGCATTCCCTGGTGACTTTAGG-1,GSM8848585,8,Cycling,0.026098764,False,not_assessed
GSM8848585_CACGCATTCCTAAAGAACTTTAGG-1,GSM8848585,9,Neuroendocrine-like,0.020173524,False,CNV_low_candidate
GSM8848585_CACGCATTCGGTTCCGACTTTAGG-1,GSM8848585,11,Prostate epithelial - luminal,0.10013683,True,CNV_high_candidate
GSM8848585_CACGCATTCGTCAATTACTTTAGG-1,GSM8848585,11,Prostate epithelial - luminal,0.07570772,False,CNV_low_candidate
GSM8848585_CACGTTATCTGTCAGCACTTTAGG-1,GSM8848585,8,Cycling,0.04484969,False,not_assessed
GSM8848585_CACTAACGTTCAAGCTACTTTAGG-1,GSM8848585,8,Cycling,0.13948067,True,not_assessed
GSM8848585_CACTAACGTTGGCGAGACTTTAGG-1,GSM8848585,4,Fibroblast,0.020807425,False,reference_like
GSM8848585_CACTAGCTCGCAGCAAACTTTAGG-1,GSM8848585,11,Prostate epithelial - luminal,0.09714654,False,CNV_low_candidate
GSM8848585_CACTAGCTCGCATTTGACTTTAGG-1,GSM8848585,8,Cycling,0.065994814,False,not_assessed
GSM8848585_CACTAGCTCGGGCAGTACTTTAGG-1,GSM8848585,9,Neuroendocrine-like,0.02544296,False,CNV_low_candidate
GSM8848585_CACTATGTCAATCCTGACTTTAGG-1,GSM8848585,11,Prostate epithelial - luminal,0.0850183,False,CNV_low_candidate
GSM8848585_CACTATGTCCCGTTCCACTTTAGG-1,GSM8848585,8,Cycling,0.024536042,False,not_assessed
GSM8848585_CACTGTCAGCATTTCGACTTTAGG-1,GSM8848585,8,Cycling,0.024717903,False,not_assessed
GSM8848585_CACTGTCAGCGCTTACACTTTAGG-1,GSM8848585,11,Prostate epithelial - luminal,0.03345685,False,CNV_low_candidate
GSM8848585_CACTGTCAGCTTACATACTTTAGG-1,GSM8848585,13,Neuroendocrine-like,0.03588986,False,CNV_low_candidate
GSM8848585_CACTGTCAGTCGAAACACTTTAGG-1,GSM8848585,9,Neuroendocrine-like,0.022852302,False,CNV_low_candidate
GSM8848585_CACTTGATCCAAACAAACTTTAGG-1,GSM8848585,7,Neuroendocrine-like,0.023070112,False,CNV_low_candidate
GSM8848585_CACTTGATCTGGCTACACTTTAGG-1,GSM8848585,9,Neuroendocrine-like,0.024578651,False,CNV_low_candidate
GSM8848585_CACTTTACAACCGTAAACTTTAGG-1,GSM8848585,9,Neuroendocrine-like,0.029561514,False,CNV_low_candidate
GSM8848585_CACTTTACATCCCTCTACTTTAGG-1,GSM8848585,8,Cycling,0.04843397,False,not_assessed
GSM8848585_CACTTTACATTGAGATACTTTAGG-1,GSM8848585,8,Cycling,0.019304367,False,not_assessed
GSM8848585_CAGACCAAGAATGGCTACTTTAGG-1,GSM8848585,11,Prostate epithelial - luminal,0.044639796,False,CNV_low_candidate
GSM8848585_CAGACCAAGGACAAGAACTTTAGG-1,GSM8848585,8,Cycling,0.026750397,False,not_assessed
GSM8848585_CAGAGAGCAAAGTGCCACTTTAGG-1,GSM8848585,9,Neuroendocrine-like,0.09025457,False,CNV_low_candidate
GSM8848585_CAGAGAGCAAGCCACGACTTTAGG-1,GSM8848585,13,Neuroendocrine-like,0.08670392,False,CNV_low_candidate
GSM8848585_CAGATAATCAAACCAAACTTTAGG-1,GSM8848585,9,Neuroendocrine-like,0.044687413,False,CNV_low_candidate
GSM8848585_CAGATAATCAGGCCTTACTTTAGG-1,GSM8848585,7,Neuroendocrine-like,0.080569826,False,CNV_low_candidate
GSM8848585_CAGATAATCGGGACTAACTTTAGG-1,GSM8848585,8,Cycling,0.020254133,False,not_assessed
GSM8848585_CAGATAATCTATTGGTACTTTAGG-1,GSM8848585,7,Neuroendocrine-like,0.020542547,False,CNV_low_candidate
GSM8848585_CAGATTCGTCTCACTCACTTTAGG-1,GSM8848585,11,Prostate epithelial - luminal,0.11010406,True,CNV_high_candidate
GSM8848585_CAGATTCGTTACTTCTACTTTAGG-1,GSM8848585,8,Cycling,0.03277067,False,not_assessed
GSM8848585_CAGCAATAGGGTTTGGACTTTAGG-1,GSM8848585,11,Prostate epithelial - luminal,0.038054902,False,CNV_low_candidate
GSM8848585_CAGCCAGCAATCAAACACTTTAGG-1,GSM8848585,9,Neuroendocrine-like,0.022722477,False,CNV_low_candidate
GSM8848585_CAGCGAATCATTTGCGACTTTAGG-1,GSM8848585,7,Neuroendocrine-like,0.039491236,False,CNV_low_candidate
GSM8848585_CAGCGAATCGACTTTGACTTTAGG-1,GSM8848585,7,Neuroendocrine-like,0.02580772,False,CNV_low_candidate
GSM8848585_CAGCTAGAGCCATAAAACTTTAGG-1,GSM8848585,12,Stress/hypoxia-like,0.03219528,False,not_assessed
GSM8848585_CAGCTAGAGCTATCCAACTTTAGG-1,GSM8848585,9,Neuroendocrine-like,0.0486789,False,CNV_low_candidate
GSM8848585_CAGCTAGAGTCAACAAACTTTAGG-1,GSM8848585,11,Prostate epithelial - luminal,0.019812318,False,CNV_low_candidate
GSM8848585_CAGCTGGCAAGTTGGCACTTTAGG-1,GSM8848585,11,Prostate epithelial - luminal,0.067052014,False,CNV_low_candidate
GSM8848585_CAGCTGGCAATTAGACACTTTAGG-1,GSM8848585,11,Prostate epithelial - luminal,0.13295846,True,CNV_high_candidate
GSM8848585_CAGCTGGCATCCGTCAACTTTAGG-1,GSM8848585,7,Neuroendocrine-like,0.02542724,False,CNV_low_candidate
GSM8848585_CAGCTGGCATGAGGGAACTTTAGG-1,GSM8848585,8,Cycling,0.01960795,False,not_assessed
GSM8848585_CAGCTGGCATGCGCAGACTTTAGG-1,GSM8848585,4,Fibroblast,0.019045219,False,reference_like
GSM8848585_CAGGAAGCAATAAGGAACTTTAGG-1,GSM8848585,9,Neuroendocrine-like,0.0895782,False,CNV_low_candidate
GSM8848585_CAGGAAGCATTTCGACACTTTAGG-1,GSM8848585,9,Neuroendocrine-like,0.075595915,False,CNV_low_candidate
GSM8848585_CAGGATAGTACGGTTTACTTTAGG-1,GSM8848585,9,Neuroendocrine-like,0.06675859,False,CNV_low_candidate
GSM8848585_CAGGATAGTGAACCAAACTTTAGG-1,GSM8848585,4,Fibroblast,0.11189301,True,reference_like
GSM8848585_CAGGATCCAGATTCGAACTTTAGG-1,GSM8848585,4,Fibroblast,0.1078132,True,reference_like
GSM8848585_CAGGATCCATCATGTCACTTTAGG-1,GSM8848585,9,Neuroendocrine-like,0.022015134,False,CNV_low_candidate
GSM8848585_CAGGATTAGCGCCTTGACTTTAGG-1,GSM8848585,11,Prostate epithelial - luminal,0.11613615,True,CNV_high_candidate
GSM8848585_CAGGATTAGGAAGCAAACTTTAGG-1,GSM8848585,4,Fibroblast,0.09660075,False,reference_like
GSM8848585_CAGGATTAGGTTCCGTACTTTAGG-1,GSM8848585,11,Prostate epithelial - luminal,0.103853494,True,CNV_high_candidate
GSM8848585_CAGGATTAGTGTGATAACTTTAGG-1,GSM8848585,4,Fibroblast,0.11461849,True,reference_like
GSM8848585_CAGGCTAAGCAATCGGACTTTAGG-1,GSM8848585,13,Neuroendocrine-like,0.034162603,False,CNV_low_candidate
GSM8848585_CAGGCTAAGCTATCCAACTTTAGG-1,GSM8848585,7,Neuroendocrine-like,0.09893547,False,CNV_low_candidate
GSM8848585_CAGGCTAAGTCGCGAAACTTTAGG-1,GSM8848585,8,Cycling,0.080791935,False,not_assessed
GSM8848585_CAGGGCAGTATAGTGGACTTTAGG-1,GSM8848585,11,Prostate epithelial - luminal,0.02036706,False,CNV_low_candidate
GSM8848585_CAGGTATAGATATTGGACTTTAGG-1,GSM8848585,11,Prostate epithelial - luminal,0.16495028,True,CNV_high_candidate
GSM8848585_CAGGTCAAGCCACTCGACTTTAGG-1,GSM8848585,8,Cycling,0.063256785,False,not_assessed
GSM8848585_CAGGTCAAGCTTACCAACTTTAGG-1,GSM8848585,8,Cycling,0.06280202,False,not_assessed
GSM8848585_CAGGTTACACCTTCTCACTTTAGG-1,GSM8848585,7,Neuroendocrine-like,0.02324813,False,CNV_low_candidate
GSM8848585_CAGGTTACACTCAATCACTTTAGG-1,GSM8848585,4,Fibroblast,0.04932892,False,reference_like
GSM8848585_CAGGTTACAGTAAGTTACTTTAGG-1,GSM8848585,9,Neuroendocrine-like,0.058133963,False,CNV_low_candidate
GSM8848585_CAGGTTCTCATCCAGCACTTTAGG-1,GSM8848585,9,Neuroendocrine-like,0.029324332,False,CNV_low_candidate
GSM8848585_CAGGTTCTCATGCCTAACTTTAGG-1,GSM8848585,11,Prostate epithelial - luminal,0.08340502,False,CNV_low_candidate
GSM8848585_CAGGTTCTCTCACAATACTTTAGG-1,GSM8848585,9,Neuroendocrine-like,0.025795355,False,CNV_low_candidate
GSM8848585_CAGGTTCTCTGTCAATACTTTAGG-1,GSM8848585,11,Prostate epithelial - luminal,0.060392115,False,CNV_low_candidate
GSM8848585_CAGGTTGAGTAGCCTCACTTTAGG-1,GSM8848585,8,Cycling,0.03748965,False,not_assessed
GSM8848585_CAGGTTTGTAAGTCGAACTTTAGG-1,GSM8848585,9,Neuroendocrine-like,0.03049302,False,CNV_low_candidate
GSM8848585_CAGGTTTGTCAAAGGCACTTTAGG-1,GSM8848585,8,Cycling,0.049025152,False,not_assessed
GSM8848585_CAGGTTTGTCAACTACACTTTAGG-1,GSM8848585,9,Neuroendocrine-like,0.09589701,False,CNV_low_candidate
GSM8848585_CAGTATTTCACCACACACTTTAGG-1,GSM8848585,7,Neuroendocrine-like,0.03138013,False,CNV_low_candidate
GSM8848585_CAGTATTTCTGGCTACACTTTAGG-1,GSM8848585,11,Prostate epithelial - luminal,0.098947756,False,CNV_low_candidate
GSM8848585_CAGTGAAGTCTGTGATACTTTAGG-1,GSM8848585,11,Prostate epithelial - luminal,0.092835695,False,CNV_low_candidate
GSM8848585_CAGTGAAGTGAGAAGGACTTTAGG-1,GSM8848585,7,Neuroendocrine-like,0.050076246,False,CNV_low_candidate
GSM8848585_CAGTGAAGTTAACGGAACTTTAGG-1,GSM8848585,9,Neuroendocrine-like,0.15167888,True,CNV_high_candidate
GSM8848585_CAGTGAGTCACAAGCGACTTTAGG-1,GSM8848585,11,Prostate epithelial - luminal,0.15189071,True,CNV_high_candidate
GSM8848585_CAGTGAGTCACTATACACTTTAGG-1,GSM8848585,9,Neuroendocrine-like,0.019371815,False,CNV_low_candidate
GSM8848585_CAGTGAGTCATGCGGAACTTTAGG-1,GSM8848585,11,Prostate epithelial - luminal,0.06878414,False,CNV_low_candidate
GSM8848585_CAGTGTGAGGGTTTCCACTTTAGG-1,GSM8848585,9,Neuroendocrine-like,0.01614525,False,CNV_low_candidate
GSM8848585_CATAAACCACTGACAAACTTTAGG-1,GSM8848585,7,Neuroendocrine-like,0.036323365,False,CNV_low_candidate
GSM8848585_CATAAACCAGAATCGCACTTTAGG-1,GSM8848585,4,Fibroblast,0.049825963,False,reference_like
GSM8848585_CATAAACCAGCCAGCAACTTTAGG-1,GSM8848585,11,Prostate epithelial - luminal,0.110535935,True,CNV_high_candidate
GSM8848585_CATAATCTCCAAATAGACTTTAGG-1,GSM8848585,11,Prostate epithelial - luminal,0.13117063,True,CNV_high_candidate
GSM8848585_CATAATGAGTAGCCTCACTTTAGG-1,GSM8848585,13,Neuroendocrine-like,0.035444543,False,CNV_low_candidate
GSM8848585_CATACCGGTAGTTGTCACTTTAGG-1,GSM8848585,14,Epithelial-like - uncertain,0.06874345,False,CNV_low_candidate
GSM8848585_CATACCGGTATTGTCAACTTTAGG-1,GSM8848585,14,Epithelial-like - uncertain,0.07162778,False,CNV_low_candidate
GSM8848585_CATACCGGTGGTTCTGACTTTAGG-1,GSM8848585,4,Fibroblast,0.06871622,False,reference_like
GSM8848585_CATACCGGTTTCCTCAACTTTAGG-1,GSM8848585,4,Fibroblast,0.01909797,False,reference_like
GSM8848585_CATACTTAGGTGAGCCACTTTAGG-1,GSM8848585,11,Prostate epithelial - luminal,0.05914634,False,CNV_low_candidate
GSM8848585_CATAGAGGTATCCGCAACTTTAGG-1,GSM8848585,9,Neuroendocrine-like,0.04257451,False,CNV_low_candidate
GSM8848585_CATAGAGGTCATCATAACTTTAGG-1,GSM8848585,11,Prostate epithelial - luminal,0.06311697,False,CNV_low_candidate
GSM8848585_CATAGAGGTGGCCCATACTTTAGG-1,GSM8848585,11,Prostate epithelial - luminal,0.12567103,True,CNV_high_candidate
GSM8848585_CATAGAGGTTGGCCACACTTTAGG-1,GSM8848585,4,Fibroblast,0.017030727,False,reference_like
GSM8848585_CATAGCCTCCCTTTGTACTTTAGG-1,GSM8848585,8,Cycling,0.10030824,True,not_assessed
GSM8848585_CATAGCGAGCTCAACCACTTTAGG-1,GSM8848585,9,Neuroendocrine-like,0.0259625,False,CNV_low_candidate
GSM8848585_CATAGCGAGGTTAGGTACTTTAGG-1,GSM8848585,11,Prostate epithelial - luminal,0.064724915,False,CNV_low_candidate
GSM8848585_CATAGCTGTGCTGAAAACTTTAGG-1,GSM8848585,4,Fibroblast,0.057992723,False,reference_like
GSM8848585_CATAGCTGTTAATTCGACTTTAGG-1,GSM8848585,8,Cycling,0.022448959,False,not_assessed
GSM8848585_CATAGGGTCCTAAGGGACTTTAGG-1,GSM8848585,9,Neuroendocrine-like,0.024315393,False,CNV_low_candidate
GSM8848585_CATAGGTAGGTTATGAACTTTAGG-1,GSM8848585,7,Neuroendocrine-like,0.097669266,False,CNV_low_candidate
GSM8848585_CATAGGTAGGTTCGAGACTTTAGG-1,GSM8848585,7,Neuroendocrine-like,0.037687562,False,CNV_low_candidate
GSM8848585_CATATTCAGGGAGGATACTTTAGG-1,GSM8848585,8,Cycling,0.06246054,False,not_assessed
GSM8848585_CATATTCAGTAAGTGCACTTTAGG-1,GSM8848585,9,Neuroendocrine-like,0.023268417,False,CNV_low_candidate
GSM8848585_CATATTGGTGGACCCTACTTTAGG-1,GSM8848585,11,Prostate epithelial - luminal,0.10770638,True,CNV_high_candidate
GSM8848585_CATATTGGTGTAATGGACTTTAGG-1,GSM8848585,7,Neuroendocrine-like,0.026531763,False,CNV_low_candidate
GSM8848585_CATCAAGCATCATGCTACTTTAGG-1,GSM8848585,14,Epithelial-like - uncertain,0.057945963,False,CNV_low_candidate
GSM8848585_CATCAAGCATTTCATGACTTTAGG-1,GSM8848585,11,Prostate epithelial - luminal,0.10770217,True,CNV_high_candidate
GSM8848585_CATCAATTCAGGTTAAACTTTAGG-1,GSM8848585,11,Prostate epithelial - luminal,0.018298943,False,CNV_low_candidate
GSM8848585_CATCAATTCGATTGGGACTTTAGG-1,GSM8848585,13,Neuroendocrine-like,0.03276214,False,CNV_low_candidate
GSM8848585_CATCAATTCGGTAATAACTTTAGG-1,GSM8848585,7,Neuroendocrine-like,0.020867452,False,CNV_low_candidate
GSM8848585_CATCATGTCACAAGCGACTTTAGG-1,GSM8848585,9,Neuroendocrine-like,0.0461415,False,CNV_low_candidate
GSM8848585_CATCCTGCACCGGTAGACTTTAGG-1,GSM8848585,9,Neuroendocrine-like,0.061910044,False,CNV_low_candidate
GSM8848585_CATCCTGCAGGAATAAACTTTAGG-1,GSM8848585,8,Cycling,0.048259187,False,not_assessed
GSM8848585_CATCCTTTCCTCTAAGACTTTAGG-1,GSM8848585,8,Cycling,0.08384273,False,not_assessed
GSM8848585_CATCTTGAGAGGTTTAACTTTAGG-1,GSM8848585,9,Neuroendocrine-like,0.07424413,False,CNV_low_candidate
GSM8848585_CATCTTGAGATGAAGGACTTTAGG-1,GSM8848585,14,Epithelial-like - uncertain,0.050811123,False,CNV_low_candidate
GSM8848585_CATCTTGAGCTGATTTACTTTAGG-1,GSM8848585,9,Neuroendocrine-like,0.016651105,False,CNV_low_candidate
GSM8848585_CATGAGGTCACTAGGGACTTTAGG-1,GSM8848585,11,Prostate epithelial - luminal,0.13740218,True,CNV_high_candidate
GSM8848585_CATGAGGTCATAACCTACTTTAGG-1,GSM8848585,9,Neuroendocrine-like,0.020343427,False,CNV_low_candidate
GSM8848585_CATGAGGTCATAGGTAACTTTAGG-1,GSM8848585,5,T/NK lymphocyte,0.067343876,False,reference_like
GSM8848585_CATGAGGTCCATCCAAACTTTAGG-1,GSM8848585,8,Cycling,0.06897912,False,not_assessed
GSM8848585_CATGAGGTCCTAAGGGACTTTAGG-1,GSM8848585,8,Cycling,0.055538997,False,not_assessed
GSM8848585_CATGCCAGTGAACGACACTTTAGG-1,GSM8848585,9,Neuroendocrine-like,0.024663404,False,CNV_low_candidate
GSM8848585_CATGCCAGTGCTCCTTACTTTAGG-1,GSM8848585,11,Prostate epithelial - luminal,0.15263776,True,CNV_high_candidate
GSM8848585_CATGCTCAGGATGCATACTTTAGG-1,GSM8848585,8,Cycling,0.08122142,False,not_assessed
GSM8848585_CATGCTGGTCATTTAGACTTTAGG-1,GSM8848585,8,Cycling,0.03882928,False,not_assessed
GSM8848585_CATGCTGGTTAGCGCCACTTTAGG-1,GSM8848585,11,Prostate epithelial - luminal,0.07456438,False,CNV_low_candidate
GSM8848585_CATGCTTCAAGTCGCGACTTTAGG-1,GSM8848585,13,Neuroendocrine-like,0.04479159,False,CNV_low_candidate
GSM8848585_CATGCTTCAATCGTGAACTTTAGG-1,GSM8848585,11,Prostate epithelial - luminal,0.15257071,True,CNV_high_candidate
GSM8848585_CATGCTTCACATTCGTACTTTAGG-1,GSM8848585,11,Prostate epithelial - luminal,0.05738476,False,CNV_low_candidate
GSM8848585_CATGCTTCACTCAATCACTTTAGG-1,GSM8848585,9,Neuroendocrine-like,0.06954541,False,CNV_low_candidate
GSM8848585_CATGCTTCATGGGTTAACTTTAGG-1,GSM8848585,11,Prostate epithelial - luminal,0.09889953,False,CNV_low_candidate
GSM8848585_CATGGTTGTATGGTAGACTTTAGG-1,GSM8848585,13,Neuroendocrine-like,0.059626482,False,CNV_low_candidate
GSM8848585_CATGGTTGTTGAGGACACTTTAGG-1,GSM8848585,8,Cycling,0.027106207,False,not_assessed
GSM8848585_CATGTTGTCCCGTTCCACTTTAGG-1,GSM8848585,11,Prostate epithelial - luminal,0.024150169,False,CNV_low_candidate
GSM8848585_CATGTTGTCCTCCCACACTTTAGG-1,GSM8848585,8,Cycling,0.09376412,False,not_assessed
GSM8848585_CATGTTGTCGCCACATACTTTAGG-1,GSM8848585,11,Prostate epithelial - luminal,0.062623926,False,CNV_low_candidate
GSM8848585_CATGTTGTCTATTGCGACTTTAGG-1,GSM8848585,9,Neuroendocrine-like,0.026356956,False,CNV_low_candidate
GSM8848585_CATTACGTCAATGTTCACTTTAGG-1,GSM8848585,9,Neuroendocrine-like,0.03188701,False,CNV_low_candidate
GSM8848585_CATTACGTCCTAAAGAACTTTAGG-1,GSM8848585,5,T/NK lymphocyte,0.077507496,False,reference_like
GSM8848585_CATTAGCGTGATAAACACTTTAGG-1,GSM8848585,14,Epithelial-like - uncertain,0.08402731,False,CNV_low_candidate
GSM8848585_CATTAGCGTGGCTTTGACTTTAGG-1,GSM8848585,12,Stress/hypoxia-like,0.04388279,False,not_assessed
GSM8848585_CATTAGCGTTAGCATCACTTTAGG-1,GSM8848585,8,Cycling,0.0259848,False,not_assessed
GSM8848585_CATTAGCGTTGTTCCCACTTTAGG-1,GSM8848585,11,Prostate epithelial - luminal,0.09377186,False,CNV_low_candidate
GSM8848585_CATTAGGCAAGGCCATACTTTAGG-1,GSM8848585,7,Neuroendocrine-like,0.021376565,False,CNV_low_candidate
GSM8848585_CATTAGGCACCATACTACTTTAGG-1,GSM8848585,9,Neuroendocrine-like,0.023091435,False,CNV_low_candidate
GSM8848585_CATTAGGCATGGCTTTACTTTAGG-1,GSM8848585,14,Epithelial-like - uncertain,0.0721126,False,CNV_low_candidate
GSM8848585_CATTATGGTCATCCTCACTTTAGG-1,GSM8848585,8,Cycling,0.06656614,False,not_assessed
GSM8848585_CATTATGGTGCGGCAAACTTTAGG-1,GSM8848585,11,Prostate epithelial - luminal,0.15971223,True,CNV_high_candidate
GSM8848585_CATTCCTTCACTAGGGACTTTAGG-1,GSM8848585,7,Neuroendocrine-like,0.02397764,False,CNV_low_candidate
GSM8848585_CATTCCTTCAGGAGCCACTTTAGG-1,GSM8848585,9,Neuroendocrine-like,0.020061333,False,CNV_low_candidate
GSM8848585_CATTCGCAGGATTAGCACTTTAGG-1,GSM8848585,8,Cycling,0.110194504,True,not_assessed
GSM8848585_CATTGAAAGCCAAACGACTTTAGG-1,GSM8848585,11,Prostate epithelial - luminal,0.08181553,False,CNV_low_candidate
GSM8848585_CATTGACGTACTGCCAACTTTAGG-1,GSM8848585,6,Macrophage,0.02480556,False,reference_like
GSM8848585_CATTGACGTCTAACCGACTTTAGG-1,GSM8848585,9,Neuroendocrine-like,0.020370927,False,CNV_low_candidate
GSM8848585_CATTGCGGTACAAACGACTTTAGG-1,GSM8848585,7,Neuroendocrine-like,0.027378935,False,CNV_low_candidate
GSM8848585_CATTGTCCAACCGGATACTTTAGG-1,GSM8848585,4,Fibroblast,0.07091265,False,reference_like
GSM8848585_CATTGTCCACATGCTTACTTTAGG-1,GSM8848585,7,Neuroendocrine-like,0.09557194,False,CNV_low_candidate
GSM8848585_CATTGTCCATTCAACCACTTTAGG-1,GSM8848585,9,Neuroendocrine-like,0.053306527,False,CNV_low_candidate
GSM8848585_CATTGTGTCAGCACCTACTTTAGG-1,GSM8848585,11,Prostate epithelial - luminal,0.04232217,False,CNV_low_candidate
GSM8848585_CATTTAGGTGCACTATACTTTAGG-1,GSM8848585,8,Cycling,0.0665277,False,not_assessed
GSM8848585_CATTTAGGTGCAGCTCACTTTAGG-1,GSM8848585,8,Cycling,0.04597192,False,not_assessed
GSM8848585_CATTTAGGTGGATGGTACTTTAGG-1,GSM8848585,7,Neuroendocrine-like,0.023124032,False,CNV_low_candidate
GSM8848585_CATTTAGGTTTACCGGACTTTAGG-1,GSM8848585,7,Neuroendocrine-like,0.07857646,False,CNV_low_candidate
GSM8848585_CATTTCGAGTAAAGGGACTTTAGG-1,GSM8848585,11,Prostate epithelial - luminal,0.10207778,True,CNV_high_candidate
GSM8848585_CATTTCGAGTACGGGCACTTTAGG-1,GSM8848585,4,Fibroblast,0.07342024,False,reference_like
GSM8848585_CATTTCGAGTTGGATAACTTTAGG-1,GSM8848585,8,Cycling,0.04112864,False,not_assessed
GSM8848585_CATTTCTGTAATGTCCACTTTAGG-1,GSM8848585,9,Neuroendocrine-like,0.02915544,False,CNV_low_candidate
GSM8848585_CATTTCTGTCAATTCAACTTTAGG-1,GSM8848585,9,Neuroendocrine-like,0.056891862,False,CNV_low_candidate
GSM8848585_CCAAACCTCAGCACCTACTTTAGG-1,GSM8848585,14,Epithelial-like - uncertain,0.09268268,False,CNV_low_candidate
GSM8848585_CCAAACCTCAGCCCTGACTTTAGG-1,GSM8848585,9,Neuroendocrine-like,0.032289475,False,CNV_low_candidate
GSM8848585_CCAAACTGTACTTAGCACTTTAGG-1,GSM8848585,8,Cycling,0.053889345,False,not_assessed
GSM8848585_CCAAACTGTCCAGCTAACTTTAGG-1,GSM8848585,4,Fibroblast,0.06629337,False,reference_like
GSM8848585_CCAAACTGTGACCTGCACTTTAGG-1,GSM8848585,8,Cycling,0.094265126,False,not_assessed
GSM8848585_CCAAAGCCAAGGGTCTACTTTAGG-1,GSM8848585,13,Neuroendocrine-like,0.06712549,False,CNV_low_candidate
GSM8848585_CCAAAGCCAATTGCGAACTTTAGG-1,GSM8848585,9,Neuroendocrine-like,0.036480397,False,CNV_low_candidate
GSM8848585_CCAAAGCCAGCCAGCAACTTTAGG-1,GSM8848585,11,Prostate epithelial - luminal,0.048120473,False,CNV_low_candidate
GSM8848585_CCAAAGCCATATCGCTACTTTAGG-1,GSM8848585,11,Prostate epithelial - luminal,0.022644585,False,CNV_low_candidate
GSM8848585_CCAACCGTCGAGCTAGACTTTAGG-1,GSM8848585,12,Stress/hypoxia-like,0.024245745,False,not_assessed
GSM8848585_CCAACTGGTGATCCTGACTTTAGG-1,GSM8848585,9,Neuroendocrine-like,0.09404316,False,CNV_low_candidate
GSM8848585_CCAACTGGTTGAGGACACTTTAGG-1,GSM8848585,11,Prostate epithelial - luminal,0.11724962,True,CNV_high_candidate
GSM8848585_CCAAGACCATAATGACACTTTAGG-1,GSM8848585,9,Neuroendocrine-like,0.03177619,False,CNV_low_candidate
GSM8848585_CCAAGACCATATAGGTACTTTAGG-1,GSM8848585,11,Prostate epithelial - luminal,0.12653509,True,CNV_high_candidate
GSM8848585_CCAAGCTTCCAAATAGACTTTAGG-1,GSM8848585,9,Neuroendocrine-like,0.05856099,False,CNV_low_candidate
GSM8848585_CCAAGGATCCGCACCAACTTTAGG-1,GSM8848585,8,Cycling,0.058638245,False,not_assessed
GSM8848585_CCAAGTGAGCGATGGCACTTTAGG-1,GSM8848585,9,Neuroendocrine-like,0.07325123,False,CNV_low_candidate
GSM8848585_CCAAGTGAGGTGTCCTACTTTAGG-1,GSM8848585,9,Neuroendocrine-like,0.024398472,False,CNV_low_candidate
GSM8848585_CCAAGTGAGTGATTTCACTTTAGG-1,GSM8848585,11,Prostate epithelial - luminal,0.11087145,True,CNV_high_candidate
GSM8848585_CCAATACGTCATGATCACTTTAGG-1,GSM8848585,11,Prostate epithelial - luminal,0.05036783,False,CNV_low_candidate
GSM8848585_CCAATTAGTTCATTAGACTTTAGG-1,GSM8848585,4,Fibroblast,0.045184452,False,reference_like
GSM8848585_CCAATTTAGACAACACACTTTAGG-1,GSM8848585,11,Prostate epithelial - luminal,0.09553418,False,CNV_low_candidate
GSM8848585_CCAATTTAGGCCCATTACTTTAGG-1,GSM8848585,5,T/NK lymphocyte,0.027253961,False,reference_like
GSM8848585_CCACATTCAGCCATAAACTTTAGG-1,GSM8848585,3,Endothelial,0.016147355,False,reference_like
GSM8848585_CCACATTCAGGACTACACTTTAGG-1,GSM8848585,4,Fibroblast,0.037282597,False,reference_like
GSM8848585_CCACATTCATAGACCAACTTTAGG-1,GSM8848585,13,Neuroendocrine-like,0.12628208,True,CNV_high_candidate
GSM8848585_CCACTAATCAAGTTTCACTTTAGG-1,GSM8848585,9,Neuroendocrine-like,0.06536326,False,CNV_low_candidate
GSM8848585_CCACTAATCATTATGCACTTTAGG-1,GSM8848585,8,Cycling,0.08465856,False,not_assessed
GSM8848585_CCACTAATCGCTCAACACTTTAGG-1,GSM8848585,4,Fibroblast,0.05807842,False,reference_like
GSM8848585_CCACTATCACTTCGATACTTTAGG-1,GSM8848585,6,Macrophage,0.09582416,False,reference_like
GSM8848585_CCACTATCAGTTATCCACTTTAGG-1,GSM8848585,8,Cycling,0.11919721,True,not_assessed
GSM8848585_CCAGAAAGTTCTCAAAACTTTAGG-1,GSM8848585,9,Neuroendocrine-like,0.031041974,False,CNV_low_candidate
GSM8848585_CCAGAACCACGTTACTACTTTAGG-1,GSM8848585,9,Neuroendocrine-like,0.06926344,False,CNV_low_candidate
GSM8848585_CCAGAACCAGTGAGAGACTTTAGG-1,GSM8848585,7,Neuroendocrine-like,0.045585644,False,CNV_low_candidate
GSM8848585_CCAGAACCATAGCCGGACTTTAGG-1,GSM8848585,7,Neuroendocrine-like,0.079797775,False,CNV_low_candidate
GSM8848585_CCAGCACGTCAATACCACTTTAGG-1,GSM8848585,4,Fibroblast,0.050179187,False,reference_like
GSM8848585_CCAGCACGTCGCAATTACTTTAGG-1,GSM8848585,9,Neuroendocrine-like,0.0222754,False,CNV_low_candidate
GSM8848585_CCAGCACGTCGTTGCAACTTTAGG-1,GSM8848585,8,Cycling,0.059683718,False,not_assessed
GSM8848585_CCAGCACGTGCGGTTCACTTTAGG-1,GSM8848585,4,Fibroblast,0.05658621,False,reference_like
GSM8848585_CCAGCACGTTTCGCCTACTTTAGG-1,GSM8848585,11,Prostate epithelial - luminal,0.044069804,False,CNV_low_candidate
GSM8848585_CCAGCTTAGGTAACTAACTTTAGG-1,GSM8848585,11,Prostate epithelial - luminal,0.0819152,False,CNV_low_candidate
GSM8848585_CCAGGTTTCAGCACCTACTTTAGG-1,GSM8848585,11,Prostate epithelial - luminal,0.097700074,False,CNV_low_candidate
GSM8848585_CCAGGTTTCGGGCAACACTTTAGG-1,GSM8848585,11,Prostate epithelial - luminal,0.09050261,False,CNV_low_candidate
GSM8848585_CCAGGTTTCTATGGCCACTTTAGG-1,GSM8848585,8,Cycling,0.07448635,False,not_assessed
GSM8848585_CCAGGTTTCTATTCGGACTTTAGG-1,GSM8848585,13,Neuroendocrine-like,0.05558552,False,CNV_low_candidate
GSM8848585_CCAGGTTTCTATTGGTACTTTAGG-1,GSM8848585,4,Fibroblast,0.059235677,False,reference_like
GSM8848585_CCATCACAGGCCAACAACTTTAGG-1,GSM8848585,7,Neuroendocrine-like,0.047273777,False,CNV_low_candidate
GSM8848585_CCATCAGGTAGCTTGTACTTTAGG-1,GSM8848585,11,Prostate epithelial - luminal,0.0774486,False,CNV_low_candidate
GSM8848585_CCATCAGGTGATGCAAACTTTAGG-1,GSM8848585,3,Endothelial,0.02702978,False,reference_like
GSM8848585_CCATCATCATGGCCGAACTTTAGG-1,GSM8848585,8,Cycling,0.1298854,True,not_assessed
GSM8848585_CCATCCCTCCGGATAGACTTTAGG-1,GSM8848585,9,Neuroendocrine-like,0.12387196,True,CNV_high_candidate
GSM8848585_CCATCCCTCGCTTGGTACTTTAGG-1,GSM8848585,8,Cycling,0.02790464,False,not_assessed
GSM8848585_CCATCCCTCTAGCGGAACTTTAGG-1,GSM8848585,5,T/NK lymphocyte,0.09812046,False,reference_like
GSM8848585_CCATGGTTCAACCGGAACTTTAGG-1,GSM8848585,13,Neuroendocrine-like,0.04554821,False,CNV_low_candidate
GSM8848585_CCATGGTTCAGCACAGACTTTAGG-1,GSM8848585,11,Prostate epithelial - luminal,0.06505656,False,CNV_low_candidate
GSM8848585_CCATGGTTCGAAATGCACTTTAGG-1,GSM8848585,9,Neuroendocrine-like,0.060380515,False,CNV_low_candidate
GSM8848585_CCATGGTTCGGTAAACACTTTAGG-1,GSM8848585,12,Stress/hypoxia-like,0.037336677,False,not_assessed
GSM8848585_CCATTAAGTAGCCATTACTTTAGG-1,GSM8848585,8,Cycling,0.05429778,False,not_assessed
GSM8848585_CCATTAAGTATTTACGACTTTAGG-1,GSM8848585,7,Neuroendocrine-like,0.0404645,False,CNV_low_candidate
GSM8848585_CCATTAAGTGGGTGTGACTTTAGG-1,GSM8848585,11,Prostate epithelial - luminal,0.16204423,True,CNV_high_candidate
GSM8848585_CCATTAAGTTTGTCCCACTTTAGG-1,GSM8848585,11,Prostate epithelial - luminal,0.021414123,False,CNV_low_candidate
GSM8848585_CCATTAGTCCCTCAAAACTTTAGG-1,GSM8848585,12,Stress/hypoxia-like,0.027943425,False,not_assessed
GSM8848585_CCATTAGTCGTGATTTACTTTAGG-1,GSM8848585,7,Neuroendocrine-like,0.01859967,False,CNV_low_candidate
GSM8848585_CCATTAGTCTATCACGACTTTAGG-1,GSM8848585,11,Prostate epithelial - luminal,0.09460898,False,CNV_low_candidate
GSM8848585_CCATTAGTCTATGCATACTTTAGG-1,GSM8848585,11,Prostate epithelial - luminal,0.1248404,True,CNV_high_candidate
GSM8848585_CCATTAGTCTCAGCACACTTTAGG-1,GSM8848585,4,Fibroblast,0.037473917,False,reference_like
GSM8848585_CCATTCGCAGGCGAAAACTTTAGG-1,GSM8848585,4,Fibroblast,0.059549622,False,reference_like
GSM8848585_CCATTCGCATCCGGAGACTTTAGG-1,GSM8848585,7,Neuroendocrine-like,0.061522175,False,CNV_low_candidate
GSM8848585_CCATTGTCAAGGTTATACTTTAGG-1,GSM8848585,8,Cycling,0.12091023,True,not_assessed
GSM8848585_CCATTGTCAGCTAGACACTTTAGG-1,GSM8848585,8,Cycling,0.05693829,False,not_assessed
GSM8848585_CCATTGTCATTGGACAACTTTAGG-1,GSM8848585,11,Prostate epithelial - luminal,0.1462503,True,CNV_high_candidate
GSM8848585_CCCAACTAGTTGCGGAACTTTAGG-1,GSM8848585,7,Neuroendocrine-like,0.027708312,False,CNV_low_candidate
GSM8848585_CCCACCTTCCTAAAGAACTTTAGG-1,GSM8848585,5,T/NK lymphocyte,0.062017057,False,reference_like
GSM8848585_CCCACCTTCGCTTGGTACTTTAGG-1,GSM8848585,11,Prostate epithelial - luminal,0.11242627,True,CNV_high_candidate
GSM8848585_CCCACTTGTAGTAGCAACTTTAGG-1,GSM8848585,12,Stress/hypoxia-like,0.031259805,False,not_assessed
GSM8848585_CCCACTTGTATGGTCTACTTTAGG-1,GSM8848585,13,Neuroendocrine-like,0.03942821,False,CNV_low_candidate
GSM8848585_CCCATAATCATTTAGCACTTTAGG-1,GSM8848585,7,Neuroendocrine-like,0.024623865,False,CNV_low_candidate
GSM8848585_CCCATAATCGTCAATTACTTTAGG-1,GSM8848585,9,Neuroendocrine-like,0.033633254,False,CNV_low_candidate
GSM8848585_CCCATAATCTCACAATACTTTAGG-1,GSM8848585,8,Cycling,0.045404583,False,not_assessed
GSM8848585_CCCATAGGTTAGACTCACTTTAGG-1,GSM8848585,7,Neuroendocrine-like,0.02271447,False,CNV_low_candidate
GSM8848585_CCCATCACACAGCCAGACTTTAGG-1,GSM8848585,11,Prostate epithelial - luminal,0.046948053,False,CNV_low_candidate
GSM8848585_CCCATCACACTATCACACTTTAGG-1,GSM8848585,11,Prostate epithelial - luminal,0.13919845,True,CNV_high_candidate
GSM8848585_CCCATCACATTTCGCGACTTTAGG-1,GSM8848585,9,Neuroendocrine-like,0.015929054,False,CNV_low_candidate
GSM8848585_CCCATCCTCGCTTGACACTTTAGG-1,GSM8848585,4,Fibroblast,0.06456249,False,reference_like
GSM8848585_CCCATTAAGATTCATCACTTTAGG-1,GSM8848585,8,Cycling,0.074599996,False,not_assessed
GSM8848585_CCCATTCGTCATCATAACTTTAGG-1,GSM8848585,4,Fibroblast,0.03849844,False,reference_like
GSM8848585_CCCGAACGTACCGTTGACTTTAGG-1,GSM8848585,4,Fibroblast,0.032618128,False,reference_like
GSM8848585_CCCGAACGTGCTGAAAACTTTAGG-1,GSM8848585,14,Epithelial-like - uncertain,0.054655846,False,CNV_low_candidate
GSM8848585_CCCGAACGTTAGCGCCACTTTAGG-1,GSM8848585,11,Prostate epithelial - luminal,0.09250202,False,CNV_low_candidate
GSM8848585_CCCGAAGCAACCATTCACTTTAGG-1,GSM8848585,13,Neuroendocrine-like,0.028608482,False,CNV_low_candidate
GSM8848585_CCCGAAGCAAGCTTTCACTTTAGG-1,GSM8848585,8,Cycling,0.03939827,False,not_assessed
GSM8848585_CCCGAAGCACTCCCAAACTTTAGG-1,GSM8848585,9,Neuroendocrine-like,0.037761156,False,CNV_low_candidate
GSM8848585_CCCGAAGCAGGTCAACACTTTAGG-1,GSM8848585,7,Neuroendocrine-like,0.06995757,False,CNV_low_candidate
GSM8848585_CCCGCAATCATGCCTAACTTTAGG-1,GSM8848585,8,Cycling,0.060242627,False,not_assessed
GSM8848585_CCCGTAAGTACTTCAAACTTTAGG-1,GSM8848585,9,Neuroendocrine-like,0.04007164,False,CNV_low_candidate
GSM8848585_CCCGTAAGTATGTGAGACTTTAGG-1,GSM8848585,7,Neuroendocrine-like,0.08943911,False,CNV_low_candidate
GSM8848585_CCCGTAAGTCAAGCTTACTTTAGG-1,GSM8848585,11,Prostate epithelial - luminal,0.14355989,True,CNV_high_candidate
GSM8848585_CCCGTAAGTTAGGTAGACTTTAGG-1,GSM8848585,14,Epithelial-like - uncertain,0.0684385,False,CNV_low_candidate
GSM8848585_CCCGTAGTCACCTTTCACTTTAGG-1,GSM8848585,11,Prostate epithelial - luminal,0.11376365,True,CNV_high_candidate
GSM8848585_CCCGTAGTCACTCGCGACTTTAGG-1,GSM8848585,11,Prostate epithelial - luminal,0.099804424,True,CNV_high_candidate
GSM8848585_CCCGTAGTCCTCAATGACTTTAGG-1,GSM8848585,14,Epithelial-like - uncertain,0.06938561,False,CNV_low_candidate
GSM8848585_CCCGTAGTCGTGATTTACTTTAGG-1,GSM8848585,8,Cycling,0.052582234,False,not_assessed
GSM8848585_CCCGTAGTCTTACTCCACTTTAGG-1,GSM8848585,9,Neuroendocrine-like,0.026463024,False,CNV_low_candidate
GSM8848585_CCCTAAGGTAGCGCGAACTTTAGG-1,GSM8848585,6,Macrophage,0.023261864,False,reference_like
GSM8848585_CCCTGACCATTTCTTCACTTTAGG-1,GSM8848585,8,Cycling,0.029648945,False,not_assessed
GSM8848585_CCCTGAGTCCACTAATACTTTAGG-1,GSM8848585,9,Neuroendocrine-like,0.07327523,False,CNV_low_candidate
GSM8848585_CCCTGATAGGATCCAGACTTTAGG-1,GSM8848585,11,Prostate epithelial - luminal,0.085955955,False,CNV_low_candidate
GSM8848585_CCCTGGATCAACTGTTACTTTAGG-1,GSM8848585,12,Stress/hypoxia-like,0.026057314,False,not_assessed
GSM8848585_CCCTGGATCGCTCAACACTTTAGG-1,GSM8848585,11,Prostate epithelial - luminal,0.045805585,False,CNV_low_candidate
GSM8848585_CCCTGGATCTATTCGGACTTTAGG-1,GSM8848585,11,Prostate epithelial - luminal,0.13159148,True,CNV_high_candidate
GSM8848585_CCCTGTGAGAAGGTTCACTTTAGG-1,GSM8848585,9,Neuroendocrine-like,0.025764652,False,CNV_low_candidate
GSM8848585_CCCTGTGAGTGATTAGACTTTAGG-1,GSM8848585,11,Prostate epithelial - luminal,0.050899442,False,CNV_low_candidate
GSM8848585_CCCTGTTGTGATCCTGACTTTAGG-1,GSM8848585,9,Neuroendocrine-like,0.030128308,False,CNV_low_candidate
GSM8848585_CCCTGTTGTTCGGTATACTTTAGG-1,GSM8848585,4,Fibroblast,0.072352335,False,reference_like
GSM8848585_CCCTTACGTACTTATGACTTTAGG-1,GSM8848585,8,Cycling,0.10800428,True,not_assessed
GSM8848585_CCCTTACGTAGCTTTAACTTTAGG-1,GSM8848585,14,Epithelial-like - uncertain,0.059009407,False,CNV_low_candidate
GSM8848585_CCCTTACGTCTTTATCACTTTAGG-1,GSM8848585,4,Fibroblast,0.027446866,False,reference_like
GSM8848585_CCCTTCGGTGGAAGCTACTTTAGG-1,GSM8848585,6,Macrophage,0.030427298,False,reference_like
GSM8848585_CCCTTCGGTTAAGCCTACTTTAGG-1,GSM8848585,9,Neuroendocrine-like,0.0241499,False,CNV_low_candidate
GSM8848585_CCCTTCGGTTGACCCAACTTTAGG-1,GSM8848585,5,T/NK lymphocyte,0.053214382,False,reference_like
GSM8848585_CCGAAAGTCTCAAGAAACTTTAGG-1,GSM8848585,4,Fibroblast,0.031293713,False,reference_like
GSM8848585_CCGAAAGTCTTACTCCACTTTAGG-1,GSM8848585,7,Neuroendocrine-like,0.025534201,False,CNV_low_candidate
GSM8848585_CCGATTGGTCAATGTCACTTTAGG-1,GSM8848585,9,Neuroendocrine-like,0.029649366,False,CNV_low_candidate
GSM8848585_CCGATTGGTCCAGCTAACTTTAGG-1,GSM8848585,7,Neuroendocrine-like,0.05652752,False,CNV_low_candidate
GSM8848585_CCGATTGGTGAGAAGGACTTTAGG-1,GSM8848585,11,Prostate epithelial - luminal,0.034605924,False,CNV_low_candidate
GSM8848585_CCGCATTAGCAATCCCACTTTAGG-1,GSM8848585,7,Neuroendocrine-like,0.03469373,False,CNV_low_candidate
GSM8848585_CCGCCATCAGAAACTTACTTTAGG-1,GSM8848585,8,Cycling,0.07827443,False,not_assessed
GSM8848585_CCGCTAAGTCATCCTCACTTTAGG-1,GSM8848585,10,Activated fibroblast,0.06283019,False,reference_like
GSM8848585_CCGCTATAGAGGAGTAACTTTAGG-1,GSM8848585,9,Neuroendocrine-like,0.042680215,False,CNV_low_candidate
GSM8848585_CCGCTATAGCAGGTCAACTTTAGG-1,GSM8848585,11,Prostate epithelial - luminal,0.046878867,False,CNV_low_candidate
GSM8848585_CCGCTATAGGGTTGGCACTTTAGG-1,GSM8848585,7,Neuroendocrine-like,0.019639716,False,CNV_low_candidate
GSM8848585_CCGGCTATCACAATGAACTTTAGG-1,GSM8848585,9,Neuroendocrine-like,0.023393974,False,CNV_low_candidate
GSM8848585_CCGGCTATCAGGGCACACTTTAGG-1,GSM8848585,6,Macrophage,0.027476674,False,reference_like
GSM8848585_CCGGCTATCGAAGCATACTTTAGG-1,GSM8848585,9,Neuroendocrine-like,0.029124573,False,CNV_low_candidate
GSM8848585_CCGTACGTCTAAGTCTACTTTAGG-1,GSM8848585,11,Prostate epithelial - luminal,0.080012515,False,CNV_low_candidate
GSM8848585_CCGTCAAGTAAACCCTACTTTAGG-1,GSM8848585,9,Neuroendocrine-like,0.03926957,False,CNV_low_candidate
GSM8848585_CCGTCAAGTATTTGTGACTTTAGG-1,GSM8848585,9,Neuroendocrine-like,0.030359905,False,CNV_low_candidate
GSM8848585_CCGTCAAGTGATAAACACTTTAGG-1,GSM8848585,11,Prostate epithelial - luminal,0.10937961,True,CNV_high_candidate
GSM8848585_CCGTCAAGTTGTGACTACTTTAGG-1,GSM8848585,11,Prostate epithelial - luminal,0.14033213,True,CNV_high_candidate
GSM8848585_CCGTTGTAGCACTACCACTTTAGG-1,GSM8848585,11,Prostate epithelial - luminal,0.08090413,False,CNV_low_candidate
GSM8848585_CCTAACCAGAAGGTTCACTTTAGG-1,GSM8848585,7,Neuroendocrine-like,0.05159192,False,CNV_low_candidate
GSM8848585_CCTAACGGTAACTAGGACTTTAGG-1,GSM8848585,9,Neuroendocrine-like,0.03716354,False,CNV_low_candidate
GSM8848585_CCTAACTCAATCATCCACTTTAGG-1,GSM8848585,4,Fibroblast,0.13942036,True,reference_like
GSM8848585_CCTAAGCTCAAGTTAGACTTTAGG-1,GSM8848585,7,Neuroendocrine-like,0.026101345,False,CNV_low_candidate
GSM8848585_CCTAAGCTCTATTGCGACTTTAGG-1,GSM8848585,9,Neuroendocrine-like,0.058806233,False,CNV_low_candidate
GSM8848585_CCTAAGCTCTCAGCACACTTTAGG-1,GSM8848585,9,Neuroendocrine-like,0.050241467,False,CNV_low_candidate
GSM8848585_CCTAAGGAGGCAGGCTACTTTAGG-1,GSM8848585,7,Neuroendocrine-like,0.03718265,False,CNV_low_candidate
GSM8848585_CCTAATCCAATGAATCACTTTAGG-1,GSM8848585,14,Epithelial-like - uncertain,0.06258001,False,CNV_low_candidate
GSM8848585_CCTACTTTCCCAGACTACTTTAGG-1,GSM8848585,9,Neuroendocrine-like,0.018091738,False,CNV_low_candidate
GSM8848585_CCTACTTTCCTCACTTACTTTAGG-1,GSM8848585,9,Neuroendocrine-like,0.01790356,False,CNV_low_candidate
GSM8848585_CCTACTTTCTGTGCACACTTTAGG-1,GSM8848585,8,Cycling,0.040324345,False,not_assessed
GSM8848585_CCTAGAGAGAGGTTTAACTTTAGG-1,GSM8848585,9,Neuroendocrine-like,0.026712475,False,CNV_low_candidate
GSM8848585_CCTAGAGAGTTTGGTTACTTTAGG-1,GSM8848585,8,Cycling,0.018753288,False,not_assessed
GSM8848585_CCTAGGTTCACCATATACTTTAGG-1,GSM8848585,4,Fibroblast,0.12486577,True,reference_like
GSM8848585_CCTAGGTTCCATCCGGACTTTAGG-1,GSM8848585,7,Neuroendocrine-like,0.028680073,False,CNV_low_candidate
GSM8848585_CCTATCGCAAAGAACAACTTTAGG-1,GSM8848585,7,Neuroendocrine-like,0.06438515,False,CNV_low_candidate
GSM8848585_CCTATCGCACTCCCAAACTTTAGG-1,GSM8848585,9,Neuroendocrine-like,0.02799266,False,CNV_low_candidate
GSM8848585_CCTATCGCAGCACCTCACTTTAGG-1,GSM8848585,11,Prostate epithelial - luminal,0.04576966,False,CNV_low_candidate
GSM8848585_CCTATCGCAGCGATCGACTTTAGG-1,GSM8848585,6,Macrophage,0.047809616,False,reference_like
GSM8848585_CCTATCGCATTGAGATACTTTAGG-1,GSM8848585,9,Neuroendocrine-like,0.14408828,True,CNV_high_candidate
GSM8848585_CCTATTGAGGTAATGCACTTTAGG-1,GSM8848585,9,Neuroendocrine-like,0.023585474,False,CNV_low_candidate
GSM8848585_CCTATTTGTATAGTGGACTTTAGG-1,GSM8848585,11,Prostate epithelial - luminal,0.06814881,False,CNV_low_candidate
GSM8848585_CCTATTTGTCGAGGCAACTTTAGG-1,GSM8848585,8,Cycling,0.06472117,False,not_assessed
GSM8848585_CCTCAAATCTTTAAGCACTTTAGG-1,GSM8848585,8,Cycling,0.071855284,False,not_assessed
GSM8848585_CCTCAAGGTCTCAGCAACTTTAGG-1,GSM8848585,11,Prostate epithelial - luminal,0.07400956,False,CNV_low_candidate
GSM8848585_CCTCAAGGTGCGGTTCACTTTAGG-1,GSM8848585,9,Neuroendocrine-like,0.05941995,False,CNV_low_candidate
GSM8848585_CCTCAATCAAGGCCTGACTTTAGG-1,GSM8848585,8,Cycling,0.04967075,False,not_assessed
GSM8848585_CCTCAATCAGTAATACACTTTAGG-1,GSM8848585,11,Prostate epithelial - luminal,0.10110841,True,CNV_high_candidate
GSM8848585_CCTCACACATATAGGTACTTTAGG-1,GSM8848585,9,Neuroendocrine-like,0.06864787,False,CNV_low_candidate
GSM8848585_CCTCAGCCAAACTTCCACTTTAGG-1,GSM8848585,11,Prostate epithelial - luminal,0.12802532,True,CNV_high_candidate
GSM8848585_CCTCAGCCAACCTGTTACTTTAGG-1,GSM8848585,11,Prostate epithelial - luminal,0.10800276,True,CNV_high_candidate
GSM8848585_CCTCAGCCAGAGGCTTACTTTAGG-1,GSM8848585,13,Neuroendocrine-like,0.05416552,False,CNV_low_candidate
GSM8848585_CCTCAGCCAGATAACTACTTTAGG-1,GSM8848585,11,Prostate epithelial - luminal,0.11625605,True,CNV_high_candidate
GSM8848585_CCTCATCGTACGATTCACTTTAGG-1,GSM8848585,4,Fibroblast,0.07675611,False,reference_like
GSM8848585_CCTCATCGTCCTTCTAACTTTAGG-1,GSM8848585,11,Prostate epithelial - luminal,0.0856135,False,CNV_low_candidate
GSM8848585_CCTCATCGTGATAAACACTTTAGG-1,GSM8848585,11,Prostate epithelial - luminal,0.043615755,False,CNV_low_candidate
GSM8848585_CCTCATCGTTAGCTCGACTTTAGG-1,GSM8848585,8,Cycling,0.024681682,False,not_assessed
GSM8848585_CCTCCAACAAATAAGGACTTTAGG-1,GSM8848585,9,Neuroendocrine-like,0.022398666,False,CNV_low_candidate
GSM8848585_CCTCCAACAAGATGCCACTTTAGG-1,GSM8848585,9,Neuroendocrine-like,0.03312275,False,CNV_low_candidate
GSM8848585_CCTCCAACACGATTAGACTTTAGG-1,GSM8848585,13,Neuroendocrine-like,0.033412963,False,CNV_low_candidate
GSM8848585_CCTCCAACAGGACTACACTTTAGG-1,GSM8848585,7,Neuroendocrine-like,0.027246797,False,CNV_low_candidate
GSM8848585_CCTCGATAGATAGCTAACTTTAGG-1,GSM8848585,9,Neuroendocrine-like,0.031190278,False,CNV_low_candidate
GSM8848585_CCTCGATAGGGTGGGAACTTTAGG-1,GSM8848585,7,Neuroendocrine-like,0.032190975,False,CNV_low_candidate
GSM8848585_CCTCGATAGTCTACCAACTTTAGG-1,GSM8848585,11,Prostate epithelial - luminal,0.021425439,False,CNV_low_candidate
GSM8848585_CCTCGATAGTTACAGAACTTTAGG-1,GSM8848585,8,Cycling,0.033703092,False,not_assessed
GSM8848585_CCTGATTCAGCAAGCTACTTTAGG-1,GSM8848585,5,T/NK lymphocyte,0.054168478,False,reference_like
GSM8848585_CCTGATTCAGGCTATAACTTTAGG-1,GSM8848585,9,Neuroendocrine-like,0.019178528,False,CNV_low_candidate
GSM8848585_CCTGGTAGTAAGGCCGACTTTAGG-1,GSM8848585,8,Cycling,0.07340033,False,not_assessed
GSM8848585_CCTGGTAGTAAGGCTAACTTTAGG-1,GSM8848585,11,Prostate epithelial - luminal,0.120940745,True,CNV_high_candidate
GSM8848585_CCTGGTCCACAATCGAACTTTAGG-1,GSM8848585,9,Neuroendocrine-like,0.05629965,False,CNV_low_candidate
GSM8848585_CCTGTTGCAACAGATTACTTTAGG-1,GSM8848585,8,Cycling,0.13406906,True,not_assessed
GSM8848585_CCTGTTGCAATCAAGTACTTTAGG-1,GSM8848585,13,Neuroendocrine-like,0.05976665,False,CNV_low_candidate
GSM8848585_CCTGTTGCACGTGCTCACTTTAGG-1,GSM8848585,7,Neuroendocrine-like,0.051355533,False,CNV_low_candidate
GSM8848585_CCTGTTGCAGCCATAAACTTTAGG-1,GSM8848585,8,Cycling,0.08089173,False,not_assessed
GSM8848585_CCTGTTGCATTACACCACTTTAGG-1,GSM8848585,9,Neuroendocrine-like,0.03963698,False,CNV_low_candidate
GSM8848585_CCTGTTGCATTTATCGACTTTAGG-1,GSM8848585,8,Cycling,0.032874234,False,not_assessed
GSM8848585_CCTTAAAGTTTGTCAAACTTTAGG-1,GSM8848585,7,Neuroendocrine-like,0.029183341,False,CNV_low_candidate
GSM8848585_CCTTAATAGCCGCTATACTTTAGG-1,GSM8848585,7,Neuroendocrine-like,0.030700648,False,CNV_low_candidate
GSM8848585_CCTTAATAGCGAAGCCACTTTAGG-1,GSM8848585,9,Neuroendocrine-like,0.031083524,False,CNV_low_candidate
GSM8848585_CCTTAATAGTTTGAGAACTTTAGG-1,GSM8848585,4,Fibroblast,0.03396615,False,reference_like
GSM8848585_CCTTATGAGCCAGAGCACTTTAGG-1,GSM8848585,11,Prostate epithelial - luminal,0.09715491,False,CNV_low_candidate
GSM8848585_CCTTATTGTCATTATGACTTTAGG-1,GSM8848585,11,Prostate epithelial - luminal,0.08368176,False,CNV_low_candidate
GSM8848585_CCTTATTGTTGAGCTTACTTTAGG-1,GSM8848585,9,Neuroendocrine-like,0.018528044,False,CNV_low_candidate
GSM8848585_CCTTCCATCCGCAATCACTTTAGG-1,GSM8848585,11,Prostate epithelial - luminal,0.10321383,True,CNV_high_candidate
GSM8848585_CCTTCCATCCGGATAGACTTTAGG-1,GSM8848585,14,Epithelial-like - uncertain,0.07097259,False,CNV_low_candidate
GSM8848585_CCTTCCTCAAACACGCACTTTAGG-1,GSM8848585,4,Fibroblast,0.12606052,True,reference_like
GSM8848585_CCTTCCTCAAAGCTCAACTTTAGG-1,GSM8848585,9,Neuroendocrine-like,0.021732718,False,CNV_low_candidate
GSM8848585_CCTTCCTCATAGACCAACTTTAGG-1,GSM8848585,11,Prostate epithelial - luminal,0.025510754,False,CNV_low_candidate
GSM8848585_CCTTGAATCGATTCTGACTTTAGG-1,GSM8848585,8,Cycling,0.05009372,False,not_assessed
GSM8848585_CCTTGAATCTTACTCCACTTTAGG-1,GSM8848585,9,Neuroendocrine-like,0.02220868,False,CNV_low_candidate
GSM8848585_CCTTGAATCTTCGCCCACTTTAGG-1,GSM8848585,13,Neuroendocrine-like,0.048282158,False,CNV_low_candidate
GSM8848585_CCTTGAGGTTAAGTCCACTTTAGG-1,GSM8848585,11,Prostate epithelial - luminal,0.11019036,True,CNV_high_candidate
GSM8848585_CCTTGAGGTTGTTTAGACTTTAGG-1,GSM8848585,9,Neuroendocrine-like,0.0268062,False,CNV_low_candidate
GSM8848585_CGAAATGGTAGCTATCACTTTAGG-1,GSM8848585,4,Fibroblast,0.12562957,True,reference_like
GSM8848585_CGAAATGGTGCGGCTTACTTTAGG-1,GSM8848585,11,Prostate epithelial - luminal,0.09052558,False,CNV_low_candidate
GSM8848585_CGAAATGGTTGTTCCCACTTTAGG-1,GSM8848585,7,Neuroendocrine-like,0.028287942,False,CNV_low_candidate
GSM8848585_CGAACCAAGAAGCATCACTTTAGG-1,GSM8848585,12,Stress/hypoxia-like,0.04184331,False,not_assessed
GSM8848585_CGAACCAAGAGAGCAAACTTTAGG-1,GSM8848585,8,Cycling,0.1462038,True,not_assessed
GSM8848585_CGAAGAAAGATTCCCAACTTTAGG-1,GSM8848585,9,Neuroendocrine-like,0.0838056,False,CNV_low_candidate
GSM8848585_CGAAGAAAGCAACATAACTTTAGG-1,GSM8848585,9,Neuroendocrine-like,0.028303787,False,CNV_low_candidate
GSM8848585_CGAAGAAAGCCTATATACTTTAGG-1,GSM8848585,7,Neuroendocrine-like,0.07988457,False,CNV_low_candidate
GSM8848585_CGAAGAAAGGCAAGCCACTTTAGG-1,GSM8848585,4,Fibroblast,0.07753251,False,reference_like
GSM8848585_CGAAGAAAGTCAACTTACTTTAGG-1,GSM8848585,8,Cycling,0.04282064,False,not_assessed
GSM8848585_CGAATAGGTACGTAAGACTTTAGG-1,GSM8848585,7,Neuroendocrine-like,0.052551836,False,CNV_low_candidate
GSM8848585_CGAATAGGTAGCCATTACTTTAGG-1,GSM8848585,7,Neuroendocrine-like,0.10129838,True,CNV_high_candidate
GSM8848585_CGAATAGGTGTGTTACACTTTAGG-1,GSM8848585,14,Epithelial-like - uncertain,0.03531864,False,CNV_low_candidate
GSM8848585_CGAATAGGTGTTCCAGACTTTAGG-1,GSM8848585,8,Cycling,0.034667794,False,not_assessed
GSM8848585_CGAATATCAGTTATCCACTTTAGG-1,GSM8848585,9,Neuroendocrine-like,0.024482284,False,CNV_low_candidate
GSM8848585_CGACAAAGTAGCGCGAACTTTAGG-1,GSM8848585,9,Neuroendocrine-like,0.039352108,False,CNV_low_candidate
GSM8848585_CGACAAAGTCTAACCGACTTTAGG-1,GSM8848585,11,Prostate epithelial - luminal,0.075763114,False,CNV_low_candidate
GSM8848585_CGACAAAGTTAGCTCGACTTTAGG-1,GSM8848585,9,Neuroendocrine-like,0.03833806,False,CNV_low_candidate
GSM8848585_CGACACAAGAAGCATCACTTTAGG-1,GSM8848585,11,Prostate epithelial - luminal,0.08639372,False,CNV_low_candidate
GSM8848585_CGACACAAGCGAAGTTACTTTAGG-1,GSM8848585,9,Neuroendocrine-like,0.020316523,False,CNV_low_candidate
GSM8848585_CGACACCGTCGTTGCAACTTTAGG-1,GSM8848585,9,Neuroendocrine-like,0.0319649,False,CNV_low_candidate
GSM8848585_CGACATTGTGCTCCAAACTTTAGG-1,GSM8848585,8,Cycling,0.022801723,False,not_assessed
GSM8848585_CGACATTGTTGCTGTGACTTTAGG-1,GSM8848585,11,Prostate epithelial - luminal,0.113067895,True,CNV_high_candidate
GSM8848585_CGACATTGTTGTCATAACTTTAGG-1,GSM8848585,4,Fibroblast,0.020262664,False,reference_like
GSM8848585_CGACATTGTTTGTCAAACTTTAGG-1,GSM8848585,9,Neuroendocrine-like,0.048601415,False,CNV_low_candidate
GSM8848585_CGACCGTGTAAGGCTAACTTTAGG-1,GSM8848585,11,Prostate epithelial - luminal,0.05504327,False,CNV_low_candidate
GSM8848585_CGACCGTGTCGTTCGAACTTTAGG-1,GSM8848585,4,Fibroblast,0.0670379,False,reference_like
GSM8848585_CGACCGTGTTTGTCAAACTTTAGG-1,GSM8848585,11,Prostate epithelial - luminal,0.11300047,True,CNV_high_candidate
GSM8848585_CGACTCCCACTCAAAGACTTTAGG-1,GSM8848585,11,Prostate epithelial - luminal,0.15715513,True,CNV_high_candidate
GSM8848585_CGACTCCCATCACAGAACTTTAGG-1,GSM8848585,4,Fibroblast,0.02452581,False,reference_like
GSM8848585_CGACTCCCATCATGTCACTTTAGG-1,GSM8848585,7,Neuroendocrine-like,0.019425081,False,CNV_low_candidate
GSM8848585_CGACTTTCAAAGACCCACTTTAGG-1,GSM8848585,4,Fibroblast,0.065612204,False,reference_like
GSM8848585_CGACTTTCACATAGTGACTTTAGG-1,GSM8848585,3,Endothelial,0.03240115,False,reference_like
GSM8848585_CGACTTTCATCACAGAACTTTAGG-1,GSM8848585,11,Prostate epithelial - luminal,0.04944323,False,CNV_low_candidate
GSM8848585_CGACTTTCATTCCTTTACTTTAGG-1,GSM8848585,9,Neuroendocrine-like,0.035585288,False,CNV_low_candidate
GSM8848585_CGAGAGGAGAAACCCGACTTTAGG-1,GSM8848585,13,Neuroendocrine-like,0.029089903,False,CNV_low_candidate
GSM8848585_CGAGAGGAGAGGCGAGACTTTAGG-1,GSM8848585,11,Prostate epithelial - luminal,0.14777245,True,CNV_high_candidate
GSM8848585_CGAGAGGAGATGAAGGACTTTAGG-1,GSM8848585,4,Fibroblast,0.05151248,False,reference_like
GSM8848585_CGAGAGGAGTGTGCAGACTTTAGG-1,GSM8848585,11,Prostate epithelial - luminal,0.027317815,False,CNV_low_candidate
GSM8848585_CGAGCGAGTAAGCGTAACTTTAGG-1,GSM8848585,13,Neuroendocrine-like,0.027692806,False,CNV_low_candidate
GSM8848585_CGAGCGAGTAAGGTTGACTTTAGG-1,GSM8848585,7,Neuroendocrine-like,0.09631252,False,CNV_low_candidate
GSM8848585_CGAGCGAGTATTGTCAACTTTAGG-1,GSM8848585,9,Neuroendocrine-like,0.06554608,False,CNV_low_candidate
GSM8848585_CGAGCGAGTCCATAGTACTTTAGG-1,GSM8848585,11,Prostate epithelial - luminal,0.12838808,True,CNV_high_candidate
GSM8848585_CGAGCGAGTCTTACTTACTTTAGG-1,GSM8848585,8,Cycling,0.11587999,True,not_assessed
GSM8848585_CGAGCGAGTGGTGCAGACTTTAGG-1,GSM8848585,12,Stress/hypoxia-like,0.028143302,False,not_assessed
GSM8848585_CGAGCGAGTTAGACTCACTTTAGG-1,GSM8848585,9,Neuroendocrine-like,0.022790207,False,CNV_low_candidate
GSM8848585_CGAGCGAGTTCGATGTACTTTAGG-1,GSM8848585,8,Cycling,0.022191968,False,not_assessed
GSM8848585_CGAGCGAGTTGTTGGTACTTTAGG-1,GSM8848585,7,Neuroendocrine-like,0.10367703,True,CNV_high_candidate
GSM8848585_CGAGCTTTCAAGCGATACTTTAGG-1,GSM8848585,11,Prostate epithelial - luminal,0.021006634,False,CNV_low_candidate
GSM8848585_CGAGCTTTCACAGGATACTTTAGG-1,GSM8848585,9,Neuroendocrine-like,0.029268134,False,CNV_low_candidate
GSM8848585_CGAGCTTTCACTAATCACTTTAGG-1,GSM8848585,8,Cycling,0.07130363,False,not_assessed
GSM8848585_CGAGCTTTCAGTAGCGACTTTAGG-1,GSM8848585,7,Neuroendocrine-like,0.0323754,False,CNV_low_candidate
GSM8848585_CGAGGAGAGATTCATCACTTTAGG-1,GSM8848585,11,Prostate epithelial - luminal,0.13009946,True,CNV_high_candidate
GSM8848585_CGATAAATCAACTGTTACTTTAGG-1,GSM8848585,9,Neuroendocrine-like,0.039399806,False,CNV_low_candidate
GSM8848585_CGATAAATCCAGCTACACTTTAGG-1,GSM8848585,7,Neuroendocrine-like,0.02783756,False,CNV_low_candidate
GSM8848585_CGATAAATCGATTACTACTTTAGG-1,GSM8848585,11,Prostate epithelial - luminal,0.15222296,True,CNV_high_candidate
GSM8848585_CGATAAATCTTTAAGCACTTTAGG-1,GSM8848585,8,Cycling,0.111773014,True,not_assessed
GSM8848585_CGATAGCCAGGCGAAAACTTTAGG-1,GSM8848585,9,Neuroendocrine-like,0.022586007,False,CNV_low_candidate
GSM8848585_CGATAGCCAGTTATCCACTTTAGG-1,GSM8848585,7,Neuroendocrine-like,0.11135591,True,CNV_high_candidate
GSM8848585_CGATAGCCATCACGAAACTTTAGG-1,GSM8848585,8,Cycling,0.025999667,False,not_assessed
GSM8848585_CGATAGGTCAGGCTGAACTTTAGG-1,GSM8848585,8,Cycling,0.036835674,False,not_assessed
GSM8848585_CGATAGGTCCAAAGACACTTTAGG-1,GSM8848585,8,Cycling,0.033340454,False,not_assessed
GSM8848585_CGATAGGTCGAAGCATACTTTAGG-1,GSM8848585,9,Neuroendocrine-like,0.022153491,False,CNV_low_candidate
GSM8848585_CGATGAAGTAAGCGTAACTTTAGG-1,GSM8848585,7,Neuroendocrine-like,0.043028597,False,CNV_low_candidate
GSM8848585_CGATGAAGTGGATGGTACTTTAGG-1,GSM8848585,7,Neuroendocrine-like,0.106712505,True,CNV_high_candidate
GSM8848585_CGATGACCAATACTGGACTTTAGG-1,GSM8848585,13,Neuroendocrine-like,0.047643106,False,CNV_low_candidate
GSM8848585_CGATGACCATGAGTCAACTTTAGG-1,GSM8848585,8,Cycling,0.03967859,False,not_assessed
GSM8848585_CGATGTTGTCAATGTCACTTTAGG-1,GSM8848585,9,Neuroendocrine-like,0.03815676,False,CNV_low_candidate
GSM8848585_CGATGTTGTTGTCAGTACTTTAGG-1,GSM8848585,4,Fibroblast,0.07854056,False,reference_like
GSM8848585_CGATTACGTCCCTCATACTTTAGG-1,GSM8848585,8,Cycling,0.053167704,False,not_assessed
GSM8848585_CGATTACGTGCTCCAAACTTTAGG-1,GSM8848585,13,Neuroendocrine-like,0.04257539,False,CNV_low_candidate
GSM8848585_CGATTACGTGGTTACTACTTTAGG-1,GSM8848585,11,Prostate epithelial - luminal,0.1427108,True,CNV_high_candidate
GSM8848585_CGATTCATCATTGCATACTTTAGG-1,GSM8848585,6,Macrophage,0.03523149,False,reference_like
GSM8848585_CGATTGACACCATACTACTTTAGG-1,GSM8848585,11,Prostate epithelial - luminal,0.06405634,False,CNV_low_candidate
GSM8848585_CGATTGACACCGGTAGACTTTAGG-1,GSM8848585,3,Endothelial,0.03522341,False,reference_like
GSM8848585_CGATTGACACTATGGAACTTTAGG-1,GSM8848585,9,Neuroendocrine-like,0.033524714,False,CNV_low_candidate
GSM8848585_CGATTGACAGGTAGCTACTTTAGG-1,GSM8848585,7,Neuroendocrine-like,0.01778564,False,CNV_low_candidate
GSM8848585_CGATTGTGTGCTCCTTACTTTAGG-1,GSM8848585,8,Cycling,0.022737736,False,not_assessed
GSM8848585_CGATTGTGTTCTTACTACTTTAGG-1,GSM8848585,7,Neuroendocrine-like,0.021246253,False,CNV_low_candidate
GSM8848585_CGATTTAGTACTTCCCACTTTAGG-1,GSM8848585,8,Cycling,0.058199946,False,not_assessed
GSM8848585_CGCAACTTCCAAAGACACTTTAGG-1,GSM8848585,11,Prostate epithelial - luminal,0.05461505,False,CNV_low_candidate
GSM8848585_CGCAACTTCCCATAATACTTTAGG-1,GSM8848585,8,Cycling,0.11225371,True,not_assessed
GSM8848585_CGCAACTTCGCAAATAACTTTAGG-1,GSM8848585,9,Neuroendocrine-like,0.04894723,False,CNV_low_candidate
GSM8848585_CGCAATCTCTAACCATACTTTAGG-1,GSM8848585,11,Prostate epithelial - luminal,0.026533796,False,CNV_low_candidate
GSM8848585_CGCAATCTCTATTGCGACTTTAGG-1,GSM8848585,8,Cycling,0.0972408,False,not_assessed
GSM8848585_CGCAATTGTATTGGGAACTTTAGG-1,GSM8848585,11,Prostate epithelial - luminal,0.07237691,False,CNV_low_candidate
GSM8848585_CGCAATTGTTACCGTGACTTTAGG-1,GSM8848585,7,Neuroendocrine-like,0.04522414,False,CNV_low_candidate
GSM8848585_CGCAATTGTTGGATAGACTTTAGG-1,GSM8848585,11,Prostate epithelial - luminal,0.121755816,True,CNV_high_candidate
GSM8848585_CGCAATTGTTGTGAGAACTTTAGG-1,GSM8848585,8,Cycling,0.11398941,True,not_assessed
GSM8848585_CGCACAAAGATAGCCGACTTTAGG-1,GSM8848585,8,Cycling,0.053804692,False,not_assessed
GSM8848585_CGCACAAAGGCCAACAACTTTAGG-1,GSM8848585,4,Fibroblast,0.020754948,False,reference_like
GSM8848585_CGCACATTCAAACCGGACTTTAGG-1,GSM8848585,9,Neuroendocrine-like,0.04054085,False,CNV_low_candidate
GSM8848585_CGCACATTCATGCCTAACTTTAGG-1,GSM8848585,9,Neuroendocrine-like,0.059530616,False,CNV_low_candidate
GSM8848585_CGCACATTCGCAGGACACTTTAGG-1,GSM8848585,8,Cycling,0.06374217,False,not_assessed
GSM8848585_CGCACATTCGTTCGTAACTTTAGG-1,GSM8848585,8,Cycling,0.047514226,False,not_assessed
GSM8848585_CGCACATTCGTTGCACACTTTAGG-1,GSM8848585,9,Neuroendocrine-like,0.03758191,False,CNV_low_candidate
GSM8848585_CGCAGCACAATCCACTACTTTAGG-1,GSM8848585,8,Cycling,0.055120137,False,not_assessed
GSM8848585_CGCAGCACAGAATCGCACTTTAGG-1,GSM8848585,11,Prostate epithelial - luminal,0.05213241,False,CNV_low_candidate
GSM8848585_CGCAGCACAGCTTTCGACTTTAGG-1,GSM8848585,9,Neuroendocrine-like,0.058834802,False,CNV_low_candidate
GSM8848585_CGCAGCACATCCCTCTACTTTAGG-1,GSM8848585,7,Neuroendocrine-like,0.04579339,False,CNV_low_candidate
GSM8848585_CGCAGGTAGCAAATTGACTTTAGG-1,GSM8848585,9,Neuroendocrine-like,0.026957339,False,CNV_low_candidate
GSM8848585_CGCAGGTAGGAACTTAACTTTAGG-1,GSM8848585,14,Epithelial-like - uncertain,0.064573966,False,CNV_low_candidate
GSM8848585_CGCAGGTAGGGTTGGCACTTTAGG-1,GSM8848585,4,Fibroblast,0.019117676,False,reference_like
GSM8848585_CGCAGGTAGTCTAATCACTTTAGG-1,GSM8848585,12,Stress/hypoxia-like,0.021193748,False,not_assessed
GSM8848585_CGCATCCCACGGATACACTTTAGG-1,GSM8848585,9,Neuroendocrine-like,0.033566654,False,CNV_low_candidate
GSM8848585_CGCATCCCATACTTCAACTTTAGG-1,GSM8848585,11,Prostate epithelial - luminal,0.029365929,False,CNV_low_candidate
GSM8848585_CGCATCCCATAGGGTCACTTTAGG-1,GSM8848585,8,Cycling,0.02555847,False,not_assessed
GSM8848585_CGCATCCCATTGTGTCACTTTAGG-1,GSM8848585,4,Fibroblast,0.020179803,False,reference_like
GSM8848585_CGCATGAAGCTATATCACTTTAGG-1,GSM8848585,9,Neuroendocrine-like,0.023232393,False,CNV_low_candidate
GSM8848585_CGCATGAAGTTAACAGACTTTAGG-1,GSM8848585,8,Cycling,0.032984804,False,not_assessed
GSM8848585_CGCATGAAGTTGGCCTACTTTAGG-1,GSM8848585,11,Prostate epithelial - luminal,0.097826816,False,CNV_low_candidate
GSM8848585_CGCATTATCAACCTCAACTTTAGG-1,GSM8848585,11,Prostate epithelial - luminal,0.08506677,False,CNV_low_candidate
GSM8848585_CGCATTATCTCAGCACACTTTAGG-1,GSM8848585,13,Neuroendocrine-like,0.04660388,False,CNV_low_candidate
GSM8848585_CGCATTTCAAATAGGAACTTTAGG-1,GSM8848585,9,Neuroendocrine-like,0.025671104,False,CNV_low_candidate
GSM8848585_CGCATTTCAGAATGAAACTTTAGG-1,GSM8848585,6,Macrophage,0.046979908,False,reference_like
GSM8848585_CGCCATCCAGTGAGAGACTTTAGG-1,GSM8848585,11,Prostate epithelial - luminal,0.16444263,True,CNV_high_candidate
GSM8848585_CGCGACACAAACCGTAACTTTAGG-1,GSM8848585,11,Prostate epithelial - luminal,0.055604864,False,CNV_low_candidate
GSM8848585_CGCGACACAGCCCTTAACTTTAGG-1,GSM8848585,4,Fibroblast,0.024407746,False,reference_like
GSM8848585_CGCGACACAGCTAAGCACTTTAGG-1,GSM8848585,11,Prostate epithelial - luminal,0.08015473,False,CNV_low_candidate
GSM8848585_CGCGATAAGTAAGCTAACTTTAGG-1,GSM8848585,4,Fibroblast,0.025716886,False,reference_like
GSM8848585_CGCGTGACATACCTTAACTTTAGG-1,GSM8848585,9,Neuroendocrine-like,0.029211838,False,CNV_low_candidate
GSM8848585_CGCGTGACATTGAAGTACTTTAGG-1,GSM8848585,9,Neuroendocrine-like,0.031214057,False,CNV_low_candidate
GSM8848585_CGCGTTCCAGGATTGCACTTTAGG-1,GSM8848585,4,Fibroblast,0.049951736,False,reference_like
GSM8848585_CGCGTTCCAGGTGACTACTTTAGG-1,GSM8848585,4,Fibroblast,0.071241386,False,reference_like
GSM8848585_CGCTAAACAAGGCCATACTTTAGG-1,GSM8848585,11,Prostate epithelial - luminal,0.10893803,True,CNV_high_candidate
GSM8848585_CGCTAAACAGCACCTCACTTTAGG-1,GSM8848585,11,Prostate epithelial - luminal,0.0745858,False,CNV_low_candidate
GSM8848585_CGCTACGTCAGCACAGACTTTAGG-1,GSM8848585,4,Fibroblast,0.059093356,False,reference_like
GSM8848585_CGCTACGTCAGGGATTACTTTAGG-1,GSM8848585,11,Prostate epithelial - luminal,0.07263766,False,CNV_low_candidate
GSM8848585_CGCTATATCACTTCGAACTTTAGG-1,GSM8848585,11,Prostate epithelial - luminal,0.08488162,False,CNV_low_candidate
GSM8848585_CGCTATATCGATTCTGACTTTAGG-1,GSM8848585,7,Neuroendocrine-like,0.024304597,False,CNV_low_candidate
GSM8848585_CGCTCAGTCTAAGTAGACTTTAGG-1,GSM8848585,4,Fibroblast,0.15154046,True,reference_like
GSM8848585_CGCTCAGTCTAATTGCACTTTAGG-1,GSM8848585,3,Endothelial,0.039816655,False,reference_like
GSM8848585_CGCTGGACAACAAGCCACTTTAGG-1,GSM8848585,13,Neuroendocrine-like,0.03699687,False,CNV_low_candidate
GSM8848585_CGCTTTAAGCTCAACCACTTTAGG-1,GSM8848585,11,Prostate epithelial - luminal,0.11166599,True,CNV_high_candidate
GSM8848585_CGCTTTAAGCTTGATTACTTTAGG-1,GSM8848585,4,Fibroblast,0.027300453,False,reference_like
GSM8848585_CGGAACCAGGAACCGCACTTTAGG-1,GSM8848585,8,Cycling,0.026806396,False,not_assessed
GSM8848585_CGGAACCAGTGTAATGACTTTAGG-1,GSM8848585,9,Neuroendocrine-like,0.025179664,False,CNV_low_candidate
GSM8848585_CGGCAATCAAACTTGGACTTTAGG-1,GSM8848585,11,Prostate epithelial - luminal,0.17520204,True,CNV_high_candidate
GSM8848585_CGGCAATCACGTAGGTACTTTAGG-1,GSM8848585,11,Prostate epithelial - luminal,0.057178568,False,CNV_low_candidate
GSM8848585_CGGCTAAAGGTTAGACACTTTAGG-1,GSM8848585,14,Epithelial-like - uncertain,0.018175632,False,CNV_low_candidate
GSM8848585_CGGGATGGTACTAACCACTTTAGG-1,GSM8848585,14,Epithelial-like - uncertain,0.07729482,False,CNV_low_candidate
GSM8848585_CGGGATGGTCCATCAGACTTTAGG-1,GSM8848585,9,Neuroendocrine-like,0.05826379,False,CNV_low_candidate
GSM8848585_CGGGATGGTGAACGACACTTTAGG-1,GSM8848585,7,Neuroendocrine-like,0.023271011,False,CNV_low_candidate
GSM8848585_CGGGATGGTGGCTTTGACTTTAGG-1,GSM8848585,12,Stress/hypoxia-like,0.028391175,False,not_assessed
GSM8848585_CGGGATGGTTGAATCCACTTTAGG-1,GSM8848585,8,Cycling,0.027990287,False,not_assessed
GSM8848585_CGGGCTACAACAGCACACTTTAGG-1,GSM8848585,11,Prostate epithelial - luminal,0.026067395,False,CNV_low_candidate
GSM8848585_CGGGCTACAGCGATCGACTTTAGG-1,GSM8848585,4,Fibroblast,0.040703654,False,reference_like
GSM8848585_CGGGCTACATGTTTCAACTTTAGG-1,GSM8848585,14,Epithelial-like - uncertain,0.076366365,False,CNV_low_candidate
GSM8848585_CGGGCTACATTACTTGACTTTAGG-1,GSM8848585,11,Prostate epithelial - luminal,0.030391648,False,CNV_low_candidate
GSM8848585_CGGTATTGTTCCAGCAACTTTAGG-1,GSM8848585,11,Prostate epithelial - luminal,0.096268184,False,CNV_low_candidate
GSM8848585_CGGTCAAAGTTGCGCTACTTTAGG-1,GSM8848585,8,Cycling,0.024086252,False,not_assessed
GSM8848585_CGGTCAAAGTTTACCGACTTTAGG-1,GSM8848585,9,Neuroendocrine-like,0.045477327,False,CNV_low_candidate
GSM8848585_CGGTGAGGTATTCAGCACTTTAGG-1,GSM8848585,11,Prostate epithelial - luminal,0.06210823,False,CNV_low_candidate
GSM8848585_CGGTGAGGTTGAGGACACTTTAGG-1,GSM8848585,9,Neuroendocrine-like,0.039046146,False,CNV_low_candidate
GSM8848585_CGGTGCACATGGGTTAACTTTAGG-1,GSM8848585,13,Neuroendocrine-like,0.071894065,False,CNV_low_candidate
GSM8848585_CGGTGTGCAGCACTAAACTTTAGG-1,GSM8848585,9,Neuroendocrine-like,0.0279875,False,CNV_low_candidate
GSM8848585_CGGTTATGTATGTTGCACTTTAGG-1,GSM8848585,14,Epithelial-like - uncertain,0.039291635,False,CNV_low_candidate
GSM8848585_CGGTTATGTCCATCCTACTTTAGG-1,GSM8848585,11,Prostate epithelial - luminal,0.0679749,False,CNV_low_candidate
GSM8848585_CGTAAACAGCACTACCACTTTAGG-1,GSM8848585,8,Cycling,0.07236856,False,not_assessed
GSM8848585_CGTAAACAGCTCAACCACTTTAGG-1,GSM8848585,4,Fibroblast,0.031942945,False,reference_like
GSM8848585_CGTAAACAGGCTTTATACTTTAGG-1,GSM8848585,13,Neuroendocrine-like,0.055082846,False,CNV_low_candidate
GSM8848585_CGTAAACAGTGATTTCACTTTAGG-1,GSM8848585,13,Neuroendocrine-like,0.025404098,False,CNV_low_candidate
GSM8848585_CGTAAACAGTGCAACGACTTTAGG-1,GSM8848585,9,Neuroendocrine-like,0.031466756,False,CNV_low_candidate
GSM8848585_CGTAAAGGTATTTACGACTTTAGG-1,GSM8848585,11,Prostate epithelial - luminal,0.029006708,False,CNV_low_candidate
GSM8848585_CGTAAAGGTTAACGAGACTTTAGG-1,GSM8848585,12,Stress/hypoxia-like,0.025191082,False,not_assessed
GSM8848585_CGTAACGAGTGTAATGACTTTAGG-1,GSM8848585,9,Neuroendocrine-like,0.05666289,False,CNV_low_candidate
GSM8848585_CGTAACGAGTTGGCCTACTTTAGG-1,GSM8848585,9,Neuroendocrine-like,0.02625958,False,CNV_low_candidate
GSM8848585_CGTAAGTAGCGAGGGAACTTTAGG-1,GSM8848585,7,Neuroendocrine-like,0.030358786,False,CNV_low_candidate
GSM8848585_CGTAATCGTAGTAGCAACTTTAGG-1,GSM8848585,4,Fibroblast,0.022649568,False,reference_like
GSM8848585_CGTAATCGTGGGTGTGACTTTAGG-1,GSM8848585,11,Prostate epithelial - luminal,0.11480315,True,CNV_high_candidate
GSM8848585_CGTAATCGTTAACGAGACTTTAGG-1,GSM8848585,9,Neuroendocrine-like,0.1073526,True,CNV_high_candidate
GSM8848585_CGTAATCGTTGTCATAACTTTAGG-1,GSM8848585,11,Prostate epithelial - luminal,0.118340574,True,CNV_high_candidate
GSM8848585_CGTAATTTCATGGATAACTTTAGG-1,GSM8848585,4,Fibroblast,0.14515814,True,reference_like
GSM8848585_CGTAATTTCGACCGTTACTTTAGG-1,GSM8848585,7,Neuroendocrine-like,0.043315966,False,CNV_low_candidate
GSM8848585_CGTACGTTCACTAGGGACTTTAGG-1,GSM8848585,11,Prostate epithelial - luminal,0.08556493,False,CNV_low_candidate
GSM8848585_CGTACGTTCCACAACCACTTTAGG-1,GSM8848585,3,Endothelial,0.049899746,False,reference_like
GSM8848585_CGTACGTTCCCATAATACTTTAGG-1,GSM8848585,13,Neuroendocrine-like,0.027974207,False,CNV_low_candidate
GSM8848585_CGTACGTTCGCGGATAACTTTAGG-1,GSM8848585,11,Prostate epithelial - luminal,0.14820354,True,CNV_high_candidate
GSM8848585_CGTACGTTCTTGAAGAACTTTAGG-1,GSM8848585,11,Prostate epithelial - luminal,0.05723413,False,CNV_low_candidate
GSM8848585_CGTACTTCAATGGCCGACTTTAGG-1,GSM8848585,11,Prostate epithelial - luminal,0.16042927,True,CNV_high_candidate
GSM8848585_CGTACTTCAGTGAGAGACTTTAGG-1,GSM8848585,9,Neuroendocrine-like,0.02043715,False,CNV_low_candidate
GSM8848585_CGTACTTCATACTTGCACTTTAGG-1,GSM8848585,7,Neuroendocrine-like,0.0691565,False,CNV_low_candidate
GSM8848585_CGTAGCGCAAGATAAGACTTTAGG-1,GSM8848585,9,Neuroendocrine-like,0.05161859,False,CNV_low_candidate
GSM8848585_CGTAGCGCAGCCATTTACTTTAGG-1,GSM8848585,8,Cycling,0.09332123,False,not_assessed
GSM8848585_CGTATATTCATGACCCACTTTAGG-1,GSM8848585,8,Cycling,0.061429966,False,not_assessed
GSM8848585_CGTATATTCCTGCCAGACTTTAGG-1,GSM8848585,6,Macrophage,0.04478432,False,reference_like
GSM8848585_CGTCATTCAGGAATAAACTTTAGG-1,GSM8848585,11,Prostate epithelial - luminal,0.12600373,True,CNV_high_candidate
GSM8848585_CGTCCATAGCTATATCACTTTAGG-1,GSM8848585,11,Prostate epithelial - luminal,0.023717368,False,CNV_low_candidate
GSM8848585_CGTGAACCAAATCACGACTTTAGG-1,GSM8848585,8,Cycling,0.06857786,False,not_assessed
GSM8848585_CGTGAACCACCTAACTACTTTAGG-1,GSM8848585,8,Cycling,0.055125736,False,not_assessed
GSM8848585_CGTGAGGGTAAACTGGACTTTAGG-1,GSM8848585,11,Prostate epithelial - luminal,0.07240029,False,CNV_low_candidate
GSM8848585_CGTGAGGGTACACCCAACTTTAGG-1,GSM8848585,9,Neuroendocrine-like,0.023051409,False,CNV_low_candidate
GSM8848585_CGTGAGGGTCGTCCAAACTTTAGG-1,GSM8848585,13,Neuroendocrine-like,0.03429117,False,CNV_low_candidate
GSM8848585_CGTGCGTGTACGGGCAACTTTAGG-1,GSM8848585,9,Neuroendocrine-like,0.035113655,False,CNV_low_candidate
GSM8848585_CGTGCGTGTATAGTGGACTTTAGG-1,GSM8848585,14,Epithelial-like - uncertain,0.047747705,False,CNV_low_candidate
GSM8848585_CGTGCGTGTATTTACGACTTTAGG-1,GSM8848585,7,Neuroendocrine-like,0.056297332,False,CNV_low_candidate
GSM8848585_CGTGCTTAGAGGAAATACTTTAGG-1,GSM8848585,4,Fibroblast,0.020255115,False,reference_like
GSM8848585_CGTGCTTAGTAACGGTACTTTAGG-1,GSM8848585,11,Prostate epithelial - luminal,0.08158523,False,CNV_low_candidate
GSM8848585_CGTGCTTAGTTTCAGTACTTTAGG-1,GSM8848585,11,Prostate epithelial - luminal,0.08365258,False,CNV_low_candidate
GSM8848585_CGTGTCCCACGTAGTAACTTTAGG-1,GSM8848585,9,Neuroendocrine-like,0.05462922,False,CNV_low_candidate
GSM8848585_CGTGTCCCAGTAAGTTACTTTAGG-1,GSM8848585,4,Fibroblast,0.058774088,False,reference_like
GSM8848585_CGTGTCCCAGTGAGAGACTTTAGG-1,GSM8848585,11,Prostate epithelial - luminal,0.10683308,True,CNV_high_candidate
GSM8848585_CGTGTCCCATCACAGAACTTTAGG-1,GSM8848585,8,Cycling,0.03715859,False,not_assessed
GSM8848585_CGTGTTTCAGATAACTACTTTAGG-1,GSM8848585,11,Prostate epithelial - luminal,0.033655856,False,CNV_low_candidate
GSM8848585_CGTGTTTCATCACAGAACTTTAGG-1,GSM8848585,10,Activated fibroblast,0.045389537,False,reference_like
GSM8848585_CGTTACATCATGGAACACTTTAGG-1,GSM8848585,8,Cycling,0.01649633,False,not_assessed
GSM8848585_CGTTACATCCAAAGACACTTTAGG-1,GSM8848585,11,Prostate epithelial - luminal,0.12219302,True,CNV_high_candidate
GSM8848585_CGTTACATCCAGCTTAACTTTAGG-1,GSM8848585,14,Epithelial-like - uncertain,0.11852983,True,CNV_high_candidate
GSM8848585_CGTTACATCGTTATGTACTTTAGG-1,GSM8848585,5,T/NK lymphocyte,0.019644877,False,reference_like
GSM8848585_CGTTACTCAAGGCTTAACTTTAGG-1,GSM8848585,3,Endothelial,0.072376564,False,reference_like
GSM8848585_CGTTACTCAGGTTTCTACTTTAGG-1,GSM8848585,3,Endothelial,0.07718242,False,reference_like
GSM8848585_CGTTATAGTAAAGCATACTTTAGG-1,GSM8848585,11,Prostate epithelial - luminal,0.17327154,True,CNV_high_candidate
GSM8848585_CGTTATAGTAAGCGTAACTTTAGG-1,GSM8848585,8,Cycling,0.056898538,False,not_assessed
GSM8848585_CGTTATAGTCGTTCGAACTTTAGG-1,GSM8848585,11,Prostate epithelial - luminal,0.02502742,False,CNV_low_candidate
GSM8848585_CGTTATGTCGTTATGTACTTTAGG-1,GSM8848585,11,Prostate epithelial - luminal,0.046778902,False,CNV_low_candidate
GSM8848585_CGTTCAATCATAATGGACTTTAGG-1,GSM8848585,11,Prostate epithelial - luminal,0.07840905,False,CNV_low_candidate
GSM8848585_CGTTCAATCGCATTTGACTTTAGG-1,GSM8848585,9,Neuroendocrine-like,0.07683996,False,CNV_low_candidate
GSM8848585_CGTTCAATCGCCACATACTTTAGG-1,GSM8848585,11,Prostate epithelial - luminal,0.12936686,True,CNV_high_candidate
GSM8848585_CGTTCAATCTAAATCCACTTTAGG-1,GSM8848585,14,Epithelial-like - uncertain,0.06860131,False,CNV_low_candidate
GSM8848585_CGTTCGTAGATAACGCACTTTAGG-1,GSM8848585,9,Neuroendocrine-like,0.025453685,False,CNV_low_candidate
GSM8848585_CGTTCGTAGATGCTAAACTTTAGG-1,GSM8848585,9,Neuroendocrine-like,0.019346178,False,CNV_low_candidate
GSM8848585_CGTTCGTAGGAAGGTAACTTTAGG-1,GSM8848585,9,Neuroendocrine-like,0.06976213,False,CNV_low_candidate
GSM8848585_CGTTGCGTCATCAGCCACTTTAGG-1,GSM8848585,7,Neuroendocrine-like,0.05908746,False,CNV_low_candidate
GSM8848585_CGTTGCGTCCATTAGTACTTTAGG-1,GSM8848585,7,Neuroendocrine-like,0.06570137,False,CNV_low_candidate
GSM8848585_CGTTTGGGTTCGGTATACTTTAGG-1,GSM8848585,13,Neuroendocrine-like,0.027474163,False,CNV_low_candidate
GSM8848585_CGTTTGGGTTGTTGGTACTTTAGG-1,GSM8848585,11,Prostate epithelial - luminal,0.10833518,True,CNV_high_candidate
GSM8848585_CTAAATGAGAAGCATCACTTTAGG-1,GSM8848585,8,Cycling,0.027921809,False,not_assessed
GSM8848585_CTAAATGAGCACCTTAACTTTAGG-1,GSM8848585,9,Neuroendocrine-like,0.077071846,False,CNV_low_candidate
GSM8848585_CTAAATGAGCAGGCTAACTTTAGG-1,GSM8848585,7,Neuroendocrine-like,0.04328354,False,CNV_low_candidate
GSM8848585_CTAAATGAGGCAAGTTACTTTAGG-1,GSM8848585,11,Prostate epithelial - luminal,0.09326906,False,CNV_low_candidate
GSM8848585_CTAAATGAGTTACCTGACTTTAGG-1,GSM8848585,13,Neuroendocrine-like,0.0403699,False,CNV_low_candidate
GSM8848585_CTAACAGCAAACCCAAACTTTAGG-1,GSM8848585,8,Cycling,0.023013454,False,not_assessed
GSM8848585_CTAACAGCAAGTTCCTACTTTAGG-1,GSM8848585,6,Macrophage,0.02657769,False,reference_like
GSM8848585_CTAACCATCACCAGCTACTTTAGG-1,GSM8848585,8,Cycling,0.087833054,False,not_assessed
GSM8848585_CTAACCGGTAACGGGTACTTTAGG-1,GSM8848585,7,Neuroendocrine-like,0.034573436,False,CNV_low_candidate
GSM8848585_CTAACCGGTAGCTTTAACTTTAGG-1,GSM8848585,9,Neuroendocrine-like,0.02717751,False,CNV_low_candidate
GSM8848585_CTAACCGGTGTTCCAGACTTTAGG-1,GSM8848585,4,Fibroblast,0.016822983,False,reference_like
GSM8848585_CTAACCTCATTGAGATACTTTAGG-1,GSM8848585,7,Neuroendocrine-like,0.13476232,True,CNV_high_candidate
GSM8848585_CTAACTAGTCAACTACACTTTAGG-1,GSM8848585,11,Prostate epithelial - luminal,0.11435976,True,CNV_high_candidate
GSM8848585_CTAAGATCACTGACTTACTTTAGG-1,GSM8848585,4,Fibroblast,0.016103707,False,reference_like
GSM8848585_CTAAGGCCATTCAACCACTTTAGG-1,GSM8848585,9,Neuroendocrine-like,0.021270031,False,CNV_low_candidate
GSM8848585_CTAAGGGTCACCTAATACTTTAGG-1,GSM8848585,8,Cycling,0.115344025,True,not_assessed
GSM8848585_CTAAGTAAGCATTACTACTTTAGG-1,GSM8848585,11,Prostate epithelial - luminal,0.031140385,False,CNV_low_candidate
GSM8848585_CTAAGTAAGGATGCATACTTTAGG-1,GSM8848585,11,Prostate epithelial - luminal,0.086067274,False,CNV_low_candidate
GSM8848585_CTAAGTCGTATTGTCAACTTTAGG-1,GSM8848585,7,Neuroendocrine-like,0.06994632,False,CNV_low_candidate
GSM8848585_CTAAGTCGTGCACAAAACTTTAGG-1,GSM8848585,14,Epithelial-like - uncertain,0.026505983,False,CNV_low_candidate
GSM8848585_CTAAGTCGTTGGCGAGACTTTAGG-1,GSM8848585,8,Cycling,0.05053529,False,not_assessed
GSM8848585_CTAAGTCGTTTACTGAACTTTAGG-1,GSM8848585,8,Cycling,0.031561345,False,not_assessed
GSM8848585_CTAAGTGCAGTGAGGAACTTTAGG-1,GSM8848585,12,Stress/hypoxia-like,0.071125954,False,not_assessed
GSM8848585_CTAATCTAGACTAATGACTTTAGG-1,GSM8848585,9,Neuroendocrine-like,0.017953262,False,CNV_low_candidate
GSM8848585_CTAATCTAGATGATTGACTTTAGG-1,GSM8848585,11,Prostate epithelial - luminal,0.15086102,True,CNV_high_candidate
GSM8848585_CTAATCTAGGCTTAGGACTTTAGG-1,GSM8848585,9,Neuroendocrine-like,0.028062608,False,CNV_low_candidate
GSM8848585_CTAATGCGTATGGGACACTTTAGG-1,GSM8848585,4,Fibroblast,0.14522013,True,reference_like
GSM8848585_CTAATGCGTTTCCTGCACTTTAGG-1,GSM8848585,8,Cycling,0.049529582,False,not_assessed
GSM8848585_CTACATCCAGCACTAAACTTTAGG-1,GSM8848585,4,Fibroblast,0.034562692,False,reference_like
GSM8848585_CTACATCCATTTCATGACTTTAGG-1,GSM8848585,4,Fibroblast,0.060263634,False,reference_like
GSM8848585_CTACCCACATTGAAGTACTTTAGG-1,GSM8848585,6,Macrophage,0.045329805,False,reference_like
GSM8848585_CTACCCACATTTCGCGACTTTAGG-1,GSM8848585,14,Epithelial-like - uncertain,0.022980202,False,CNV_low_candidate
GSM8848585_CTACCGGTCATGATGAACTTTAGG-1,GSM8848585,9,Neuroendocrine-like,0.026922537,False,CNV_low_candidate
GSM8848585_CTACCTAAGAAGCATCACTTTAGG-1,GSM8848585,9,Neuroendocrine-like,0.08668389,False,CNV_low_candidate
GSM8848585_CTACCTAAGCCAGAGCACTTTAGG-1,GSM8848585,4,Fibroblast,0.07691822,False,reference_like
GSM8848585_CTACGAACAATAAGGAACTTTAGG-1,GSM8848585,11,Prostate epithelial - luminal,0.030793384,False,CNV_low_candidate
GSM8848585_CTACTGATCCTTTAGGACTTTAGG-1,GSM8848585,4,Fibroblast,0.13885568,True,reference_like
GSM8848585_CTACTGGGTCCTCACTACTTTAGG-1,GSM8848585,11,Prostate epithelial - luminal,0.07256388,False,CNV_low_candidate
GSM8848585_CTACTGGGTCTCAGCAACTTTAGG-1,GSM8848585,8,Cycling,0.027251886,False,not_assessed
GSM8848585_CTACTGGGTTAGTGCTACTTTAGG-1,GSM8848585,3,Endothelial,0.0786116,False,reference_like
GSM8848585_CTAGATAAGCTTATCGACTTTAGG-1,GSM8848585,9,Neuroendocrine-like,0.05856506,False,CNV_low_candidate
GSM8848585_CTAGCTGGTCAATGTCACTTTAGG-1,GSM8848585,11,Prostate epithelial - luminal,0.117981784,True,CNV_high_candidate
GSM8848585_CTAGGCGCATAGACGCACTTTAGG-1,GSM8848585,9,Neuroendocrine-like,0.045383576,False,CNV_low_candidate
GSM8848585_CTAGGCGCATATTTCGACTTTAGG-1,GSM8848585,4,Fibroblast,0.053319365,False,reference_like
GSM8848585_CTAGGCGCATGTTTCAACTTTAGG-1,GSM8848585,11,Prostate epithelial - luminal,0.07045741,False,CNV_low_candidate
GSM8848585_CTAGGCGCATTTCGCGACTTTAGG-1,GSM8848585,9,Neuroendocrine-like,0.024283832,False,CNV_low_candidate
GSM8848585_CTAGGCTTCACAGATAACTTTAGG-1,GSM8848585,9,Neuroendocrine-like,0.03462998,False,CNV_low_candidate
GSM8848585_CTAGGTTGTCCATTAAACTTTAGG-1,GSM8848585,9,Neuroendocrine-like,0.03383737,False,CNV_low_candidate
GSM8848585_CTAGTCTCAACCTCGCACTTTAGG-1,GSM8848585,8,Cycling,0.025064494,False,not_assessed
GSM8848585_CTAGTCTCATTGTGTCACTTTAGG-1,GSM8848585,8,Cycling,0.03674546,False,not_assessed
GSM8848585_CTATAGGCACCGTTTGACTTTAGG-1,GSM8848585,7,Neuroendocrine-like,0.052201282,False,CNV_low_candidate
GSM8848585_CTATATCAGAAGGTTCACTTTAGG-1,GSM8848585,7,Neuroendocrine-like,0.03176802,False,CNV_low_candidate
GSM8848585_CTATATCAGGATTAGCACTTTAGG-1,GSM8848585,14,Epithelial-like - uncertain,0.072816536,False,CNV_low_candidate
GSM8848585_CTATATCAGTGCAACGACTTTAGG-1,GSM8848585,13,Neuroendocrine-like,0.03243148,False,CNV_low_candidate
GSM8848585_CTATCCGCACCACATTACTTTAGG-1,GSM8848585,8,Cycling,0.06726762,False,not_assessed
GSM8848585_CTATGAGCAAGCGAAGACTTTAGG-1,GSM8848585,11,Prostate epithelial - luminal,0.109694086,True,CNV_high_candidate
GSM8848585_CTATGAGCAGCCAGCAACTTTAGG-1,GSM8848585,11,Prostate epithelial - luminal,0.13802788,True,CNV_high_candidate
GSM8848585_CTATGAGCATTGCCGCACTTTAGG-1,GSM8848585,11,Prostate epithelial - luminal,0.0526939,False,CNV_low_candidate
GSM8848585_CTATGAGCATTGTGAGACTTTAGG-1,GSM8848585,11,Prostate epithelial - luminal,0.14595865,True,CNV_high_candidate
GSM8848585_CTATGCTCACTATCACACTTTAGG-1,GSM8848585,11,Prostate epithelial - luminal,0.071387805,False,CNV_low_candidate
GSM8848585_CTATGCTCAGCACTAAACTTTAGG-1,GSM8848585,7,Neuroendocrine-like,0.033457316,False,CNV_low_candidate
GSM8848585_CTATGCTCAGGAGCAAACTTTAGG-1,GSM8848585,11,Prostate epithelial - luminal,0.11015722,True,CNV_high_candidate
GSM8848585_CTATGGCTCTTGAATCACTTTAGG-1,GSM8848585,4,Fibroblast,0.03894298,False,reference_like
GSM8848585_CTATGGGAGCAAGTTAACTTTAGG-1,GSM8848585,8,Cycling,0.038852423,False,not_assessed
GSM8848585_CTATGGGAGGGCGGTTACTTTAGG-1,GSM8848585,7,Neuroendocrine-like,0.09865731,False,CNV_low_candidate
GSM8848585_CTATGGGAGTTTCGCAACTTTAGG-1,GSM8848585,14,Epithelial-like - uncertain,0.06819001,False,CNV_low_candidate
GSM8848585_CTATGTCCAACAGCACACTTTAGG-1,GSM8848585,9,Neuroendocrine-like,0.02263329,False,CNV_low_candidate
GSM8848585_CTATGTCCAACGACTAACTTTAGG-1,GSM8848585,8,Cycling,0.08553327,False,not_assessed
GSM8848585_CTATGTCCATCGAACAACTTTAGG-1,GSM8848585,9,Neuroendocrine-like,0.036541197,False,CNV_low_candidate
GSM8848585_CTATGTTAGAATGGGAACTTTAGG-1,GSM8848585,4,Fibroblast,0.028213115,False,reference_like
GSM8848585_CTATGTTAGACTTAAGACTTTAGG-1,GSM8848585,11,Prostate epithelial - luminal,0.09389854,False,CNV_low_candidate
GSM8848585_CTATGTTAGCAAAGCTACTTTAGG-1,GSM8848585,8,Cycling,0.032372795,False,not_assessed
GSM8848585_CTATGTTAGCGTGCTTACTTTAGG-1,GSM8848585,8,Cycling,0.045736607,False,not_assessed
GSM8848585_CTATGTTAGGGCCTTTACTTTAGG-1,GSM8848585,13,Neuroendocrine-like,0.044755626,False,CNV_low_candidate
GSM8848585_CTATTACAGATTCGTTACTTTAGG-1,GSM8848585,8,Cycling,0.12269131,True,not_assessed
GSM8848585_CTATTGAGTGTGAGACACTTTAGG-1,GSM8848585,11,Prostate epithelial - luminal,0.13542429,True,CNV_high_candidate
GSM8848585_CTATTGGTCACAGATAACTTTAGG-1,GSM8848585,11,Prostate epithelial - luminal,0.039193846,False,CNV_low_candidate
GSM8848585_CTATTGGTCGGGATGCACTTTAGG-1,GSM8848585,11,Prostate epithelial - luminal,0.08239169,False,CNV_low_candidate
GSM8848585_CTCAAATTCAATACAGACTTTAGG-1,GSM8848585,7,Neuroendocrine-like,0.09198394,False,CNV_low_candidate
GSM8848585_CTCAAATTCACATTCGACTTTAGG-1,GSM8848585,7,Neuroendocrine-like,0.03337472,False,CNV_low_candidate
GSM8848585_CTCAAATTCGAGAGAAACTTTAGG-1,GSM8848585,4,Fibroblast,0.07965364,False,reference_like
GSM8848585_CTCAACATCGGTTCCGACTTTAGG-1,GSM8848585,11,Prostate epithelial - luminal,0.051452886,False,CNV_low_candidate
GSM8848585_CTCAACATCTTAAGCTACTTTAGG-1,GSM8848585,11,Prostate epithelial - luminal,0.16103284,True,CNV_high_candidate
GSM8848585_CTCAAGACACTATCACACTTTAGG-1,GSM8848585,8,Cycling,0.03824615,False,not_assessed
GSM8848585_CTCAAGACATAGCGCGACTTTAGG-1,GSM8848585,7,Neuroendocrine-like,0.024341032,False,CNV_low_candidate
GSM8848585_CTCAAGCTCATCCCAAACTTTAGG-1,GSM8848585,11,Prostate epithelial - luminal,0.029991202,False,CNV_low_candidate
GSM8848585_CTCAAGCTCCAAACAAACTTTAGG-1,GSM8848585,9,Neuroendocrine-like,0.026154805,False,CNV_low_candidate
GSM8848585_CTCAAGCTCGGGATGCACTTTAGG-1,GSM8848585,4,Fibroblast,0.06425354,False,reference_like
GSM8848585_CTCAAGCTCTGGCTACACTTTAGG-1,GSM8848585,9,Neuroendocrine-like,0.023398785,False,CNV_low_candidate
GSM8848585_CTCAATAGTAAGCGTAACTTTAGG-1,GSM8848585,7,Neuroendocrine-like,0.020434871,False,CNV_low_candidate
GSM8848585_CTCAATAGTACCTTAAACTTTAGG-1,GSM8848585,7,Neuroendocrine-like,0.043949116,False,CNV_low_candidate
GSM8848585_CTCAATAGTCATCCTCACTTTAGG-1,GSM8848585,4,Fibroblast,0.035458643,False,reference_like
GSM8848585_CTCAATAGTTTACTGAACTTTAGG-1,GSM8848585,13,Neuroendocrine-like,0.040956583,False,CNV_low_candidate
GSM8848585_CTCAATAGTTTCACCCACTTTAGG-1,GSM8848585,3,Endothelial,0.02720483,False,reference_like
GSM8848585_CTCACCCTCATCAGCCACTTTAGG-1,GSM8848585,9,Neuroendocrine-like,0.015825443,False,CNV_low_candidate
GSM8848585_CTCACCCTCCATAGGGACTTTAGG-1,GSM8848585,13,Neuroendocrine-like,0.13218126,True,CNV_high_candidate
GSM8848585_CTCAGCTAGACTCCTAACTTTAGG-1,GSM8848585,9,Neuroendocrine-like,0.095855825,False,CNV_low_candidate
GSM8848585_CTCAGCTAGCCTATATACTTTAGG-1,GSM8848585,7,Neuroendocrine-like,0.030332167,False,CNV_low_candidate
GSM8848585_CTCAGCTAGCGCAAGCACTTTAGG-1,GSM8848585,11,Prostate epithelial - luminal,0.03086177,False,CNV_low_candidate
GSM8848585_CTCAGGGCAGGTATTGACTTTAGG-1,GSM8848585,11,Prostate epithelial - luminal,0.02427903,False,CNV_low_candidate
GSM8848585_CTCATGATCATAGGCGACTTTAGG-1,GSM8848585,11,Prostate epithelial - luminal,0.17530385,True,CNV_high_candidate
GSM8848585_CTCATGATCTATGGCCACTTTAGG-1,GSM8848585,7,Neuroendocrine-like,0.03834833,False,CNV_low_candidate
GSM8848585_CTCCATCGTAAGGCTAACTTTAGG-1,GSM8848585,14,Epithelial-like - uncertain,0.029097615,False,CNV_low_candidate
GSM8848585_CTCCATCGTCGTTGCAACTTTAGG-1,GSM8848585,11,Prostate epithelial - luminal,0.14462805,True,CNV_high_candidate
GSM8848585_CTCCATCGTTAGCATCACTTTAGG-1,GSM8848585,8,Cycling,0.06269576,False,not_assessed
GSM8848585_CTCCTAAAGCCATCACACTTTAGG-1,GSM8848585,8,Cycling,0.051127978,False,not_assessed
GSM8848585_CTCCTAAAGGCTTATTACTTTAGG-1,GSM8848585,11,Prostate epithelial - luminal,0.13350247,True,CNV_high_candidate
GSM8848585_CTCCTAAAGTCGCATCACTTTAGG-1,GSM8848585,5,T/NK lymphocyte,0.017167965,False,reference_like
GSM8848585_CTCCTCTCAAGCTATGACTTTAGG-1,GSM8848585,11,Prostate epithelial - luminal,0.06566023,False,CNV_low_candidate
GSM8848585_CTCCTCTCAAGTTGCAACTTTAGG-1,GSM8848585,3,Endothelial,0.026386486,False,reference_like
GSM8848585_CTCCTCTCAGGCTAACACTTTAGG-1,GSM8848585,9,Neuroendocrine-like,0.017900417,False,CNV_low_candidate
GSM8848585_CTCGACCCAGGCTAACACTTTAGG-1,GSM8848585,7,Neuroendocrine-like,0.04036154,False,CNV_low_candidate
GSM8848585_CTCGACTAGCCTTAATACTTTAGG-1,GSM8848585,11,Prostate epithelial - luminal,0.07828466,False,CNV_low_candidate
GSM8848585_CTCGACTAGGGATGAAACTTTAGG-1,GSM8848585,9,Neuroendocrine-like,0.035834733,False,CNV_low_candidate
GSM8848585_CTCGACTAGTAAACCAACTTTAGG-1,GSM8848585,7,Neuroendocrine-like,0.03640858,False,CNV_low_candidate
GSM8848585_CTCGATCAGACTCCTAACTTTAGG-1,GSM8848585,11,Prostate epithelial - luminal,0.05842994,False,CNV_low_candidate
GSM8848585_CTCGATCAGCAGGTCAACTTTAGG-1,GSM8848585,8,Cycling,0.059749708,False,not_assessed
GSM8848585_CTCGATCAGCTTATCGACTTTAGG-1,GSM8848585,14,Epithelial-like - uncertain,0.05538883,False,CNV_low_candidate
GSM8848585_CTCGATCAGGTAATTGACTTTAGG-1,GSM8848585,4,Fibroblast,0.059912473,False,reference_like
GSM8848585_CTCGATTCAACCTTGTACTTTAGG-1,GSM8848585,11,Prostate epithelial - luminal,0.06400659,False,CNV_low_candidate
GSM8848585_CTCGATTCAAGGGTCTACTTTAGG-1,GSM8848585,14,Epithelial-like - uncertain,0.053596143,False,CNV_low_candidate
GSM8848585_CTCGATTCATATAGGTACTTTAGG-1,GSM8848585,8,Cycling,0.080314465,False,not_assessed
GSM8848585_CTCGATTCATGCTCCAACTTTAGG-1,GSM8848585,7,Neuroendocrine-like,0.13444202,True,CNV_high_candidate
GSM8848585_CTCGCTTGTCATGATCACTTTAGG-1,GSM8848585,11,Prostate epithelial - luminal,0.06007873,False,CNV_low_candidate
GSM8848585_CTCGTTAAGACTCCTAACTTTAGG-1,GSM8848585,11,Prostate epithelial - luminal,0.10397948,True,CNV_high_candidate
GSM8848585_CTCTAACCATGTGGCGACTTTAGG-1,GSM8848585,11,Prostate epithelial - luminal,0.01825492,False,CNV_low_candidate
GSM8848585_CTCTAACCATTCATGCACTTTAGG-1,GSM8848585,4,Fibroblast,0.0423476,False,reference_like
GSM8848585_CTCTAACCATTGCCCAACTTTAGG-1,GSM8848585,8,Cycling,0.0816352,False,not_assessed
GSM8848585_CTCTAAGTCACCTGTAACTTTAGG-1,GSM8848585,11,Prostate epithelial - luminal,0.026610414,False,CNV_low_candidate
GSM8848585_CTCTAAGTCGAGGCACACTTTAGG-1,GSM8848585,11,Prostate epithelial - luminal,0.13170609,True,CNV_high_candidate
GSM8848585_CTCTAAGTCGATTAAGACTTTAGG-1,GSM8848585,8,Cycling,0.045378197,False,not_assessed
GSM8848585_CTCTAAGTCTGGCCCAACTTTAGG-1,GSM8848585,13,Neuroendocrine-like,0.05736706,False,CNV_low_candidate
GSM8848585_CTCTCAGCAGGCAACTACTTTAGG-1,GSM8848585,14,Epithelial-like - uncertain,0.038015,False,CNV_low_candidate
GSM8848585_CTCTCGACATGAGCTAACTTTAGG-1,GSM8848585,9,Neuroendocrine-like,0.0200547,False,CNV_low_candidate
GSM8848585_CTCTCGACATTTCGCGACTTTAGG-1,GSM8848585,11,Prostate epithelial - luminal,0.02988016,False,CNV_low_candidate
GSM8848585_CTCTTGAAGATAATCGACTTTAGG-1,GSM8848585,13,Neuroendocrine-like,0.10370549,True,CNV_high_candidate
GSM8848585_CTCTTGAAGCGCGAACACTTTAGG-1,GSM8848585,8,Cycling,0.029926294,False,not_assessed
GSM8848585_CTCTTGAAGTAACGTAACTTTAGG-1,GSM8848585,14,Epithelial-like - uncertain,0.019167379,False,CNV_low_candidate
GSM8848585_CTGAATCGTACTTCAAACTTTAGG-1,GSM8848585,11,Prostate epithelial - luminal,0.14595565,True,CNV_high_candidate
GSM8848585_CTGAATCGTAGTAGCAACTTTAGG-1,GSM8848585,14,Epithelial-like - uncertain,0.03588819,False,CNV_low_candidate
GSM8848585_CTGAATCGTTAATTCGACTTTAGG-1,GSM8848585,7,Neuroendocrine-like,0.02140913,False,CNV_low_candidate
GSM8848585_CTGAATGCACATAGATACTTTAGG-1,GSM8848585,9,Neuroendocrine-like,0.020136392,False,CNV_low_candidate
GSM8848585_CTGAATGCACTGTCATACTTTAGG-1,GSM8848585,8,Cycling,0.036308046,False,not_assessed
GSM8848585_CTGACCAGTATGGTCTACTTTAGG-1,GSM8848585,3,Endothelial,0.05950324,False,reference_like
GSM8848585_CTGACCAGTCGAAGCGACTTTAGG-1,GSM8848585,9,Neuroendocrine-like,0.027446533,False,CNV_low_candidate
GSM8848585_CTGAGTCTCAATGTTCACTTTAGG-1,GSM8848585,14,Epithelial-like - uncertain,0.07291798,False,CNV_low_candidate
GSM8848585_CTGAGTCTCGTTCGTAACTTTAGG-1,GSM8848585,9,Neuroendocrine-like,0.04640104,False,CNV_low_candidate
GSM8848585_CTGATCCAGCCTGGTTACTTTAGG-1,GSM8848585,12,Stress/hypoxia-like,0.027492883,False,not_assessed
GSM8848585_CTGATCCAGGTTGTAAACTTTAGG-1,GSM8848585,12,Stress/hypoxia-like,0.024510767,False,not_assessed
GSM8848585_CTGATCCAGTTATCCGACTTTAGG-1,GSM8848585,11,Prostate epithelial - luminal,0.12623386,True,CNV_high_candidate
GSM8848585_CTGATGACAAGATGCCACTTTAGG-1,GSM8848585,11,Prostate epithelial - luminal,0.07146855,False,CNV_low_candidate
GSM8848585_CTGATGACACCATACTACTTTAGG-1,GSM8848585,13,Neuroendocrine-like,0.08300544,False,CNV_low_candidate
GSM8848585_CTGATGACATAATGACACTTTAGG-1,GSM8848585,8,Cycling,0.037612997,False,not_assessed
GSM8848585_CTGATGACATAGCCGGACTTTAGG-1,GSM8848585,9,Neuroendocrine-like,0.033265293,False,CNV_low_candidate
GSM8848585_CTGATGACATTTGGGAACTTTAGG-1,GSM8848585,9,Neuroendocrine-like,0.017136296,False,CNV_low_candidate
GSM8848585_CTGATTTAGATAGCTAACTTTAGG-1,GSM8848585,11,Prostate epithelial - luminal,0.03897181,False,CNV_low_candidate
GSM8848585_CTGATTTAGCAAATTGACTTTAGG-1,GSM8848585,11,Prostate epithelial - luminal,0.11704975,True,CNV_high_candidate
GSM8848585_CTGCAAACACATACCTACTTTAGG-1,GSM8848585,9,Neuroendocrine-like,0.021559626,False,CNV_low_candidate
GSM8848585_CTGCAAACATATGGTGACTTTAGG-1,GSM8848585,13,Neuroendocrine-like,0.035514317,False,CNV_low_candidate
GSM8848585_CTGGTGAAGGCTACTCACTTTAGG-1,GSM8848585,7,Neuroendocrine-like,0.046731614,False,CNV_low_candidate
GSM8848585_CTGGTTATCCGGACAAACTTTAGG-1,GSM8848585,8,Cycling,0.116602205,True,not_assessed
GSM8848585_CTGTCAATCATCCCAAACTTTAGG-1,GSM8848585,11,Prostate epithelial - luminal,0.09055908,False,CNV_low_candidate
GSM8848585_CTGTGCAGTAAGCTAGACTTTAGG-1,GSM8848585,8,Cycling,0.06420802,False,not_assessed
GSM8848585_CTGTGCAGTACGCACCACTTTAGG-1,GSM8848585,9,Neuroendocrine-like,0.04947914,False,CNV_low_candidate
GSM8848585_CTGTGGCGTAAGGCTAACTTTAGG-1,GSM8848585,13,Neuroendocrine-like,0.039311398,False,CNV_low_candidate
GSM8848585_CTGTGGCGTCGAGGCAACTTTAGG-1,GSM8848585,7,Neuroendocrine-like,0.021931978,False,CNV_low_candidate
GSM8848585_CTGTTAAGTGGATGCGACTTTAGG-1,GSM8848585,13,Neuroendocrine-like,0.051433034,False,CNV_low_candidate
GSM8848585_CTGTTGCAGCAGGTTGACTTTAGG-1,GSM8848585,13,Neuroendocrine-like,0.024343098,False,CNV_low_candidate
GSM8848585_CTGTTGCAGTTACCTGACTTTAGG-1,GSM8848585,11,Prostate epithelial - luminal,0.055560194,False,CNV_low_candidate
GSM8848585_CTGTTTACAACAGGCTACTTTAGG-1,GSM8848585,9,Neuroendocrine-like,0.03873806,False,CNV_low_candidate
GSM8848585_CTGTTTACAACCTTGTACTTTAGG-1,GSM8848585,4,Fibroblast,0.01692986,False,reference_like
GSM8848585_CTGTTTACAAGGCCATACTTTAGG-1,GSM8848585,4,Fibroblast,0.046200145,False,reference_like
GSM8848585_CTTAACAGTAGTAGCAACTTTAGG-1,GSM8848585,4,Fibroblast,0.051514585,False,reference_like
GSM8848585_CTTAACAGTCGCAATTACTTTAGG-1,GSM8848585,7,Neuroendocrine-like,0.027146341,False,CNV_low_candidate
GSM8848585_CTTAACAGTTTGTCAAACTTTAGG-1,GSM8848585,7,Neuroendocrine-like,0.09603959,False,CNV_low_candidate
GSM8848585_CTTAACAGTTTGTGACACTTTAGG-1,GSM8848585,8,Cycling,0.01938521,False,not_assessed
GSM8848585_CTTAACGTCACAAAGCACTTTAGG-1,GSM8848585,9,Neuroendocrine-like,0.028006185,False,CNV_low_candidate
GSM8848585_CTTAACGTCCTAATCGACTTTAGG-1,GSM8848585,14,Epithelial-like - uncertain,0.041923754,False,CNV_low_candidate
GSM8848585_CTTAAGCGTAGCCCGTACTTTAGG-1,GSM8848585,11,Prostate epithelial - luminal,0.087144,False,CNV_low_candidate
GSM8848585_CTTAAGGCAAGTTTCCACTTTAGG-1,GSM8848585,8,Cycling,0.031458136,False,not_assessed
GSM8848585_CTTAAGGCACCATACTACTTTAGG-1,GSM8848585,14,Epithelial-like - uncertain,0.027801646,False,CNV_low_candidate
GSM8848585_CTTAAGGCAGTTGCCCACTTTAGG-1,GSM8848585,7,Neuroendocrine-like,0.02391929,False,CNV_low_candidate
GSM8848585_CTTACCGCAACCTGTTACTTTAGG-1,GSM8848585,7,Neuroendocrine-like,0.02164061,False,CNV_low_candidate
GSM8848585_CTTACCGCACCACAAAACTTTAGG-1,GSM8848585,14,Epithelial-like - uncertain,0.0759527,False,CNV_low_candidate
GSM8848585_CTTACCGCATCGATAGACTTTAGG-1,GSM8848585,11,Prostate epithelial - luminal,0.10764079,True,CNV_high_candidate
GSM8848585_CTTACCGCATGGGTTAACTTTAGG-1,GSM8848585,9,Neuroendocrine-like,0.022695957,False,CNV_low_candidate
GSM8848585_CTTACCTTCAATGTTCACTTTAGG-1,GSM8848585,11,Prostate epithelial - luminal,0.09707343,False,CNV_low_candidate
GSM8848585_CTTACCTTCCAACATTACTTTAGG-1,GSM8848585,9,Neuroendocrine-like,0.10159413,True,CNV_high_candidate
GSM8848585_CTTACTGAGCTGGACAACTTTAGG-1,GSM8848585,9,Neuroendocrine-like,0.024521243,False,CNV_low_candidate
GSM8848585_CTTACTGAGGGCACTAACTTTAGG-1,GSM8848585,8,Cycling,0.022135748,False,not_assessed
GSM8848585_CTTACTGAGTAGCCTCACTTTAGG-1,GSM8848585,9,Neuroendocrine-like,0.024621565,False,CNV_low_candidate
GSM8848585_CTTAGAAAGATAGCCGACTTTAGG-1,GSM8848585,8,Cycling,0.043708805,False,not_assessed
GSM8848585_CTTAGAAAGCGCTACTACTTTAGG-1,GSM8848585,9,Neuroendocrine-like,0.023916995,False,CNV_low_candidate
GSM8848585_CTTAGAAAGCTTACCAACTTTAGG-1,GSM8848585,14,Epithelial-like - uncertain,0.054444153,False,CNV_low_candidate
GSM8848585_CTTAGAGCACCATCCAACTTTAGG-1,GSM8848585,14,Epithelial-like - uncertain,0.0605397,False,CNV_low_candidate
GSM8848585_CTTAGAGCACTTAACCACTTTAGG-1,GSM8848585,11,Prostate epithelial - luminal,0.12954059,True,CNV_high_candidate
GSM8848585_CTTAGAGCAGGATGCTACTTTAGG-1,GSM8848585,8,Cycling,0.1470593,True,not_assessed
GSM8848585_CTTAGCCAGGGAGGATACTTTAGG-1,GSM8848585,8,Cycling,0.060703512,False,not_assessed
GSM8848585_CTTAGCCAGGTTCTTGACTTTAGG-1,GSM8848585,8,Cycling,0.09482429,False,not_assessed
GSM8848585_CTTAGCCAGTCATGAAACTTTAGG-1,GSM8848585,8,Cycling,0.02610947,False,not_assessed
GSM8848585_CTTAGCGGTCAAAGATACTTTAGG-1,GSM8848585,7,Neuroendocrine-like,0.061581243,False,CNV_low_candidate
GSM8848585_CTTAGCTCACTATCACACTTTAGG-1,GSM8848585,7,Neuroendocrine-like,0.024706634,False,CNV_low_candidate
GSM8848585_CTTAGCTCAGCGGATTACTTTAGG-1,GSM8848585,11,Prostate epithelial - luminal,0.06794324,False,CNV_low_candidate
GSM8848585_CTTAGCTCAGGCTTAAACTTTAGG-1,GSM8848585,7,Neuroendocrine-like,0.022657355,False,CNV_low_candidate
GSM8848585_CTTAGCTCATGGCCGAACTTTAGG-1,GSM8848585,8,Cycling,0.04139643,False,not_assessed
GSM8848585_CTTAGTAGTACTTCAAACTTTAGG-1,GSM8848585,11,Prostate epithelial - luminal,0.017819738,False,CNV_low_candidate
GSM8848585_CTTAGTAGTGCGCAAGACTTTAGG-1,GSM8848585,14,Epithelial-like - uncertain,0.07365576,False,CNV_low_candidate
GSM8848585_CTTAGTAGTGGTTATCACTTTAGG-1,GSM8848585,9,Neuroendocrine-like,0.039318547,False,CNV_low_candidate
GSM8848585_CTTAGTAGTTCATTGAACTTTAGG-1,GSM8848585,8,Cycling,0.041427862,False,not_assessed
GSM8848585_CTTAGTCCATAGGCGTACTTTAGG-1,GSM8848585,11,Prostate epithelial - luminal,0.16663335,True,CNV_high_candidate
GSM8848585_CTTAGTGTCAGCTACCACTTTAGG-1,GSM8848585,9,Neuroendocrine-like,0.09908132,False,CNV_low_candidate
GSM8848585_CTTAGTGTCTAGTTACACTTTAGG-1,GSM8848585,11,Prostate epithelial - luminal,0.04618503,False,CNV_low_candidate
GSM8848585_CTTAGTGTCTTAATGCACTTTAGG-1,GSM8848585,11,Prostate epithelial - luminal,0.052091204,False,CNV_low_candidate
GSM8848585_CTTATGTAGCGAAGCCACTTTAGG-1,GSM8848585,8,Cycling,0.031565867,False,not_assessed
GSM8848585_CTTATGTAGGATCCCTACTTTAGG-1,GSM8848585,9,Neuroendocrine-like,0.104271434,True,CNV_high_candidate
GSM8848585_CTTATGTAGGCCATTCACTTTAGG-1,GSM8848585,9,Neuroendocrine-like,0.036906444,False,CNV_low_candidate
GSM8848585_CTTATGTAGGTCTTGCACTTTAGG-1,GSM8848585,8,Cycling,0.04663245,False,not_assessed
GSM8848585_CTTATGTAGTAAGCACACTTTAGG-1,GSM8848585,11,Prostate epithelial - luminal,0.112891465,True,CNV_high_candidate
GSM8848585_CTTATGTAGTAGCGCAACTTTAGG-1,GSM8848585,11,Prostate epithelial - luminal,0.045014147,False,CNV_low_candidate
GSM8848585_CTTCAATAGGAGGATAACTTTAGG-1,GSM8848585,4,Fibroblast,0.03884047,False,reference_like
GSM8848585_CTTCAATAGTCTATGTACTTTAGG-1,GSM8848585,7,Neuroendocrine-like,0.014989428,False,CNV_low_candidate
GSM8848585_CTTCGAATCCAACTTGACTTTAGG-1,GSM8848585,8,Cycling,0.04189232,False,not_assessed
GSM8848585_CTTCGAATCTAATCGTACTTTAGG-1,GSM8848585,8,Cycling,0.056083255,False,not_assessed
GSM8848585_CTTCGCCTCCGGCTCAACTTTAGG-1,GSM8848585,3,Endothelial,0.02185768,False,reference_like
GSM8848585_CTTCGCCTCCGTCAACACTTTAGG-1,GSM8848585,9,Neuroendocrine-like,0.03385632,False,CNV_low_candidate
GSM8848585_CTTCGCCTCGATTACTACTTTAGG-1,GSM8848585,9,Neuroendocrine-like,0.04092358,False,CNV_low_candidate
GSM8848585_CTTGAACGTCAGTGCCACTTTAGG-1,GSM8848585,9,Neuroendocrine-like,0.031145137,False,CNV_low_candidate
GSM8848585_CTTGACTCAATAACCGACTTTAGG-1,GSM8848585,11,Prostate epithelial - luminal,0.06229226,False,CNV_low_candidate
GSM8848585_CTTGACTCAATAGCTGACTTTAGG-1,GSM8848585,8,Cycling,0.0441646,False,not_assessed
GSM8848585_CTTGACTCATAGGCGTACTTTAGG-1,GSM8848585,12,Stress/hypoxia-like,0.041898064,False,not_assessed
GSM8848585_CTTGACTCATTGCCGCACTTTAGG-1,GSM8848585,4,Fibroblast,0.08293362,False,reference_like
GSM8848585_CTTGAGGAGATGGATCACTTTAGG-1,GSM8848585,8,Cycling,0.03284987,False,not_assessed
GSM8848585_CTTGAGGAGCTACGTCACTTTAGG-1,GSM8848585,14,Epithelial-like - uncertain,0.07024245,False,CNV_low_candidate
GSM8848585_CTTGAGGAGTGATTAGACTTTAGG-1,GSM8848585,13,Neuroendocrine-like,0.03554117,False,CNV_low_candidate
GSM8848585_CTTGATGTCTGGAACGACTTTAGG-1,GSM8848585,9,Neuroendocrine-like,0.020305624,False,CNV_low_candidate
GSM8848585_CTTGATTAGTATCGCCACTTTAGG-1,GSM8848585,9,Neuroendocrine-like,0.06235079,False,CNV_low_candidate
GSM8848585_CTTGATTAGTCGCATCACTTTAGG-1,GSM8848585,7,Neuroendocrine-like,0.03606927,False,CNV_low_candidate
GSM8848585_CTTGATTAGTCGTTCAACTTTAGG-1,GSM8848585,4,Fibroblast,0.02339534,False,reference_like
GSM8848585_CTTGCACAGTTTGACTACTTTAGG-1,GSM8848585,11,Prostate epithelial - luminal,0.05822673,False,CNV_low_candidate
GSM8848585_CTTGCTGCAGGCGAAAACTTTAGG-1,GSM8848585,9,Neuroendocrine-like,0.04911823,False,CNV_low_candidate
GSM8848585_CTTGCTGCATGACCAAACTTTAGG-1,GSM8848585,11,Prostate epithelial - luminal,0.023938293,False,CNV_low_candidate
GSM8848585_CTTGGTTCACACAAATACTTTAGG-1,GSM8848585,13,Neuroendocrine-like,0.08236514,False,CNV_low_candidate
GSM8848585_CTTGGTTCAGGCAACTACTTTAGG-1,GSM8848585,11,Prostate epithelial - luminal,0.12454022,True,CNV_high_candidate
GSM8848585_CTTGGTTCATCAAGTGACTTTAGG-1,GSM8848585,11,Prostate epithelial - luminal,0.10803737,True,CNV_high_candidate
GSM8848585_CTTGTGATCAAACTTCACTTTAGG-1,GSM8848585,9,Neuroendocrine-like,0.048248004,False,CNV_low_candidate
GSM8848585_CTTGTGATCAGTTTACACTTTAGG-1,GSM8848585,8,Cycling,0.051771235,False,not_assessed
GSM8848585_CTTGTGTCAATAGAGAACTTTAGG-1,GSM8848585,4,Fibroblast,0.077922136,False,reference_like
GSM8848585_CTTGTGTCAGATAACTACTTTAGG-1,GSM8848585,6,Macrophage,0.026779061,False,reference_like
GSM8848585_CTTTAACAGATGATTGACTTTAGG-1,GSM8848585,9,Neuroendocrine-like,0.027121192,False,CNV_low_candidate
GSM8848585_CTTTAACAGATTGCAAACTTTAGG-1,GSM8848585,7,Neuroendocrine-like,0.0225623,False,CNV_low_candidate
GSM8848585_CTTTAACAGCCACTCGACTTTAGG-1,GSM8848585,8,Cycling,0.044259023,False,not_assessed
GSM8848585_CTTTAACAGGATGGTTACTTTAGG-1,GSM8848585,9,Neuroendocrine-like,0.029097151,False,CNV_low_candidate
GSM8848585_CTTTAAGGTGAACGTAACTTTAGG-1,GSM8848585,8,Cycling,0.037556875,False,not_assessed
GSM8848585_CTTTAAGGTGGCTCACACTTTAGG-1,GSM8848585,11,Prostate epithelial - luminal,0.04372886,False,CNV_low_candidate
GSM8848585_CTTTAGGTCATTATGCACTTTAGG-1,GSM8848585,11,Prostate epithelial - luminal,0.0678935,False,CNV_low_candidate
GSM8848585_CTTTAGTAGAGGTTCGACTTTAGG-1,GSM8848585,13,Neuroendocrine-like,0.03009578,False,CNV_low_candidate
GSM8848585_CTTTAGTAGGACAAGAACTTTAGG-1,GSM8848585,11,Prostate epithelial - luminal,0.13664381,True,CNV_high_candidate
GSM8848585_CTTTAGTAGGCTTATTACTTTAGG-1,GSM8848585,11,Prostate epithelial - luminal,0.107189864,True,CNV_high_candidate
GSM8848585_CTTTCATGTAACGTGAACTTTAGG-1,GSM8848585,11,Prostate epithelial - luminal,0.12980701,True,CNV_high_candidate
GSM8848585_CTTTCATGTACGATTCACTTTAGG-1,GSM8848585,11,Prostate epithelial - luminal,0.08908269,False,CNV_low_candidate
GSM8848585_CTTTCATGTCGTAACTACTTTAGG-1,GSM8848585,8,Cycling,0.05197228,False,not_assessed
GSM8848585_CTTTCATGTTCCTTCAACTTTAGG-1,GSM8848585,11,Prostate epithelial - luminal,0.0954821,False,CNV_low_candidate
GSM8848585_CTTTCATGTTGTTCCCACTTTAGG-1,GSM8848585,13,Neuroendocrine-like,0.02802598,False,CNV_low_candidate
GSM8848585_CTTTCGTTCAAGGTCGACTTTAGG-1,GSM8848585,9,Neuroendocrine-like,0.03161277,False,CNV_low_candidate
GSM8848585_CTTTCGTTCATGCGTCACTTTAGG-1,GSM8848585,8,Cycling,0.050525535,False,not_assessed
GSM8848585_CTTTCGTTCCTTATGGACTTTAGG-1,GSM8848585,8,Cycling,0.03163107,False,not_assessed
GSM8848585_CTTTCGTTCGACTTTGACTTTAGG-1,GSM8848585,9,Neuroendocrine-like,0.02532582,False,CNV_low_candidate
GSM8848585_CTTTCGTTCTTCGCCCACTTTAGG-1,GSM8848585,9,Neuroendocrine-like,0.049557,False,CNV_low_candidate
GSM8848585_CTTTCTATCAGGCAATACTTTAGG-1,GSM8848585,8,Cycling,0.07772714,False,not_assessed
GSM8848585_CTTTCTATCATCGATTACTTTAGG-1,GSM8848585,11,Prostate epithelial - luminal,0.04230321,False,CNV_low_candidate
GSM8848585_CTTTCTATCTATGGCCACTTTAGG-1,GSM8848585,11,Prostate epithelial - luminal,0.05146755,False,CNV_low_candidate
GSM8848585_CTTTGGATCCAAATAGACTTTAGG-1,GSM8848585,7,Neuroendocrine-like,0.036534503,False,CNV_low_candidate
GSM8848585_CTTTGGATCCCAAATTACTTTAGG-1,GSM8848585,13,Neuroendocrine-like,0.026606055,False,CNV_low_candidate
GSM8848585_CTTTGGTCAGGATCCGACTTTAGG-1,GSM8848585,8,Cycling,0.037602935,False,not_assessed
GSM8848585_GAAATACGTAACTAGGACTTTAGG-1,GSM8848585,7,Neuroendocrine-like,0.024215078,False,CNV_low_candidate
GSM8848585_GAAATACGTACCGCACACTTTAGG-1,GSM8848585,8,Cycling,0.06645718,False,not_assessed
GSM8848585_GAAATACGTCACACCAACTTTAGG-1,GSM8848585,7,Neuroendocrine-like,0.04593668,False,CNV_low_candidate
GSM8848585_GAAATACGTCTTTATCACTTTAGG-1,GSM8848585,8,Cycling,0.037970725,False,not_assessed
GSM8848585_GAAATACGTTTGCTCCACTTTAGG-1,GSM8848585,11,Prostate epithelial - luminal,0.17028336,True,CNV_high_candidate
GSM8848585_GAACAATGTATAGTGGACTTTAGG-1,GSM8848585,11,Prostate epithelial - luminal,0.043731477,False,CNV_low_candidate
GSM8848585_GAACAGGCAAAGGGATACTTTAGG-1,GSM8848585,4,Fibroblast,0.04254732,False,reference_like
GSM8848585_GAACAGGCACATACCTACTTTAGG-1,GSM8848585,8,Cycling,0.03356245,False,not_assessed
GSM8848585_GAACAGGCATATTTCGACTTTAGG-1,GSM8848585,9,Neuroendocrine-like,0.027766813,False,CNV_low_candidate
GSM8848585_GAACAGGCATCCCTCTACTTTAGG-1,GSM8848585,8,Cycling,0.11967495,True,not_assessed
GSM8848585_GAACGAAAGACTCAAAACTTTAGG-1,GSM8848585,9,Neuroendocrine-like,0.07218309,False,CNV_low_candidate
GSM8848585_GAACTTAAGCGAGTTGACTTTAGG-1,GSM8848585,8,Cycling,0.09546272,False,not_assessed
GSM8848585_GAACTTAAGTCACTATACTTTAGG-1,GSM8848585,13,Neuroendocrine-like,0.08341687,False,CNV_low_candidate
GSM8848585_GAACTTAAGTCATTCGACTTTAGG-1,GSM8848585,7,Neuroendocrine-like,0.04262912,False,CNV_low_candidate
GSM8848585_GAACTTGCAATCTCTAACTTTAGG-1,GSM8848585,11,Prostate epithelial - luminal,0.05093236,False,CNV_low_candidate
GSM8848585_GAACTTGCAGTTGCCCACTTTAGG-1,GSM8848585,9,Neuroendocrine-like,0.025924657,False,CNV_low_candidate
GSM8848585_GAACTTGCATTACACCACTTTAGG-1,GSM8848585,14,Epithelial-like - uncertain,0.05835035,False,CNV_low_candidate
GSM8848585_GAAGAATAGGCGCGATACTTTAGG-1,GSM8848585,8,Cycling,0.025164625,False,not_assessed
GSM8848585_GAAGAATAGTCATAAGACTTTAGG-1,GSM8848585,7,Neuroendocrine-like,0.023094844,False,CNV_low_candidate
GSM8848585_GAAGCACGTCAAAGGCACTTTAGG-1,GSM8848585,4,Fibroblast,0.08537743,False,reference_like
GSM8848585_GAAGCACGTTGGAGCGACTTTAGG-1,GSM8848585,13,Neuroendocrine-like,0.044299632,False,CNV_low_candidate
GSM8848585_GAAGCACGTTTGTTGAACTTTAGG-1,GSM8848585,8,Cycling,0.023446666,False,not_assessed
GSM8848585_GAAGCCATCACTAGGGACTTTAGG-1,GSM8848585,7,Neuroendocrine-like,0.063816555,False,CNV_low_candidate
GSM8848585_GAAGGATCATGGGTTAACTTTAGG-1,GSM8848585,9,Neuroendocrine-like,0.07004811,False,CNV_low_candidate
GSM8848585_GAAGGCTGTCACTATAACTTTAGG-1,GSM8848585,11,Prostate epithelial - luminal,0.15155406,True,CNV_high_candidate
GSM8848585_GAAGGCTGTGACCTTGACTTTAGG-1,GSM8848585,9,Neuroendocrine-like,0.037896197,False,CNV_low_candidate
GSM8848585_GAAGGCTGTTGTCAGTACTTTAGG-1,GSM8848585,8,Cycling,0.08399772,False,not_assessed
GSM8848585_GAAGGGTAGTGTTTCGACTTTAGG-1,GSM8848585,11,Prostate epithelial - luminal,0.12387539,True,CNV_high_candidate
GSM8848585_GAAGGGTAGTTGCGGAACTTTAGG-1,GSM8848585,9,Neuroendocrine-like,0.020745749,False,CNV_low_candidate
GSM8848585_GAAGTATGTCCACAATACTTTAGG-1,GSM8848585,13,Neuroendocrine-like,0.029988475,False,CNV_low_candidate
GSM8848585_GAAGTATGTCGTTCTCACTTTAGG-1,GSM8848585,14,Epithelial-like - uncertain,0.04053487,False,CNV_low_candidate
GSM8848585_GAAGTATGTTCCGCAAACTTTAGG-1,GSM8848585,11,Prostate epithelial - luminal,0.08724457,False,CNV_low_candidate
GSM8848585_GAATAACGTCTACCTCACTTTAGG-1,GSM8848585,7,Neuroendocrine-like,0.027206535,False,CNV_low_candidate
GSM8848585_GAATAACGTTGGCCACACTTTAGG-1,GSM8848585,7,Neuroendocrine-like,0.11564441,True,CNV_high_candidate
GSM8848585_GAATAACGTTGGTTTAACTTTAGG-1,GSM8848585,11,Prostate epithelial - luminal,0.11695706,True,CNV_high_candidate
GSM8848585_GAATCACAGCCCGTTGACTTTAGG-1,GSM8848585,4,Fibroblast,0.1290864,True,reference_like
GSM8848585_GAATCAGGTTAGTTTGACTTTAGG-1,GSM8848585,7,Neuroendocrine-like,0.029997533,False,CNV_low_candidate
GSM8848585_GAATCGAGTCATTATGACTTTAGG-1,GSM8848585,9,Neuroendocrine-like,0.025828416,False,CNV_low_candidate
GSM8848585_GAATCGGTCCGGATAGACTTTAGG-1,GSM8848585,9,Neuroendocrine-like,0.06450756,False,CNV_low_candidate
GSM8848585_GAATCGGTCGTCCCGAACTTTAGG-1,GSM8848585,9,Neuroendocrine-like,0.026095068,False,CNV_low_candidate
GSM8848585_GAATGACTCCTAAGGGACTTTAGG-1,GSM8848585,8,Cycling,0.026333466,False,not_assessed
GSM8848585_GAATGACTCCTTTGTCACTTTAGG-1,GSM8848585,3,Endothelial,0.03474968,False,reference_like
GSM8848585_GAATGCGTCAGCGGGTACTTTAGG-1,GSM8848585,8,Cycling,0.04781441,False,not_assessed
GSM8848585_GAATGGTTCATGGATAACTTTAGG-1,GSM8848585,11,Prostate epithelial - luminal,0.084135816,False,CNV_low_candidate
GSM8848585_GAATGTCAGACCATTTACTTTAGG-1,GSM8848585,11,Prostate epithelial - luminal,0.060555607,False,CNV_low_candidate
GSM8848585_GAATGTCAGGTTAGGTACTTTAGG-1,GSM8848585,4,Fibroblast,0.09832093,False,reference_like
GSM8848585_GAATGTCAGTGTGAGTACTTTAGG-1,GSM8848585,13,Neuroendocrine-like,0.026512079,False,CNV_low_candidate
GSM8848585_GAATTGATCATTTGCGACTTTAGG-1,GSM8848585,9,Neuroendocrine-like,0.042991124,False,CNV_low_candidate
GSM8848585_GAATTGATCCATTAGTACTTTAGG-1,GSM8848585,13,Neuroendocrine-like,0.0454671,False,CNV_low_candidate
GSM8848585_GAATTGATCGCGGAACACTTTAGG-1,GSM8848585,11,Prostate epithelial - luminal,0.15072402,True,CNV_high_candidate
GSM8848585_GAATTGATCTAAGTAGACTTTAGG-1,GSM8848585,11,Prostate epithelial - luminal,0.035490986,False,CNV_low_candidate
GSM8848585_GACAAACTCCAAACAAACTTTAGG-1,GSM8848585,11,Prostate epithelial - luminal,0.04216028,False,CNV_low_candidate
GSM8848585_GACAAACTCCCATAGCACTTTAGG-1,GSM8848585,11,Prostate epithelial - luminal,0.02291676,False,CNV_low_candidate
GSM8848585_GACAACTAGCTTGAGGACTTTAGG-1,GSM8848585,9,Neuroendocrine-like,0.019827455,False,CNV_low_candidate
GSM8848585_GACAACTAGGTGAGAAACTTTAGG-1,GSM8848585,9,Neuroendocrine-like,0.022389611,False,CNV_low_candidate
GSM8848585_GACAACTAGTTTCCAGACTTTAGG-1,GSM8848585,11,Prostate epithelial - luminal,0.10932005,True,CNV_high_candidate
GSM8848585_GACAATATCACCATATACTTTAGG-1,GSM8848585,3,Endothelial,0.07413672,False,reference_like
GSM8848585_GACAATATCCCTCATTACTTTAGG-1,GSM8848585,14,Epithelial-like - uncertain,0.049691997,False,CNV_low_candidate
GSM8848585_GACAGGCTCACCTAATACTTTAGG-1,GSM8848585,14,Epithelial-like - uncertain,0.073546246,False,CNV_low_candidate
GSM8848585_GACAGGCTCCTTAGGCACTTTAGG-1,GSM8848585,4,Fibroblast,0.07816331,False,reference_like
GSM8848585_GACAGGCTCGCCTGCAACTTTAGG-1,GSM8848585,13,Neuroendocrine-like,0.0285986,False,CNV_low_candidate
GSM8848585_GACAGTTAGGATCCCTACTTTAGG-1,GSM8848585,9,Neuroendocrine-like,0.025607381,False,CNV_low_candidate
GSM8848585_GACATGCCATAATGACACTTTAGG-1,GSM8848585,7,Neuroendocrine-like,0.023373628,False,CNV_low_candidate
GSM8848585_GACATTAAGTATGGGTACTTTAGG-1,GSM8848585,7,Neuroendocrine-like,0.084360376,False,CNV_low_candidate
GSM8848585_GACATTCGTGCGGCAAACTTTAGG-1,GSM8848585,7,Neuroendocrine-like,0.0216414,False,CNV_low_candidate
GSM8848585_GACCAAGTCTAATCGTACTTTAGG-1,GSM8848585,8,Cycling,0.12768082,True,not_assessed
GSM8848585_GACCAAGTCTTAAGGAACTTTAGG-1,GSM8848585,7,Neuroendocrine-like,0.02711732,False,CNV_low_candidate
GSM8848585_GACCAATAGGTTGTAAACTTTAGG-1,GSM8848585,9,Neuroendocrine-like,0.029882709,False,CNV_low_candidate
GSM8848585_GACCAGGGTCAACAAGACTTTAGG-1,GSM8848585,7,Neuroendocrine-like,0.06877954,False,CNV_low_candidate
GSM8848585_GACCCAAAGGCAAGCCACTTTAGG-1,GSM8848585,4,Fibroblast,0.06140473,False,reference_like
GSM8848585_GACCCAAAGGCGGATCACTTTAGG-1,GSM8848585,13,Neuroendocrine-like,0.05361765,False,CNV_low_candidate
GSM8848585_GACCCAAAGTCAATAGACTTTAGG-1,GSM8848585,9,Neuroendocrine-like,0.030026928,False,CNV_low_candidate
GSM8848585_GACCGTGCACATACCTACTTTAGG-1,GSM8848585,11,Prostate epithelial - luminal,0.0211148,False,CNV_low_candidate
GSM8848585_GACCGTGCAGGTATTGACTTTAGG-1,GSM8848585,11,Prostate epithelial - luminal,0.061049897,False,CNV_low_candidate
GSM8848585_GACCGTGCATTACTTGACTTTAGG-1,GSM8848585,9,Neuroendocrine-like,0.034327235,False,CNV_low_candidate
GSM8848585_GACGAGGAGAAGCAAGACTTTAGG-1,GSM8848585,13,Neuroendocrine-like,0.029436786,False,CNV_low_candidate
GSM8848585_GACGAGGAGACAACTAACTTTAGG-1,GSM8848585,11,Prostate epithelial - luminal,0.15997373,True,CNV_high_candidate
GSM8848585_GACGAGGAGTCATAAGACTTTAGG-1,GSM8848585,7,Neuroendocrine-like,0.02709663,False,CNV_low_candidate
GSM8848585_GACGCAATCATGCGTCACTTTAGG-1,GSM8848585,9,Neuroendocrine-like,0.04903131,False,CNV_low_candidate
GSM8848585_GACGCAATCGCCACATACTTTAGG-1,GSM8848585,8,Cycling,0.032847792,False,not_assessed
GSM8848585_GACGTAAGTAAGTCGAACTTTAGG-1,GSM8848585,8,Cycling,0.024518045,False,not_assessed
GSM8848585_GACTAACAGATTCCCAACTTTAGG-1,GSM8848585,8,Cycling,0.029448967,False,not_assessed
GSM8848585_GACTAACAGCAGGCTAACTTTAGG-1,GSM8848585,9,Neuroendocrine-like,0.032841094,False,CNV_low_candidate
GSM8848585_GACTAACAGGCTAGATACTTTAGG-1,GSM8848585,9,Neuroendocrine-like,0.028066583,False,CNV_low_candidate
GSM8848585_GACTAAGGTCACAGGGACTTTAGG-1,GSM8848585,7,Neuroendocrine-like,0.019250425,False,CNV_low_candidate
GSM8848585_GACTAGTAGTCAATGAACTTTAGG-1,GSM8848585,11,Prostate epithelial - luminal,0.09457076,False,CNV_low_candidate
GSM8848585_GACTCAACATTTCATGACTTTAGG-1,GSM8848585,9,Neuroendocrine-like,0.02367186,False,CNV_low_candidate
GSM8848585_GACTGAGTCCAGGAATACTTTAGG-1,GSM8848585,11,Prostate epithelial - luminal,0.13016583,True,CNV_high_candidate
GSM8848585_GACTGAGTCCTTGAGCACTTTAGG-1,GSM8848585,13,Neuroendocrine-like,0.027335089,False,CNV_low_candidate
GSM8848585_GACTTAAAGGCAAGCCACTTTAGG-1,GSM8848585,9,Neuroendocrine-like,0.022502556,False,CNV_low_candidate
GSM8848585_GACTTAAAGTTGACGGACTTTAGG-1,GSM8848585,9,Neuroendocrine-like,0.022258839,False,CNV_low_candidate
GSM8848585_GACTTACGTAAATAGCACTTTAGG-1,GSM8848585,7,Neuroendocrine-like,0.02794752,False,CNV_low_candidate
GSM8848585_GACTTACGTATTGTCAACTTTAGG-1,GSM8848585,5,T/NK lymphocyte,0.059830125,False,reference_like
GSM8848585_GACTTACGTTTCCTGCACTTTAGG-1,GSM8848585,9,Neuroendocrine-like,0.12434788,True,CNV_high_candidate
GSM8848585_GACTTCGGTACCGTTGACTTTAGG-1,GSM8848585,8,Cycling,0.06478544,False,not_assessed
GSM8848585_GACTTGCTCTTGAAAGACTTTAGG-1,GSM8848585,13,Neuroendocrine-like,0.050205603,False,CNV_low_candidate
GSM8848585_GACTTTGTCGTGATTTACTTTAGG-1,GSM8848585,7,Neuroendocrine-like,0.05124556,False,CNV_low_candidate
GSM8848585_GACTTTGTCTTTGGTGACTTTAGG-1,GSM8848585,11,Prostate epithelial - luminal,0.099456474,True,CNV_high_candidate
GSM8848585_GAGACCCAGATAATCGACTTTAGG-1,GSM8848585,9,Neuroendocrine-like,0.0683812,False,CNV_low_candidate
GSM8848585_GAGACCCAGCTAAACAACTTTAGG-1,GSM8848585,11,Prostate epithelial - luminal,0.1267688,True,CNV_high_candidate
GSM8848585_GAGACCCAGGTAAGCTACTTTAGG-1,GSM8848585,9,Neuroendocrine-like,0.023538662,False,CNV_low_candidate
GSM8848585_GAGATACTCCTAAATCACTTTAGG-1,GSM8848585,9,Neuroendocrine-like,0.020531964,False,CNV_low_candidate
GSM8848585_GAGCAAGCATTAGTGGACTTTAGG-1,GSM8848585,9,Neuroendocrine-like,0.020964324,False,CNV_low_candidate
GSM8848585_GAGCAAGCATTTGTTGACTTTAGG-1,GSM8848585,11,Prostate epithelial - luminal,0.0755381,False,CNV_low_candidate
GSM8848585_GAGCATGTCAGCCCTGACTTTAGG-1,GSM8848585,7,Neuroendocrine-like,0.022196202,False,CNV_low_candidate
GSM8848585_GAGCATGTCATCGATTACTTTAGG-1,GSM8848585,7,Neuroendocrine-like,0.035351925,False,CNV_low_candidate
GSM8848585_GAGCCATCACGTAGGTACTTTAGG-1,GSM8848585,9,Neuroendocrine-like,0.08074058,False,CNV_low_candidate
GSM8848585_GAGCCTTTCCTGAGGAACTTTAGG-1,GSM8848585,9,Neuroendocrine-like,0.026570914,False,CNV_low_candidate
GSM8848585_GAGCTAGTCAATTGGAACTTTAGG-1,GSM8848585,11,Prostate epithelial - luminal,0.13043484,True,CNV_high_candidate
GSM8848585_GAGCTAGTCATGGATAACTTTAGG-1,GSM8848585,9,Neuroendocrine-like,0.06921609,False,CNV_low_candidate
GSM8848585_GAGCTAGTCCATCCGGACTTTAGG-1,GSM8848585,11,Prostate epithelial - luminal,0.02997274,False,CNV_low_candidate
GSM8848585_GAGCTATAGATTGAGCACTTTAGG-1,GSM8848585,4,Fibroblast,0.025358206,False,reference_like
GSM8848585_GAGCTGGGTATGTGAGACTTTAGG-1,GSM8848585,11,Prostate epithelial - luminal,0.13500723,True,CNV_high_candidate
GSM8848585_GAGCTGGGTATTCAGCACTTTAGG-1,GSM8848585,9,Neuroendocrine-like,0.04334519,False,CNV_low_candidate
GSM8848585_GAGCTGGGTGTTAGAGACTTTAGG-1,GSM8848585,11,Prostate epithelial - luminal,0.09492069,False,CNV_low_candidate
GSM8848585_GAGCTGGGTTACTCCCACTTTAGG-1,GSM8848585,8,Cycling,0.024321774,False,not_assessed
GSM8848585_GAGCTGGGTTAGTGCTACTTTAGG-1,GSM8848585,14,Epithelial-like - uncertain,0.028300306,False,CNV_low_candidate
GSM8848585_GAGCTGGGTTTGTAGCACTTTAGG-1,GSM8848585,11,Prostate epithelial - luminal,0.09640543,False,CNV_low_candidate
GSM8848585_GAGCTTGAGACTCAAAACTTTAGG-1,GSM8848585,9,Neuroendocrine-like,0.0611593,False,CNV_low_candidate
GSM8848585_GAGCTTGAGCCACTCGACTTTAGG-1,GSM8848585,11,Prostate epithelial - luminal,0.044147823,False,CNV_low_candidate
GSM8848585_GAGCTTGAGGCTTTATACTTTAGG-1,GSM8848585,7,Neuroendocrine-like,0.0200776,False,CNV_low_candidate
GSM8848585_GAGCTTGAGGTTCCGTACTTTAGG-1,GSM8848585,11,Prostate epithelial - luminal,0.07376986,False,CNV_low_candidate
GSM8848585_GAGCTTGAGTTGCGGAACTTTAGG-1,GSM8848585,9,Neuroendocrine-like,0.021354219,False,CNV_low_candidate
GSM8848585_GAGCTTTGTGAACGGTACTTTAGG-1,GSM8848585,14,Epithelial-like - uncertain,0.03879231,False,CNV_low_candidate
GSM8848585_GAGGAGTAGATGCAACACTTTAGG-1,GSM8848585,8,Cycling,0.05137818,False,not_assessed
GSM8848585_GAGGAGTAGCTTAAAGACTTTAGG-1,GSM8848585,7,Neuroendocrine-like,0.020773798,False,CNV_low_candidate
GSM8848585_GAGGAGTAGGTAAGTCACTTTAGG-1,GSM8848585,8,Cycling,0.062089946,False,not_assessed
GSM8848585_GAGGAGTAGGTGAGTTACTTTAGG-1,GSM8848585,8,Cycling,0.067232944,False,not_assessed
GSM8848585_GAGGCAACACATAGATACTTTAGG-1,GSM8848585,9,Neuroendocrine-like,0.10816977,True,CNV_high_candidate
GSM8848585_GAGGCAACAGGTGACTACTTTAGG-1,GSM8848585,3,Endothelial,0.036046814,False,reference_like
GSM8848585_GAGGCAACATATGGTGACTTTAGG-1,GSM8848585,4,Fibroblast,0.030702194,False,reference_like
GSM8848585_GAGGGAGTCCATCCGGACTTTAGG-1,GSM8848585,9,Neuroendocrine-like,0.054526497,False,CNV_low_candidate
GSM8848585_GAGGGAGTCGCTTCGGACTTTAGG-1,GSM8848585,11,Prostate epithelial - luminal,0.050956994,False,CNV_low_candidate
GSM8848585_GAGGGAGTCGGTACGAACTTTAGG-1,GSM8848585,3,Endothelial,0.06300149,False,reference_like
GSM8848585_GAGGTCCAGAGGATAGACTTTAGG-1,GSM8848585,9,Neuroendocrine-like,0.02321267,False,CNV_low_candidate
GSM8848585_GAGGTTTAGACTCAAAACTTTAGG-1,GSM8848585,11,Prostate epithelial - luminal,0.17463446,True,CNV_high_candidate
GSM8848585_GAGGTTTAGGTATTTCACTTTAGG-1,GSM8848585,7,Neuroendocrine-like,0.025272151,False,CNV_low_candidate
GSM8848585_GAGGTTTAGGTTGTAAACTTTAGG-1,GSM8848585,8,Cycling,0.032464273,False,not_assessed
GSM8848585_GAGTAACTCGATTCTGACTTTAGG-1,GSM8848585,4,Fibroblast,0.043236706,False,reference_like
GSM8848585_GAGTAACTCTAAATCCACTTTAGG-1,GSM8848585,9,Neuroendocrine-like,0.03608932,False,CNV_low_candidate
GSM8848585_GAGTAACTCTATTGACACTTTAGG-1,GSM8848585,14,Epithelial-like - uncertain,0.03535235,False,CNV_low_candidate
GSM8848585_GAGTAATGTAACCGCCACTTTAGG-1,GSM8848585,7,Neuroendocrine-like,0.02375104,False,CNV_low_candidate
GSM8848585_GAGTAATGTACTTAGCACTTTAGG-1,GSM8848585,9,Neuroendocrine-like,0.03934741,False,CNV_low_candidate
GSM8848585_GAGTATGGTGCGGCAAACTTTAGG-1,GSM8848585,8,Cycling,0.031408396,False,not_assessed
GSM8848585_GAGTATGGTGGATGGTACTTTAGG-1,GSM8848585,9,Neuroendocrine-like,0.0559406,False,CNV_low_candidate
GSM8848585_GAGTGACGTACGCACCACTTTAGG-1,GSM8848585,4,Fibroblast,0.0643589,False,reference_like
GSM8848585_GAGTGACGTGTCCTTCACTTTAGG-1,GSM8848585,7,Neuroendocrine-like,0.016358685,False,CNV_low_candidate
GSM8848585_GAGTGACGTTGCCTGAACTTTAGG-1,GSM8848585,9,Neuroendocrine-like,0.081119664,False,CNV_low_candidate
GSM8848585_GAGTGCGGTGGCGTAGACTTTAGG-1,GSM8848585,11,Prostate epithelial - luminal,0.11994144,True,CNV_high_candidate
GSM8848585_GATAAAGCAACAGGCTACTTTAGG-1,GSM8848585,8,Cycling,0.094525225,False,not_assessed
GSM8848585_GATAAAGCAAGTTGCAACTTTAGG-1,GSM8848585,11,Prostate epithelial - luminal,0.021999646,False,CNV_low_candidate
GSM8848585_GATAAAGCACCTTCAGACTTTAGG-1,GSM8848585,11,Prostate epithelial - luminal,0.14674619,True,CNV_high_candidate
GSM8848585_GATAAAGCAGGCTATAACTTTAGG-1,GSM8848585,9,Neuroendocrine-like,0.022326961,False,CNV_low_candidate
GSM8848585_GATAGGTTCAAGATGCACTTTAGG-1,GSM8848585,8,Cycling,0.07546756,False,not_assessed
GSM8848585_GATAGGTTCATGACAAACTTTAGG-1,GSM8848585,8,Cycling,0.030172031,False,not_assessed
GSM8848585_GATAGGTTCGACTCACACTTTAGG-1,GSM8848585,8,Cycling,0.0368199,False,not_assessed
GSM8848585_GATAGGTTCGATATTCACTTTAGG-1,GSM8848585,7,Neuroendocrine-like,0.06169038,False,CNV_low_candidate
GSM8848585_GATATGATCCACAATTACTTTAGG-1,GSM8848585,4,Fibroblast,0.05925384,False,reference_like
GSM8848585_GATATGATCCCGCTGAACTTTAGG-1,GSM8848585,11,Prostate epithelial - luminal,0.06621875,False,CNV_low_candidate
GSM8848585_GATATGATCCCTGGTGACTTTAGG-1,GSM8848585,7,Neuroendocrine-like,0.02868042,False,CNV_low_candidate
GSM8848585_GATATGATCCTTTGTCACTTTAGG-1,GSM8848585,7,Neuroendocrine-like,0.020354746,False,CNV_low_candidate
GSM8848585_GATATGATCGCTTCAAACTTTAGG-1,GSM8848585,11,Prostate epithelial - luminal,0.063508324,False,CNV_low_candidate
GSM8848585_GATATGATCTTACTCCACTTTAGG-1,GSM8848585,13,Neuroendocrine-like,0.027756797,False,CNV_low_candidate
GSM8848585_GATCAAATCTTGAAAGACTTTAGG-1,GSM8848585,9,Neuroendocrine-like,0.039671604,False,CNV_low_candidate
GSM8848585_GATCAATCAACAAGTTACTTTAGG-1,GSM8848585,7,Neuroendocrine-like,0.03204593,False,CNV_low_candidate
GSM8848585_GATCAATCACCACATTACTTTAGG-1,GSM8848585,9,Neuroendocrine-like,0.05472474,False,CNV_low_candidate
GSM8848585_GATCACACACTAGCGGACTTTAGG-1,GSM8848585,9,Neuroendocrine-like,0.048904315,False,CNV_low_candidate
GSM8848585_GATCACACAGCTACCCACTTTAGG-1,GSM8848585,8,Cycling,0.03597114,False,not_assessed
GSM8848585_GATCATAAGCGAGTTGACTTTAGG-1,GSM8848585,8,Cycling,0.032506857,False,not_assessed
GSM8848585_GATCATAAGTCATAAGACTTTAGG-1,GSM8848585,11,Prostate epithelial - luminal,0.054905456,False,CNV_low_candidate
GSM8848585_GATCATGCAATAGCTGACTTTAGG-1,GSM8848585,8,Cycling,0.054244112,False,not_assessed
GSM8848585_GATCATGCACTGACTTACTTTAGG-1,GSM8848585,12,Stress/hypoxia-like,0.017274784,False,not_assessed
GSM8848585_GATCTTAGTATTCGTAACTTTAGG-1,GSM8848585,0,Prostate epithelial - AR high,0.09267805,False,CNV_low_candidate
GSM8848585_GATCTTAGTCAGGATAACTTTAGG-1,GSM8848585,8,Cycling,0.038012054,False,not_assessed
GSM8848585_GATCTTAGTTAAGCTCACTTTAGG-1,GSM8848585,8,Cycling,0.030769162,False,not_assessed
GSM8848585_GATGACAGTACGTTACACTTTAGG-1,GSM8848585,11,Prostate epithelial - luminal,0.13292181,True,CNV_high_candidate
GSM8848585_GATGACAGTATGGGACACTTTAGG-1,GSM8848585,4,Fibroblast,0.030908825,False,reference_like
GSM8848585_GATGACAGTCCTTCGTACTTTAGG-1,GSM8848585,9,Neuroendocrine-like,0.030572925,False,CNV_low_candidate
GSM8848585_GATGACAGTGCATTACACTTTAGG-1,GSM8848585,11,Prostate epithelial - luminal,0.10717368,True,CNV_high_candidate
GSM8848585_GATGACAGTGCGCATCACTTTAGG-1,GSM8848585,9,Neuroendocrine-like,0.08489176,False,CNV_low_candidate
GSM8848585_GATGCAAGTGGTTCTGACTTTAGG-1,GSM8848585,8,Cycling,0.11335376,True,not_assessed
GSM8848585_GATGCACCATCAAGCAACTTTAGG-1,GSM8848585,11,Prostate epithelial - luminal,0.11261813,True,CNV_high_candidate
GSM8848585_GATGCCCGTGGAAGCTACTTTAGG-1,GSM8848585,9,Neuroendocrine-like,0.02092769,False,CNV_low_candidate
GSM8848585_GATGCCCGTTGGTTACACTTTAGG-1,GSM8848585,8,Cycling,0.058448445,False,not_assessed
GSM8848585_GATGGACGTTCGAATCACTTTAGG-1,GSM8848585,9,Neuroendocrine-like,0.017424703,False,CNV_low_candidate
GSM8848585_GATGGAGCACCACATTACTTTAGG-1,GSM8848585,9,Neuroendocrine-like,0.026730267,False,CNV_low_candidate
GSM8848585_GATGGAGCATATTTCGACTTTAGG-1,GSM8848585,7,Neuroendocrine-like,0.034805987,False,CNV_low_candidate
GSM8848585_GATGGAGCATTGCCTGACTTTAGG-1,GSM8848585,4,Fibroblast,0.061885394,False,reference_like
GSM8848585_GATGGCCAGTACCCACACTTTAGG-1,GSM8848585,12,Stress/hypoxia-like,0.021944756,False,not_assessed
GSM8848585_GATGGCCAGTGTGAGTACTTTAGG-1,GSM8848585,8,Cycling,0.05160722,False,not_assessed
GSM8848585_GATGGCCAGTTGCAGGACTTTAGG-1,GSM8848585,11,Prostate epithelial - luminal,0.13092485,True,CNV_high_candidate
GSM8848585_GATGGCTCAATACCCTACTTTAGG-1,GSM8848585,7,Neuroendocrine-like,0.019478856,False,CNV_low_candidate
GSM8848585_GATGGCTCACGTTACTACTTTAGG-1,GSM8848585,7,Neuroendocrine-like,0.12100681,True,CNV_high_candidate
GSM8848585_GATGGCTCATAGGCGTACTTTAGG-1,GSM8848585,11,Prostate epithelial - luminal,0.11235735,True,CNV_high_candidate
GSM8848585_GATGGTAGTATTGGGAACTTTAGG-1,GSM8848585,4,Fibroblast,0.08937081,False,reference_like
GSM8848585_GATGGTAGTGCGGCAAACTTTAGG-1,GSM8848585,11,Prostate epithelial - luminal,0.093067065,False,CNV_low_candidate
GSM8848585_GATGGTAGTTGGCCACACTTTAGG-1,GSM8848585,7,Neuroendocrine-like,0.02047963,False,CNV_low_candidate
GSM8848585_GATTAACCAAACTGGCACTTTAGG-1,GSM8848585,13,Neuroendocrine-like,0.064320706,False,CNV_low_candidate
GSM8848585_GATTAACCAATAGCTGACTTTAGG-1,GSM8848585,13,Neuroendocrine-like,0.030114233,False,CNV_low_candidate
GSM8848585_GATTACCGTACAGCAAACTTTAGG-1,GSM8848585,11,Prostate epithelial - luminal,0.017593782,False,CNV_low_candidate
GSM8848585_GATTACCGTCAACATCACTTTAGG-1,GSM8848585,12,Stress/hypoxia-like,0.025457807,False,not_assessed
GSM8848585_GATTACCGTCGTTGCAACTTTAGG-1,GSM8848585,7,Neuroendocrine-like,0.07479321,False,CNV_low_candidate
GSM8848585_GATTAGTCACTTTGTAACTTTAGG-1,GSM8848585,9,Neuroendocrine-like,0.045954715,False,CNV_low_candidate
GSM8848585_GATTAGTCATAAGCCAACTTTAGG-1,GSM8848585,4,Fibroblast,0.04862575,False,reference_like
GSM8848585_GATTAGTCATCGGGCAACTTTAGG-1,GSM8848585,11,Prostate epithelial - luminal,0.0976643,False,CNV_low_candidate
GSM8848585_GATTATCTCCGAAAGTACTTTAGG-1,GSM8848585,4,Fibroblast,0.02077389,False,reference_like
GSM8848585_GATTATCTCCTTTGTCACTTTAGG-1,GSM8848585,5,T/NK lymphocyte,0.055217795,False,reference_like
GSM8848585_GATTCCCAGGGTTGCAACTTTAGG-1,GSM8848585,11,Prostate epithelial - luminal,0.09828981,False,CNV_low_candidate
GSM8848585_GATTCCCAGTAACTTCACTTTAGG-1,GSM8848585,14,Epithelial-like - uncertain,0.060963444,False,CNV_low_candidate
GSM8848585_GATTCGCTCCCATAATACTTTAGG-1,GSM8848585,4,Fibroblast,0.13415195,True,reference_like
GSM8848585_GATTCGCTCCGTTAGCACTTTAGG-1,GSM8848585,9,Neuroendocrine-like,0.045119323,False,CNV_low_candidate
GSM8848585_GATTGACAGGGTTTGGACTTTAGG-1,GSM8848585,9,Neuroendocrine-like,0.089071274,False,CNV_low_candidate
GSM8848585_GATTGCACAAGGCTTAACTTTAGG-1,GSM8848585,8,Cycling,0.0695861,False,not_assessed
GSM8848585_GATTGCACAGATAGCCACTTTAGG-1,GSM8848585,3,Endothelial,0.069782265,False,reference_like
GSM8848585_GATTGCACAGGAGCAAACTTTAGG-1,GSM8848585,7,Neuroendocrine-like,0.062889144,False,CNV_low_candidate
GSM8848585_GATTGCACATGCTCCAACTTTAGG-1,GSM8848585,11,Prostate epithelial - luminal,0.020381283,False,CNV_low_candidate
GSM8848585_GATTGGCCACAACATGACTTTAGG-1,GSM8848585,4,Fibroblast,0.07161284,False,reference_like
GSM8848585_GATTGGCCACAGGCTGACTTTAGG-1,GSM8848585,11,Prostate epithelial - luminal,0.05019901,False,CNV_low_candidate
GSM8848585_GATTGGCCATCTATGCACTTTAGG-1,GSM8848585,7,Neuroendocrine-like,0.12271759,True,CNV_high_candidate
GSM8848585_GATTGGCCATTGGACAACTTTAGG-1,GSM8848585,5,T/NK lymphocyte,0.06512995,False,reference_like
GSM8848585_GATTGTGCAAGTTGCAACTTTAGG-1,GSM8848585,9,Neuroendocrine-like,0.030922122,False,CNV_low_candidate
GSM8848585_GATTGTGCAGGCTAACACTTTAGG-1,GSM8848585,9,Neuroendocrine-like,0.068678476,False,CNV_low_candidate
GSM8848585_GATTTGAAGAAGTACCACTTTAGG-1,GSM8848585,8,Cycling,0.044275984,False,not_assessed
GSM8848585_GATTTGAAGTGCCCTGACTTTAGG-1,GSM8848585,8,Cycling,0.026100371,False,not_assessed
GSM8848585_GCAAACCCATAACCGAACTTTAGG-1,GSM8848585,7,Neuroendocrine-like,0.030195953,False,CNV_low_candidate
GSM8848585_GCAAACCCATACTTCAACTTTAGG-1,GSM8848585,9,Neuroendocrine-like,0.033371657,False,CNV_low_candidate
GSM8848585_GCAAACCCATTGCCCAACTTTAGG-1,GSM8848585,11,Prostate epithelial - luminal,0.07093727,False,CNV_low_candidate
GSM8848585_GCAAACTAGGAAGCAAACTTTAGG-1,GSM8848585,11,Prostate epithelial - luminal,0.04623269,False,CNV_low_candidate
GSM8848585_GCAAACTAGGCTTATTACTTTAGG-1,GSM8848585,13,Neuroendocrine-like,0.03817889,False,CNV_low_candidate
GSM8848585_GCAAACTAGTTTGAGAACTTTAGG-1,GSM8848585,6,Macrophage,0.07045428,False,reference_like
GSM8848585_GCAAATGGTACACCCAACTTTAGG-1,GSM8848585,11,Prostate epithelial - luminal,0.052875303,False,CNV_low_candidate
GSM8848585_GCAAATGGTTCGGTATACTTTAGG-1,GSM8848585,6,Macrophage,0.05480954,False,reference_like
GSM8848585_GCAAATTCAACCGTGGACTTTAGG-1,GSM8848585,11,Prostate epithelial - luminal,0.060522705,False,CNV_low_candidate
GSM8848585_GCAAATTCACTCAAAGACTTTAGG-1,GSM8848585,11,Prostate epithelial - luminal,0.13417277,True,CNV_high_candidate
GSM8848585_GCAAATTCATAGCGACACTTTAGG-1,GSM8848585,4,Fibroblast,0.025228966,False,reference_like
GSM8848585_GCAACGGGTTGTTGTAACTTTAGG-1,GSM8848585,6,Macrophage,0.04203632,False,reference_like
GSM8848585_GCAACTTGTTGGATGAACTTTAGG-1,GSM8848585,11,Prostate epithelial - luminal,0.042565722,False,CNV_low_candidate
GSM8848585_GCAAGCCAGAACCTAAACTTTAGG-1,GSM8848585,8,Cycling,0.07773817,False,not_assessed
GSM8848585_GCAAGCCAGATGCTAAACTTTAGG-1,GSM8848585,8,Cycling,0.03174868,False,not_assessed
GSM8848585_GCAAGCCAGCTTGAAAACTTTAGG-1,GSM8848585,4,Fibroblast,0.032267794,False,reference_like
GSM8848585_GCAAGCCAGGTAAGCTACTTTAGG-1,GSM8848585,8,Cycling,0.09668294,False,not_assessed
GSM8848585_GCAAGGCTCAATACAGACTTTAGG-1,GSM8848585,9,Neuroendocrine-like,0.03283497,False,CNV_low_candidate
GSM8848585_GCAAGGCTCCTGCAACACTTTAGG-1,GSM8848585,11,Prostate epithelial - luminal,0.05245895,False,CNV_low_candidate
GSM8848585_GCAAGGCTCTAATGAGACTTTAGG-1,GSM8848585,8,Cycling,0.03257577,False,not_assessed
GSM8848585_GCAAGGTGTATTGGGAACTTTAGG-1,GSM8848585,13,Neuroendocrine-like,0.09081007,False,CNV_low_candidate
GSM8848585_GCAAGGTGTTGCCTGAACTTTAGG-1,GSM8848585,11,Prostate epithelial - luminal,0.023423916,False,CNV_low_candidate
GSM8848585_GCAAGTTAGGTTTCCAACTTTAGG-1,GSM8848585,8,Cycling,0.02735814,False,not_assessed
GSM8848585_GCAATTAAGCTCGATCACTTTAGG-1,GSM8848585,9,Neuroendocrine-like,0.021965254,False,CNV_low_candidate
GSM8848585_GCAATTAAGTCACCTAACTTTAGG-1,GSM8848585,4,Fibroblast,0.032970723,False,reference_like
GSM8848585_GCACAACCAAGGCTTAACTTTAGG-1,GSM8848585,13,Neuroendocrine-like,0.049628474,False,CNV_low_candidate
GSM8848585_GCACAACCACCTAACTACTTTAGG-1,GSM8848585,9,Neuroendocrine-like,0.034293674,False,CNV_low_candidate
GSM8848585_GCACAACCAGCGATCGACTTTAGG-1,GSM8848585,9,Neuroendocrine-like,0.043536358,False,CNV_low_candidate
GSM8848585_GCACACCGTCCCTCATACTTTAGG-1,GSM8848585,11,Prostate epithelial - luminal,0.021560108,False,CNV_low_candidate
GSM8848585_GCACAGCAGCCTCTAAACTTTAGG-1,GSM8848585,13,Neuroendocrine-like,0.14251144,True,CNV_high_candidate
GSM8848585_GCACAGCAGCGGGACTACTTTAGG-1,GSM8848585,9,Neuroendocrine-like,0.02380965,False,CNV_low_candidate
GSM8848585_GCACAGCAGGCGAGAGACTTTAGG-1,GSM8848585,9,Neuroendocrine-like,0.06981778,False,CNV_low_candidate
GSM8848585_GCACAGCAGGTATAGCACTTTAGG-1,GSM8848585,11,Prostate epithelial - luminal,0.10974236,True,CNV_high_candidate
GSM8848585_GCACAGCAGGTCAAACACTTTAGG-1,GSM8848585,8,Cycling,0.09485852,False,not_assessed
GSM8848585_GCACCAAAGACCAGGCACTTTAGG-1,GSM8848585,9,Neuroendocrine-like,0.10333304,True,CNV_high_candidate
GSM8848585_GCACCAAAGGTAGACTACTTTAGG-1,GSM8848585,13,Neuroendocrine-like,0.032480907,False,CNV_low_candidate
GSM8848585_GCACCAAAGTCATCATACTTTAGG-1,GSM8848585,8,Cycling,0.023939313,False,not_assessed
GSM8848585_GCACGAATCATTGAGAACTTTAGG-1,GSM8848585,4,Fibroblast,0.020937368,False,reference_like
GSM8848585_GCACGAATCCAGCTTAACTTTAGG-1,GSM8848585,14,Epithelial-like - uncertain,0.0722896,False,CNV_low_candidate
GSM8848585_GCACGAATCTATCACGACTTTAGG-1,GSM8848585,13,Neuroendocrine-like,0.09720044,False,CNV_low_candidate
GSM8848585_GCACTTGGTACACCCAACTTTAGG-1,GSM8848585,11,Prostate epithelial - luminal,0.021917153,False,CNV_low_candidate
GSM8848585_GCACTTGGTCAAAGGCACTTTAGG-1,GSM8848585,11,Prostate epithelial - luminal,0.08498142,False,CNV_low_candidate
GSM8848585_GCACTTGGTGATAAACACTTTAGG-1,GSM8848585,8,Cycling,0.03398706,False,not_assessed
GSM8848585_GCAGCTAAGCTTGATTACTTTAGG-1,GSM8848585,8,Cycling,0.044648964,False,not_assessed
GSM8848585_GCAGGCTAGCCTGCCAACTTTAGG-1,GSM8848585,11,Prostate epithelial - luminal,0.026149822,False,CNV_low_candidate
GSM8848585_GCAGGCTAGTCAATGAACTTTAGG-1,GSM8848585,12,Stress/hypoxia-like,0.051055327,False,not_assessed
GSM8848585_GCAGGCTAGTTGCAAAACTTTAGG-1,GSM8848585,7,Neuroendocrine-like,0.12374795,True,CNV_high_candidate
GSM8848585_GCAGGTTCACGGATACACTTTAGG-1,GSM8848585,7,Neuroendocrine-like,0.020836366,False,CNV_low_candidate
GSM8848585_GCAGGTTCAGCTCGCTACTTTAGG-1,GSM8848585,4,Fibroblast,0.07373841,False,reference_like
GSM8848585_GCAGGTTCATCGATAGACTTTAGG-1,GSM8848585,11,Prostate epithelial - luminal,0.09932537,True,CNV_high_candidate
GSM8848585_GCAGTAAGTAAGGTTGACTTTAGG-1,GSM8848585,9,Neuroendocrine-like,0.027488517,False,CNV_low_candidate
GSM8848585_GCAGTAAGTAAGTCGAACTTTAGG-1,GSM8848585,11,Prostate epithelial - luminal,0.04701412,False,CNV_low_candidate
GSM8848585_GCAGTAAGTTAGTAGGACTTTAGG-1,GSM8848585,11,Prostate epithelial - luminal,0.093962595,False,CNV_low_candidate
GSM8848585_GCAGTACCATGGCGCAACTTTAGG-1,GSM8848585,11,Prostate epithelial - luminal,0.063417315,False,CNV_low_candidate
GSM8848585_GCATAAATCTTACTCCACTTTAGG-1,GSM8848585,11,Prostate epithelial - luminal,0.09612835,False,CNV_low_candidate
GSM8848585_GCATAATCAGCTCGAGACTTTAGG-1,GSM8848585,9,Neuroendocrine-like,0.024134582,False,CNV_low_candidate
GSM8848585_GCATAATCAGTGAGGAACTTTAGG-1,GSM8848585,8,Cycling,0.024298895,False,not_assessed
GSM8848585_GCATCACTCACCACACACTTTAGG-1,GSM8848585,11,Prostate epithelial - luminal,0.06419232,False,CNV_low_candidate
GSM8848585_GCATCACTCCGAATTTACTTTAGG-1,GSM8848585,11,Prostate epithelial - luminal,0.12392598,True,CNV_high_candidate
GSM8848585_GCATCACTCGGGACTAACTTTAGG-1,GSM8848585,9,Neuroendocrine-like,0.035602104,False,CNV_low_candidate
GSM8848585_GCATCTATCAAGTTTCACTTTAGG-1,GSM8848585,8,Cycling,0.0379691,False,not_assessed
GSM8848585_GCATCTATCAGCACCTACTTTAGG-1,GSM8848585,11,Prostate epithelial - luminal,0.047681756,False,CNV_low_candidate
GSM8848585_GCATCTATCATAATGGACTTTAGG-1,GSM8848585,9,Neuroendocrine-like,0.08500124,False,CNV_low_candidate
GSM8848585_GCATCTATCCATTAGTACTTTAGG-1,GSM8848585,13,Neuroendocrine-like,0.028133519,False,CNV_low_candidate
GSM8848585_GCATCTATCTCAAGAAACTTTAGG-1,GSM8848585,8,Cycling,0.060537428,False,not_assessed
GSM8848585_GCATGAGTCAAAGGGAACTTTAGG-1,GSM8848585,11,Prostate epithelial - luminal,0.05995757,False,CNV_low_candidate
GSM8848585_GCATGAGTCCAGCTTAACTTTAGG-1,GSM8848585,11,Prostate epithelial - luminal,0.021012833,False,CNV_low_candidate
GSM8848585_GCATGAGTCTGCAACCACTTTAGG-1,GSM8848585,9,Neuroendocrine-like,0.042256463,False,CNV_low_candidate
GSM8848585_GCATGCAAGAAGTACCACTTTAGG-1,GSM8848585,11,Prostate epithelial - luminal,0.1159061,True,CNV_high_candidate
GSM8848585_GCATGCAAGCAGGTCAACTTTAGG-1,GSM8848585,8,Cycling,0.07574726,False,not_assessed
GSM8848585_GCATGCAAGGTGAGCCACTTTAGG-1,GSM8848585,13,Neuroendocrine-like,0.039459072,False,CNV_low_candidate
GSM8848585_GCATGCAAGTGTGAGTACTTTAGG-1,GSM8848585,11,Prostate epithelial - luminal,0.04134543,False,CNV_low_candidate
GSM8848585_GCATGCTTCCACAATTACTTTAGG-1,GSM8848585,11,Prostate epithelial - luminal,0.07132904,False,CNV_low_candidate
GSM8848585_GCATGCTTCGCGTTCGACTTTAGG-1,GSM8848585,11,Prostate epithelial - luminal,0.07592415,False,CNV_low_candidate
GSM8848585_GCATGCTTCGTAACCCACTTTAGG-1,GSM8848585,14,Epithelial-like - uncertain,0.073312484,False,CNV_low_candidate
GSM8848585_GCATGGATCAACCTATACTTTAGG-1,GSM8848585,4,Fibroblast,0.13109791,True,reference_like
GSM8848585_GCATGGATCACCAGGAACTTTAGG-1,GSM8848585,9,Neuroendocrine-like,0.019591456,False,CNV_low_candidate
GSM8848585_GCATGGATCACTAATCACTTTAGG-1,GSM8848585,9,Neuroendocrine-like,0.10394035,True,CNV_high_candidate
GSM8848585_GCATGGATCATTGTACACTTTAGG-1,GSM8848585,4,Fibroblast,0.11592525,True,reference_like
GSM8848585_GCATGGATCGTAGTTTACTTTAGG-1,GSM8848585,11,Prostate epithelial - luminal,0.11897587,True,CNV_high_candidate
GSM8848585_GCATTACGTCAACAAGACTTTAGG-1,GSM8848585,14,Epithelial-like - uncertain,0.023070436,False,CNV_low_candidate
GSM8848585_GCATTACGTTGCGGCTACTTTAGG-1,GSM8848585,11,Prostate epithelial - luminal,0.14113788,True,CNV_high_candidate
GSM8848585_GCATTACGTTTCCAAAACTTTAGG-1,GSM8848585,9,Neuroendocrine-like,0.040419206,False,CNV_low_candidate
GSM8848585_GCATTCATCCTGCCAGACTTTAGG-1,GSM8848585,8,Cycling,0.063556984,False,not_assessed
GSM8848585_GCATTGTGTTAGCTCGACTTTAGG-1,GSM8848585,9,Neuroendocrine-like,0.041077062,False,CNV_low_candidate
GSM8848585_GCATTGTGTTTATCGAACTTTAGG-1,GSM8848585,14,Epithelial-like - uncertain,0.074475385,False,CNV_low_candidate
GSM8848585_GCATTTAGTAGGTTTCACTTTAGG-1,GSM8848585,11,Prostate epithelial - luminal,0.16369818,True,CNV_high_candidate
GSM8848585_GCATTTAGTCCTTCGTACTTTAGG-1,GSM8848585,4,Fibroblast,0.04496781,False,reference_like
GSM8848585_GCATTTAGTTAAGGATACTTTAGG-1,GSM8848585,14,Epithelial-like - uncertain,0.05630622,False,CNV_low_candidate
GSM8848585_GCATTTAGTTAGGCTTACTTTAGG-1,GSM8848585,9,Neuroendocrine-like,0.017696148,False,CNV_low_candidate
GSM8848585_GCATTTGTCACCTTTCACTTTAGG-1,GSM8848585,8,Cycling,0.040608026,False,not_assessed
GSM8848585_GCATTTGTCAGTAGCGACTTTAGG-1,GSM8848585,8,Cycling,0.027908416,False,not_assessed
GSM8848585_GCATTTGTCATAGGCGACTTTAGG-1,GSM8848585,9,Neuroendocrine-like,0.03276593,False,CNV_low_candidate
GSM8848585_GCCAACAAGCAGGCTAACTTTAGG-1,GSM8848585,9,Neuroendocrine-like,0.033877004,False,CNV_low_candidate
GSM8848585_GCCAACAAGTCGAAGTACTTTAGG-1,GSM8848585,7,Neuroendocrine-like,0.048298668,False,CNV_low_candidate
GSM8848585_GCCAATACAAACCCAAACTTTAGG-1,GSM8848585,4,Fibroblast,0.043265875,False,reference_like
GSM8848585_GCCAATACAATGAGCCACTTTAGG-1,GSM8848585,9,Neuroendocrine-like,0.024164662,False,CNV_low_candidate
GSM8848585_GCCACAAAGAGGTTTAACTTTAGG-1,GSM8848585,4,Fibroblast,0.085400335,False,reference_like
GSM8848585_GCCAGTTTCAGGGATTACTTTAGG-1,GSM8848585,11,Prostate epithelial - luminal,0.16469893,True,CNV_high_candidate
GSM8848585_GCCAGTTTCCAACTATACTTTAGG-1,GSM8848585,9,Neuroendocrine-like,0.038513485,False,CNV_low_candidate
GSM8848585_GCCAGTTTCGATTGGGACTTTAGG-1,GSM8848585,11,Prostate epithelial - luminal,0.07977962,False,CNV_low_candidate
GSM8848585_GCCATAACAATTCGGAACTTTAGG-1,GSM8848585,11,Prostate epithelial - luminal,0.021399947,False,CNV_low_candidate
GSM8848585_GCCATAACACATGCTTACTTTAGG-1,GSM8848585,14,Epithelial-like - uncertain,0.06541621,False,CNV_low_candidate
GSM8848585_GCCATAACACGGTAACACTTTAGG-1,GSM8848585,13,Neuroendocrine-like,0.069051705,False,CNV_low_candidate
GSM8848585_GCCATAACAGCTCATTACTTTAGG-1,GSM8848585,9,Neuroendocrine-like,0.041556645,False,CNV_low_candidate
GSM8848585_GCCATAGAGACCAGGCACTTTAGG-1,GSM8848585,7,Neuroendocrine-like,0.027173586,False,CNV_low_candidate
GSM8848585_GCCATTTCACTATGGAACTTTAGG-1,GSM8848585,8,Cycling,0.057073675,False,not_assessed
GSM8848585_GCCCAATTCAACCGGAACTTTAGG-1,GSM8848585,7,Neuroendocrine-like,0.06838368,False,CNV_low_candidate
GSM8848585_GCCCAATTCAGTTTACACTTTAGG-1,GSM8848585,8,Cycling,0.04682831,False,not_assessed
GSM8848585_GCCCAATTCCATAGGGACTTTAGG-1,GSM8848585,4,Fibroblast,0.02992583,False,reference_like
GSM8848585_GCCCAGTGTGTTAGCTACTTTAGG-1,GSM8848585,8,Cycling,0.05391897,False,not_assessed
GSM8848585_GCCCATAGTTTCTAAGACTTTAGG-1,GSM8848585,9,Neuroendocrine-like,0.03661054,False,CNV_low_candidate
GSM8848585_GCCCATTAGTTTCGGCACTTTAGG-1,GSM8848585,7,Neuroendocrine-like,0.038291212,False,CNV_low_candidate
GSM8848585_GCCCTCAAGCTAGCCTACTTTAGG-1,GSM8848585,9,Neuroendocrine-like,0.04439145,False,CNV_low_candidate
GSM8848585_GCCCTCAAGCTTATCGACTTTAGG-1,GSM8848585,14,Epithelial-like - uncertain,0.021008398,False,CNV_low_candidate
GSM8848585_GCCCTCAAGGCACTAGACTTTAGG-1,GSM8848585,9,Neuroendocrine-like,0.14804369,True,CNV_high_candidate
GSM8848585_GCCCTCAAGTCCTCAAACTTTAGG-1,GSM8848585,9,Neuroendocrine-like,0.028789407,False,CNV_low_candidate
GSM8848585_GCCCTGATCCTGATCAACTTTAGG-1,GSM8848585,8,Cycling,0.085913815,False,not_assessed
GSM8848585_GCCCTTGAGATAACCAACTTTAGG-1,GSM8848585,4,Fibroblast,0.07196701,False,reference_like
GSM8848585_GCCCTTGAGATTGAGCACTTTAGG-1,GSM8848585,9,Neuroendocrine-like,0.033696823,False,CNV_low_candidate
GSM8848585_GCCCTTGAGGCTTATTACTTTAGG-1,GSM8848585,7,Neuroendocrine-like,0.04287134,False,CNV_low_candidate
GSM8848585_GCCCTTTGTAGGTTTCACTTTAGG-1,GSM8848585,11,Prostate epithelial - luminal,0.10673258,True,CNV_high_candidate
GSM8848585_GCCCTTTGTGGTTATCACTTTAGG-1,GSM8848585,11,Prostate epithelial - luminal,0.119328946,True,CNV_high_candidate
GSM8848585_GCCTAATGTAATGAACACTTTAGG-1,GSM8848585,8,Cycling,0.022795882,False,not_assessed
GSM8848585_GCCTAATGTGAACGACACTTTAGG-1,GSM8848585,11,Prostate epithelial - luminal,0.03639999,False,CNV_low_candidate
GSM8848585_GCCTAATGTTGAGTCTACTTTAGG-1,GSM8848585,12,Stress/hypoxia-like,0.07331495,False,not_assessed
GSM8848585_GCCTCATAGGCCTTCGACTTTAGG-1,GSM8848585,11,Prostate epithelial - luminal,0.16428572,True,CNV_high_candidate
GSM8848585_GCCTCATAGGTTGTGGACTTTAGG-1,GSM8848585,6,Macrophage,0.039038114,False,reference_like
GSM8848585_GCCTCATAGTACCAGGACTTTAGG-1,GSM8848585,7,Neuroendocrine-like,0.092828676,False,CNV_low_candidate
GSM8848585_GCCTGAGCACGGGCTAACTTTAGG-1,GSM8848585,11,Prostate epithelial - luminal,0.053293914,False,CNV_low_candidate
GSM8848585_GCCTGAGCACTCCCAAACTTTAGG-1,GSM8848585,11,Prostate epithelial - luminal,0.13660198,True,CNV_high_candidate
GSM8848585_GCCTGAGCATAGCGCGACTTTAGG-1,GSM8848585,11,Prostate epithelial - luminal,0.10878982,True,CNV_high_candidate
GSM8848585_GCCTGCATCAACCGGAACTTTAGG-1,GSM8848585,13,Neuroendocrine-like,0.044015955,False,CNV_low_candidate
GSM8848585_GCCTGCATCCTTAGATACTTTAGG-1,GSM8848585,11,Prostate epithelial - luminal,0.15844253,True,CNV_high_candidate
GSM8848585_GCCTGCATCGAACGTGACTTTAGG-1,GSM8848585,12,Stress/hypoxia-like,0.02879179,False,not_assessed
GSM8848585_GCGAACGGTAGTAACGACTTTAGG-1,GSM8848585,11,Prostate epithelial - luminal,0.02396367,False,CNV_low_candidate
GSM8848585_GCGAATGTCATGCCTAACTTTAGG-1,GSM8848585,11,Prostate epithelial - luminal,0.08472168,False,CNV_low_candidate
GSM8848585_GCGAATGTCCCAGTACACTTTAGG-1,GSM8848585,6,Macrophage,0.060401928,False,reference_like
GSM8848585_GCGAATGTCGAGAGAAACTTTAGG-1,GSM8848585,9,Neuroendocrine-like,0.035082128,False,CNV_low_candidate
GSM8848585_GCGAATGTCTTGAATCACTTTAGG-1,GSM8848585,8,Cycling,0.06584468,False,not_assessed
GSM8848585_GCGAGCTAGCTATTACACTTTAGG-1,GSM8848585,8,Cycling,0.04593992,False,not_assessed
GSM8848585_GCGAGCTAGTGGACCAACTTTAGG-1,GSM8848585,14,Epithelial-like - uncertain,0.049531832,False,CNV_low_candidate
GSM8848585_GCGAGGTTCAGGGATTACTTTAGG-1,GSM8848585,9,Neuroendocrine-like,0.019354044,False,CNV_low_candidate
GSM8848585_GCGAGGTTCATTAGTCACTTTAGG-1,GSM8848585,8,Cycling,0.08332606,False,not_assessed
GSM8848585_GCGATAAGTAAGTCGAACTTTAGG-1,GSM8848585,11,Prostate epithelial - luminal,0.099428676,True,CNV_high_candidate
GSM8848585_GCGATAAGTGGGTGTGACTTTAGG-1,GSM8848585,9,Neuroendocrine-like,0.065073706,False,CNV_low_candidate
GSM8848585_GCGATAAGTTAAGTCCACTTTAGG-1,GSM8848585,9,Neuroendocrine-like,0.062189184,False,CNV_low_candidate
GSM8848585_GCGCAACAGCAATTGAACTTTAGG-1,GSM8848585,13,Neuroendocrine-like,0.048839543,False,CNV_low_candidate
GSM8848585_GCGCAACAGCTCAACCACTTTAGG-1,GSM8848585,7,Neuroendocrine-like,0.05153081,False,CNV_low_candidate
GSM8848585_GCGCAACAGCTTACTGACTTTAGG-1,GSM8848585,7,Neuroendocrine-like,0.04707914,False,CNV_low_candidate
GSM8848585_GCGCAAGGTACAGCAAACTTTAGG-1,GSM8848585,9,Neuroendocrine-like,0.029238058,False,CNV_low_candidate
GSM8848585_GCGCAAGGTGACACAAACTTTAGG-1,GSM8848585,8,Cycling,0.026841396,False,not_assessed
GSM8848585_GCGCAATCAAATACCGACTTTAGG-1,GSM8848585,14,Epithelial-like - uncertain,0.06627601,False,CNV_low_candidate
GSM8848585_GCGCAATCATCACAGAACTTTAGG-1,GSM8848585,8,Cycling,0.02873895,False,not_assessed
GSM8848585_GCGCACACAAGCCAGTACTTTAGG-1,GSM8848585,7,Neuroendocrine-like,0.032041676,False,CNV_low_candidate
GSM8848585_GCGCACACAATCCACTACTTTAGG-1,GSM8848585,13,Neuroendocrine-like,0.055440675,False,CNV_low_candidate
GSM8848585_GCGCACACACCATACTACTTTAGG-1,GSM8848585,8,Cycling,0.045899816,False,not_assessed
GSM8848585_GCGCCTATCAGCACCTACTTTAGG-1,GSM8848585,7,Neuroendocrine-like,0.09076109,False,CNV_low_candidate
GSM8848585_GCGCCTATCCGGATAGACTTTAGG-1,GSM8848585,9,Neuroendocrine-like,0.03803733,False,CNV_low_candidate
GSM8848585_GCGCCTATCTGGCTACACTTTAGG-1,GSM8848585,9,Neuroendocrine-like,0.023896132,False,CNV_low_candidate
GSM8848585_GCGCTAAAGGTGGATTACTTTAGG-1,GSM8848585,9,Neuroendocrine-like,0.024735127,False,CNV_low_candidate
GSM8848585_GCGCTAAAGTGTTTCGACTTTAGG-1,GSM8848585,8,Cycling,0.04228154,False,not_assessed
GSM8848585_GCGCTACGTCACAGAAACTTTAGG-1,GSM8848585,11,Prostate epithelial - luminal,0.022733312,False,CNV_low_candidate
GSM8848585_GCGCTACGTCCTGAGCACTTTAGG-1,GSM8848585,7,Neuroendocrine-like,0.033338178,False,CNV_low_candidate
GSM8848585_GCGCTACGTTACTTCTACTTTAGG-1,GSM8848585,8,Cycling,0.020104066,False,not_assessed
GSM8848585_GCGCTTAGTTGTCAGTACTTTAGG-1,GSM8848585,8,Cycling,0.055689365,False,not_assessed
GSM8848585_GCGGATTCAAGGAATAACTTTAGG-1,GSM8848585,4,Fibroblast,0.037912305,False,reference_like
GSM8848585_GCGGATTCACTTAACCACTTTAGG-1,GSM8848585,9,Neuroendocrine-like,0.026432967,False,CNV_low_candidate
GSM8848585_GCGGGTTAGCCAAACGACTTTAGG-1,GSM8848585,11,Prostate epithelial - luminal,0.11270275,True,CNV_high_candidate
GSM8848585_GCGGGTTAGCTTACATACTTTAGG-1,GSM8848585,4,Fibroblast,0.03662004,False,reference_like
GSM8848585_GCGGTAATCAAGGTCGACTTTAGG-1,GSM8848585,7,Neuroendocrine-like,0.10324076,True,CNV_high_candidate
GSM8848585_GCGGTAATCGATTCTGACTTTAGG-1,GSM8848585,4,Fibroblast,0.033581134,False,reference_like
GSM8848585_GCGGTTCGTCCTCCTGACTTTAGG-1,GSM8848585,4,Fibroblast,0.025619986,False,reference_like
GSM8848585_GCGGTTCGTGAGAAGGACTTTAGG-1,GSM8848585,11,Prostate epithelial - luminal,0.11208873,True,CNV_high_candidate
GSM8848585_GCGGTTCGTGGTTCTGACTTTAGG-1,GSM8848585,9,Neuroendocrine-like,0.020354385,False,CNV_low_candidate
GSM8848585_GCGTGTTTCCTAAAGAACTTTAGG-1,GSM8848585,11,Prostate epithelial - luminal,0.15382779,True,CNV_high_candidate
GSM8848585_GCGTGTTTCGATATTCACTTTAGG-1,GSM8848585,7,Neuroendocrine-like,0.028900506,False,CNV_low_candidate
GSM8848585_GCGTGTTTCTGCCATAACTTTAGG-1,GSM8848585,9,Neuroendocrine-like,0.029512094,False,CNV_low_candidate
GSM8848585_GCGTTACTCAAAGGCTACTTTAGG-1,GSM8848585,11,Prostate epithelial - luminal,0.052942514,False,CNV_low_candidate
GSM8848585_GCGTTACTCATGCATTACTTTAGG-1,GSM8848585,7,Neuroendocrine-like,0.05047852,False,CNV_low_candidate
GSM8848585_GCGTTATGTATAGCGAACTTTAGG-1,GSM8848585,7,Neuroendocrine-like,0.03526908,False,CNV_low_candidate
GSM8848585_GCGTTATGTCATTACAACTTTAGG-1,GSM8848585,7,Neuroendocrine-like,0.05864085,False,CNV_low_candidate
GSM8848585_GCGTTTGGTATTCAGCACTTTAGG-1,GSM8848585,11,Prostate epithelial - luminal,0.08853322,False,CNV_low_candidate
GSM8848585_GCGTTTGGTCTACCAGACTTTAGG-1,GSM8848585,9,Neuroendocrine-like,0.021673212,False,CNV_low_candidate
GSM8848585_GCTAAATCAACCGGATACTTTAGG-1,GSM8848585,9,Neuroendocrine-like,0.017657166,False,CNV_low_candidate
GSM8848585_GCTAACCTCAAGGTCGACTTTAGG-1,GSM8848585,11,Prostate epithelial - luminal,0.11695837,True,CNV_high_candidate
GSM8848585_GCTAACCTCCTCACGGACTTTAGG-1,GSM8848585,7,Neuroendocrine-like,0.042515542,False,CNV_low_candidate
GSM8848585_GCTAACGAGAGGTTTAACTTTAGG-1,GSM8848585,7,Neuroendocrine-like,0.05088966,False,CNV_low_candidate
GSM8848585_GCTAACGAGCCATCGTACTTTAGG-1,GSM8848585,13,Neuroendocrine-like,0.10388041,True,CNV_high_candidate
GSM8848585_GCTAACGAGTCTTGCAACTTTAGG-1,GSM8848585,11,Prostate epithelial - luminal,0.08181309,False,CNV_low_candidate
GSM8848585_GCTAACTGTATAGTGGACTTTAGG-1,GSM8848585,11,Prostate epithelial - luminal,0.02918468,False,CNV_low_candidate
GSM8848585_GCTAACTGTTGAGCTTACTTTAGG-1,GSM8848585,8,Cycling,0.1005219,True,not_assessed
GSM8848585_GCTAATAAGACTCCTAACTTTAGG-1,GSM8848585,11,Prostate epithelial - luminal,0.12857413,True,CNV_high_candidate
GSM8848585_GCTACAACATTTGGGAACTTTAGG-1,GSM8848585,11,Prostate epithelial - luminal,0.14780284,True,CNV_high_candidate
GSM8848585_GCTACTATCAAGTTAGACTTTAGG-1,GSM8848585,6,Macrophage,0.02518669,False,reference_like
GSM8848585_GCTACTATCGCCACATACTTTAGG-1,GSM8848585,11,Prostate epithelial - luminal,0.1305993,True,CNV_high_candidate
GSM8848585_GCTAGACCATGAGGGAACTTTAGG-1,GSM8848585,4,Fibroblast,0.119820915,True,reference_like
GSM8848585_GCTAGATAGAATGGGAACTTTAGG-1,GSM8848585,11,Prostate epithelial - luminal,0.03493576,False,CNV_low_candidate
GSM8848585_GCTAGATAGACCATTTACTTTAGG-1,GSM8848585,8,Cycling,0.038250256,False,not_assessed
GSM8848585_GCTAGATAGCCTCTAAACTTTAGG-1,GSM8848585,9,Neuroendocrine-like,0.056559708,False,CNV_low_candidate
GSM8848585_GCTAGATAGCTAAACAACTTTAGG-1,GSM8848585,4,Fibroblast,0.10266293,True,reference_like
GSM8848585_GCTAGATAGTGCAACGACTTTAGG-1,GSM8848585,8,Cycling,0.05331974,False,not_assessed
GSM8848585_GCTAGTCTCCAAACAAACTTTAGG-1,GSM8848585,11,Prostate epithelial - luminal,0.02555759,False,CNV_low_candidate
GSM8848585_GCTATAAAGCTAAATGACTTTAGG-1,GSM8848585,7,Neuroendocrine-like,0.024382414,False,CNV_low_candidate
GSM8848585_GCTATCCAGCTGGACAACTTTAGG-1,GSM8848585,7,Neuroendocrine-like,0.033973586,False,CNV_low_candidate
GSM8848585_GCTATGCTCACAGCCTACTTTAGG-1,GSM8848585,9,Neuroendocrine-like,0.022347916,False,CNV_low_candidate
GSM8848585_GCTATGCTCAGCTACCACTTTAGG-1,GSM8848585,11,Prostate epithelial - luminal,0.1740201,True,CNV_high_candidate
GSM8848585_GCTATTGTCATCACATACTTTAGG-1,GSM8848585,9,Neuroendocrine-like,0.0238638,False,CNV_low_candidate
GSM8848585_GCTATTGTCATCGATTACTTTAGG-1,GSM8848585,11,Prostate epithelial - luminal,0.06600701,False,CNV_low_candidate
GSM8848585_GCTATTGTCATGACCCACTTTAGG-1,GSM8848585,7,Neuroendocrine-like,0.029544855,False,CNV_low_candidate
GSM8848585_GCTATTGTCCTGATCAACTTTAGG-1,GSM8848585,11,Prostate epithelial - luminal,0.08586484,False,CNV_low_candidate
GSM8848585_GCTATTGTCTATGGCCACTTTAGG-1,GSM8848585,5,T/NK lymphocyte,0.045003667,False,reference_like
GSM8848585_GCTATTGTCTTAATGCACTTTAGG-1,GSM8848585,11,Prostate epithelial - luminal,0.13068894,True,CNV_high_candidate
GSM8848585_GCTCAATGTCAAAGGCACTTTAGG-1,GSM8848585,4,Fibroblast,0.08018112,False,reference_like
GSM8848585_GCTCAATGTGACACAAACTTTAGG-1,GSM8848585,11,Prostate epithelial - luminal,0.07678199,False,CNV_low_candidate
GSM8848585_GCTCAATGTGCAGCTCACTTTAGG-1,GSM8848585,11,Prostate epithelial - luminal,0.022165133,False,CNV_low_candidate
GSM8848585_GCTCACTAGCACGTTCACTTTAGG-1,GSM8848585,11,Prostate epithelial - luminal,0.06502779,False,CNV_low_candidate
GSM8848585_GCTCACTAGCTTACTGACTTTAGG-1,GSM8848585,7,Neuroendocrine-like,0.042410046,False,CNV_low_candidate
GSM8848585_GCTCACTAGTTGCAAAACTTTAGG-1,GSM8848585,9,Neuroendocrine-like,0.022733107,False,CNV_low_candidate
GSM8848585_GCTCAGGCAACTAGTGACTTTAGG-1,GSM8848585,9,Neuroendocrine-like,0.056854673,False,CNV_low_candidate
GSM8848585_GCTCCATAGGATTAGCACTTTAGG-1,GSM8848585,4,Fibroblast,0.054153267,False,reference_like
GSM8848585_GCTCCATAGTTTCACGACTTTAGG-1,GSM8848585,11,Prostate epithelial - luminal,0.12942642,True,CNV_high_candidate
GSM8848585_GCTCCTGAGAGGAAATACTTTAGG-1,GSM8848585,11,Prostate epithelial - luminal,0.08093707,False,CNV_low_candidate
GSM8848585_GCTCCTGAGCCCTTGGACTTTAGG-1,GSM8848585,11,Prostate epithelial - luminal,0.08880345,False,CNV_low_candidate
GSM8848585_GCTCGCTCAGGTAGCTACTTTAGG-1,GSM8848585,7,Neuroendocrine-like,0.02404236,False,CNV_low_candidate
GSM8848585_GCTCGTTAGGCTACTCACTTTAGG-1,GSM8848585,8,Cycling,0.06496625,False,not_assessed
GSM8848585_GCTCGTTAGGTTATCTACTTTAGG-1,GSM8848585,8,Cycling,0.09871722,False,not_assessed
GSM8848585_GCTCGTTAGTTTACCGACTTTAGG-1,GSM8848585,9,Neuroendocrine-like,0.03488913,False,CNV_low_candidate
GSM8848585_GCTGAAAGTACCTCAGACTTTAGG-1,GSM8848585,7,Neuroendocrine-like,0.03065464,False,CNV_low_candidate
GSM8848585_GCTGAATAGTACCAGGACTTTAGG-1,GSM8848585,9,Neuroendocrine-like,0.03835269,False,CNV_low_candidate
GSM8848585_GCTGAATAGTCATAAGACTTTAGG-1,GSM8848585,7,Neuroendocrine-like,0.14548133,True,CNV_high_candidate
GSM8848585_GCTGAATAGTGAATCAACTTTAGG-1,GSM8848585,6,Macrophage,0.03962327,False,reference_like
GSM8848585_GCTGACTTCAGTAGGTACTTTAGG-1,GSM8848585,11,Prostate epithelial - luminal,0.040382233,False,CNV_low_candidate
GSM8848585_GCTGACTTCGAACCGAACTTTAGG-1,GSM8848585,8,Cycling,0.08213221,False,not_assessed
GSM8848585_GCTGATGAGGTCTTTGACTTTAGG-1,GSM8848585,14,Epithelial-like - uncertain,0.056505483,False,CNV_low_candidate
GSM8848585_GCTGATGAGTCAACTTACTTTAGG-1,GSM8848585,7,Neuroendocrine-like,0.036349297,False,CNV_low_candidate
GSM8848585_GCTGATGAGTCCTCAAACTTTAGG-1,GSM8848585,7,Neuroendocrine-like,0.062665746,False,CNV_low_candidate
GSM8848585_GCTGATGAGTTAGTTCACTTTAGG-1,GSM8848585,9,Neuroendocrine-like,0.06017486,False,CNV_low_candidate
GSM8848585_GCTGCTCCAGCCTATTACTTTAGG-1,GSM8848585,13,Neuroendocrine-like,0.053977832,False,CNV_low_candidate
GSM8848585_GCTGCTCCATCTATCAACTTTAGG-1,GSM8848585,13,Neuroendocrine-like,0.029042851,False,CNV_low_candidate
GSM8848585_GCTGCTCCATTACTTGACTTTAGG-1,GSM8848585,12,Stress/hypoxia-like,0.042893864,False,not_assessed
GSM8848585_GCTGGATCAACCTGTTACTTTAGG-1,GSM8848585,4,Fibroblast,0.025002958,False,reference_like
GSM8848585_GCTGGATCACTAACGAACTTTAGG-1,GSM8848585,13,Neuroendocrine-like,0.05061432,False,CNV_low_candidate
GSM8848585_GCTGGATCATAGGCGTACTTTAGG-1,GSM8848585,4,Fibroblast,0.1143065,True,reference_like
GSM8848585_GCTGGGTAGACAAAGGACTTTAGG-1,GSM8848585,11,Prostate epithelial - luminal,0.09519055,False,CNV_low_candidate
GSM8848585_GCTGGGTAGACCTTGCACTTTAGG-1,GSM8848585,9,Neuroendocrine-like,0.045451432,False,CNV_low_candidate
GSM8848585_GCTGGGTAGATGAAGGACTTTAGG-1,GSM8848585,7,Neuroendocrine-like,0.02471523,False,CNV_low_candidate
GSM8848585_GCTGGTAAGGCAAGTTACTTTAGG-1,GSM8848585,3,Endothelial,0.065186135,False,reference_like
GSM8848585_GCTGTAACAAATAAGGACTTTAGG-1,GSM8848585,11,Prostate epithelial - luminal,0.08021325,False,CNV_low_candidate
GSM8848585_GCTGTAACACCTAACTACTTTAGG-1,GSM8848585,8,Cycling,0.070242144,False,not_assessed
GSM8848585_GCTGTAACATCAGGACACTTTAGG-1,GSM8848585,9,Neuroendocrine-like,0.031698085,False,CNV_low_candidate
GSM8848585_GCTGTAACATTTCGACACTTTAGG-1,GSM8848585,8,Cycling,0.09581871,False,not_assessed
GSM8848585_GCTGTAACATTTCGCGACTTTAGG-1,GSM8848585,9,Neuroendocrine-like,0.032273095,False,CNV_low_candidate
GSM8848585_GCTGTCAGTTAGACTCACTTTAGG-1,GSM8848585,13,Neuroendocrine-like,0.030363388,False,CNV_low_candidate
GSM8848585_GCTGTCAGTTAGTGAGACTTTAGG-1,GSM8848585,9,Neuroendocrine-like,0.02670623,False,CNV_low_candidate
GSM8848585_GCTGTTGGTAAGGCTAACTTTAGG-1,GSM8848585,11,Prostate epithelial - luminal,0.063230775,False,CNV_low_candidate
GSM8848585_GCTGTTGGTCGCAATTACTTTAGG-1,GSM8848585,9,Neuroendocrine-like,0.0813727,False,CNV_low_candidate
GSM8848585_GCTTACATCACACAAAACTTTAGG-1,GSM8848585,11,Prostate epithelial - luminal,0.1298926,True,CNV_high_candidate
GSM8848585_GCTTACATCCTTTGTCACTTTAGG-1,GSM8848585,5,T/NK lymphocyte,0.026690817,False,reference_like
GSM8848585_GCTTAGCTCAACCGCTACTTTAGG-1,GSM8848585,7,Neuroendocrine-like,0.04817482,False,CNV_low_candidate
GSM8848585_GCTTAGCTCAGCGGGTACTTTAGG-1,GSM8848585,13,Neuroendocrine-like,0.051460337,False,CNV_low_candidate
GSM8848585_GCTTAGCTCCAATACTACTTTAGG-1,GSM8848585,4,Fibroblast,0.05400909,False,reference_like
GSM8848585_GCTTAGCTCCAGATAAACTTTAGG-1,GSM8848585,3,Endothelial,0.035563543,False,reference_like
GSM8848585_GCTTAGCTCCTGGAAGACTTTAGG-1,GSM8848585,4,Fibroblast,0.120330155,True,reference_like
GSM8848585_GCTTAGGAGCTAAACAACTTTAGG-1,GSM8848585,8,Cycling,0.024055878,False,not_assessed
GSM8848585_GCTTAGGAGGCTCCATACTTTAGG-1,GSM8848585,7,Neuroendocrine-like,0.024640659,False,CNV_low_candidate
GSM8848585_GCTTAGGAGTTAGGCGACTTTAGG-1,GSM8848585,9,Neuroendocrine-like,0.034985393,False,CNV_low_candidate
GSM8848585_GCTTAGTGTAAGCTAGACTTTAGG-1,GSM8848585,8,Cycling,0.022517348,False,not_assessed
GSM8848585_GCTTAGTGTGGAAGCTACTTTAGG-1,GSM8848585,7,Neuroendocrine-like,0.050104618,False,CNV_low_candidate
GSM8848585_GCTTAGTGTTAATGCCACTTTAGG-1,GSM8848585,9,Neuroendocrine-like,0.04326579,False,CNV_low_candidate
GSM8848585_GCTTATTAGGCACAATACTTTAGG-1,GSM8848585,9,Neuroendocrine-like,0.028856928,False,CNV_low_candidate
GSM8848585_GCTTATTAGTCATAAGACTTTAGG-1,GSM8848585,7,Neuroendocrine-like,0.06837754,False,CNV_low_candidate
GSM8848585_GCTTATTAGTCTGTGCACTTTAGG-1,GSM8848585,4,Fibroblast,0.11352944,True,reference_like
GSM8848585_GCTTCATCAGCTAAGCACTTTAGG-1,GSM8848585,11,Prostate epithelial - luminal,0.022899127,False,CNV_low_candidate
GSM8848585_GCTTCGGTCAAACCAAACTTTAGG-1,GSM8848585,9,Neuroendocrine-like,0.06502529,False,CNV_low_candidate
GSM8848585_GCTTCGGTCGCTATATACTTTAGG-1,GSM8848585,11,Prostate epithelial - luminal,0.025498396,False,CNV_low_candidate
GSM8848585_GCTTGATGTATTACCAACTTTAGG-1,GSM8848585,14,Epithelial-like - uncertain,0.02082658,False,CNV_low_candidate
GSM8848585_GCTTGATGTCGGTTATACTTTAGG-1,GSM8848585,4,Fibroblast,0.024347542,False,reference_like
GSM8848585_GCTTGATGTGCTCCAAACTTTAGG-1,GSM8848585,11,Prostate epithelial - luminal,0.035569094,False,CNV_low_candidate
GSM8848585_GCTTGATGTTAGCGCCACTTTAGG-1,GSM8848585,7,Neuroendocrine-like,0.035118695,False,CNV_low_candidate
GSM8848585_GCTTGGTTCCGTGACTACTTTAGG-1,GSM8848585,9,Neuroendocrine-like,0.01930268,False,CNV_low_candidate
GSM8848585_GCTTTGTCATCACTCGACTTTAGG-1,GSM8848585,12,Stress/hypoxia-like,0.080624595,False,not_assessed
GSM8848585_GGAAATTGTAGCCACCACTTTAGG-1,GSM8848585,13,Neuroendocrine-like,0.056613855,False,CNV_low_candidate
GSM8848585_GGAAATTGTGCCCGATACTTTAGG-1,GSM8848585,7,Neuroendocrine-like,0.049915668,False,CNV_low_candidate
GSM8848585_GGAACCATCCACAATTACTTTAGG-1,GSM8848585,9,Neuroendocrine-like,0.019818364,False,CNV_low_candidate
GSM8848585_GGAACCATCGCGTTACACTTTAGG-1,GSM8848585,11,Prostate epithelial - luminal,0.09576464,False,CNV_low_candidate
GSM8848585_GGAACCATCGTAACCCACTTTAGG-1,GSM8848585,7,Neuroendocrine-like,0.02419518,False,CNV_low_candidate
GSM8848585_GGAACCGGTGATTAGGACTTTAGG-1,GSM8848585,8,Cycling,0.02519295,False,not_assessed
GSM8848585_GGAACCTCACAATAGTACTTTAGG-1,GSM8848585,7,Neuroendocrine-like,0.036867518,False,CNV_low_candidate
GSM8848585_GGAACCTCACGTAATGACTTTAGG-1,GSM8848585,14,Epithelial-like - uncertain,0.06412083,False,CNV_low_candidate
GSM8848585_GGAACCTCAGCCTTCAACTTTAGG-1,GSM8848585,13,Neuroendocrine-like,0.025216114,False,CNV_low_candidate
GSM8848585_GGAACCTCAGGATTGCACTTTAGG-1,GSM8848585,8,Cycling,0.070933945,False,not_assessed
GSM8848585_GGAACTAGTTTGTGACACTTTAGG-1,GSM8848585,14,Epithelial-like - uncertain,0.037369,False,CNV_low_candidate
GSM8848585_GGAAGCCTCAAGTTTCACTTTAGG-1,GSM8848585,11,Prostate epithelial - luminal,0.15766652,True,CNV_high_candidate
GSM8848585_GGAAGCCTCCTTGAGCACTTTAGG-1,GSM8848585,9,Neuroendocrine-like,0.018122906,False,CNV_low_candidate
GSM8848585_GGAAGCCTCGCCTGCAACTTTAGG-1,GSM8848585,9,Neuroendocrine-like,0.023229683,False,CNV_low_candidate
GSM8848585_GGAAGCCTCTATGCATACTTTAGG-1,GSM8848585,9,Neuroendocrine-like,0.0418025,False,CNV_low_candidate
GSM8848585_GGAAGCCTCTCAAACTACTTTAGG-1,GSM8848585,9,Neuroendocrine-like,0.05530161,False,CNV_low_candidate
GSM8848585_GGAAGTAAGTAACGGTACTTTAGG-1,GSM8848585,11,Prostate epithelial - luminal,0.03563431,False,CNV_low_candidate
GSM8848585_GGAAGTAAGTGTCCACACTTTAGG-1,GSM8848585,7,Neuroendocrine-like,0.044512894,False,CNV_low_candidate
GSM8848585_GGAAGTTTCACAGGGCACTTTAGG-1,GSM8848585,9,Neuroendocrine-like,0.030967463,False,CNV_low_candidate
GSM8848585_GGAAGTTTCAGGAGCCACTTTAGG-1,GSM8848585,8,Cycling,0.05051377,False,not_assessed
GSM8848585_GGAAGTTTCCATAAAGACTTTAGG-1,GSM8848585,4,Fibroblast,0.029036125,False,reference_like
GSM8848585_GGAATAACACGTAGGTACTTTAGG-1,GSM8848585,7,Neuroendocrine-like,0.11946583,True,CNV_high_candidate
GSM8848585_GGACATAGTTGGAGCGACTTTAGG-1,GSM8848585,12,Stress/hypoxia-like,0.020793749,False,not_assessed
GSM8848585_GGACATCCATAACCGAACTTTAGG-1,GSM8848585,13,Neuroendocrine-like,0.032848585,False,CNV_low_candidate
GSM8848585_GGACATCCATGGCTAAACTTTAGG-1,GSM8848585,11,Prostate epithelial - luminal,0.102395505,True,CNV_high_candidate
GSM8848585_GGACCAGGTAACCTTAACTTTAGG-1,GSM8848585,3,Endothelial,0.045802645,False,reference_like
GSM8848585_GGACCAGGTCATGAAGACTTTAGG-1,GSM8848585,7,Neuroendocrine-like,0.031082002,False,CNV_low_candidate
GSM8848585_GGACCAGGTGATTAGGACTTTAGG-1,GSM8848585,3,Endothelial,0.064833365,False,reference_like
GSM8848585_GGACCAGGTGCTCCTTACTTTAGG-1,GSM8848585,11,Prostate epithelial - luminal,0.05292597,False,CNV_low_candidate
GSM8848585_GGACCAGGTTTAACCAACTTTAGG-1,GSM8848585,4,Fibroblast,0.03003299,False,reference_like
GSM8848585_GGACCCACAACAAGTTACTTTAGG-1,GSM8848585,14,Epithelial-like - uncertain,0.06029981,False,CNV_low_candidate
GSM8848585_GGACCCACAGTTATGGACTTTAGG-1,GSM8848585,11,Prostate epithelial - luminal,0.13147485,True,CNV_high_candidate
GSM8848585_GGACCCACATCAAGCAACTTTAGG-1,GSM8848585,9,Neuroendocrine-like,0.030672152,False,CNV_low_candidate
GSM8848585_GGACCTTTCAGCACAGACTTTAGG-1,GSM8848585,9,Neuroendocrine-like,0.017106462,False,CNV_low_candidate
GSM8848585_GGACCTTTCATCGATTACTTTAGG-1,GSM8848585,9,Neuroendocrine-like,0.023631604,False,CNV_low_candidate
GSM8848585_GGACCTTTCCGGCTCAACTTTAGG-1,GSM8848585,9,Neuroendocrine-like,0.03190672,False,CNV_low_candidate
GSM8848585_GGACCTTTCGCACACTACTTTAGG-1,GSM8848585,11,Prostate epithelial - luminal,0.09895479,False,CNV_low_candidate
GSM8848585_GGACCTTTCGGTAAACACTTTAGG-1,GSM8848585,7,Neuroendocrine-like,0.031903077,False,CNV_low_candidate
GSM8848585_GGACCTTTCGGTTCACACTTTAGG-1,GSM8848585,11,Prostate epithelial - luminal,0.022290202,False,CNV_low_candidate
GSM8848585_GGACTAAGTGTTAGAGACTTTAGG-1,GSM8848585,11,Prostate epithelial - luminal,0.022896985,False,CNV_low_candidate
GSM8848585_GGACTAAGTTCTTGAAACTTTAGG-1,GSM8848585,8,Cycling,0.06336574,False,not_assessed
GSM8848585_GGACTAAGTTGTTGTAACTTTAGG-1,GSM8848585,11,Prostate epithelial - luminal,0.1315625,True,CNV_high_candidate
GSM8848585_GGACTTACAAATATGCACTTTAGG-1,GSM8848585,8,Cycling,0.03666704,False,not_assessed
GSM8848585_GGACTTACATATGGTGACTTTAGG-1,GSM8848585,11,Prostate epithelial - luminal,0.10818086,True,CNV_high_candidate
GSM8848585_GGAGCATGTTACTCCCACTTTAGG-1,GSM8848585,8,Cycling,0.02044562,False,not_assessed
GSM8848585_GGAGCATGTTCTTGAAACTTTAGG-1,GSM8848585,11,Prostate epithelial - luminal,0.08699944,False,CNV_low_candidate
GSM8848585_GGAGCATGTTGCGGCTACTTTAGG-1,GSM8848585,7,Neuroendocrine-like,0.030323222,False,CNV_low_candidate
GSM8848585_GGAGCGAAGCTTTACGACTTTAGG-1,GSM8848585,5,T/NK lymphocyte,0.06408415,False,reference_like
GSM8848585_GGAGCGAAGGTAATTGACTTTAGG-1,GSM8848585,11,Prostate epithelial - luminal,0.033343133,False,CNV_low_candidate
GSM8848585_GGAGCGAAGTCGCGAAACTTTAGG-1,GSM8848585,9,Neuroendocrine-like,0.048439354,False,CNV_low_candidate
GSM8848585_GGAGCTATCCGCAATCACTTTAGG-1,GSM8848585,7,Neuroendocrine-like,0.09095954,False,CNV_low_candidate
GSM8848585_GGAGGATAGCAAAGCTACTTTAGG-1,GSM8848585,11,Prostate epithelial - luminal,0.06902479,False,CNV_low_candidate
GSM8848585_GGAGGATAGGATTATGACTTTAGG-1,GSM8848585,7,Neuroendocrine-like,0.033289496,False,CNV_low_candidate
GSM8848585_GGAGGATAGTTGGATAACTTTAGG-1,GSM8848585,11,Prostate epithelial - luminal,0.112527125,True,CNV_high_candidate
GSM8848585_GGAGGTACACAATAGTACTTTAGG-1,GSM8848585,9,Neuroendocrine-like,0.025483942,False,CNV_low_candidate
GSM8848585_GGAGGTACATCATGTCACTTTAGG-1,GSM8848585,4,Fibroblast,0.03579405,False,reference_like
GSM8848585_GGAGTCATCCATAGGGACTTTAGG-1,GSM8848585,11,Prostate epithelial - luminal,0.15858151,True,CNV_high_candidate
GSM8848585_GGAGTCATCTAACCATACTTTAGG-1,GSM8848585,4,Fibroblast,0.01836894,False,reference_like
GSM8848585_GGAGTCGGTACCGCACACTTTAGG-1,GSM8848585,7,Neuroendocrine-like,0.051807057,False,CNV_low_candidate
GSM8848585_GGAGTCGGTAGGTGACACTTTAGG-1,GSM8848585,3,Endothelial,0.086508006,False,reference_like
GSM8848585_GGAGTCGGTTGTCCAGACTTTAGG-1,GSM8848585,11,Prostate epithelial - luminal,0.05758653,False,CNV_low_candidate
GSM8848585_GGAGTCTCAATACTGGACTTTAGG-1,GSM8848585,11,Prostate epithelial - luminal,0.045662362,False,CNV_low_candidate
GSM8848585_GGATAGGCAACAGAGGACTTTAGG-1,GSM8848585,9,Neuroendocrine-like,0.016825318,False,CNV_low_candidate
GSM8848585_GGATATTCAACCCTATACTTTAGG-1,GSM8848585,8,Cycling,0.066144876,False,not_assessed
GSM8848585_GGATATTCAGGATTATACTTTAGG-1,GSM8848585,9,Neuroendocrine-like,0.08458034,False,CNV_low_candidate
GSM8848585_GGATATTCATCACTCGACTTTAGG-1,GSM8848585,7,Neuroendocrine-like,0.022492304,False,CNV_low_candidate
GSM8848585_GGATATTCATCCCTCTACTTTAGG-1,GSM8848585,11,Prostate epithelial - luminal,0.12888992,True,CNV_high_candidate
GSM8848585_GGATCCGCACATTGAGACTTTAGG-1,GSM8848585,11,Prostate epithelial - luminal,0.030431032,False,CNV_low_candidate
GSM8848585_GGATCCGCACTAACTCACTTTAGG-1,GSM8848585,14,Epithelial-like - uncertain,0.07194083,False,CNV_low_candidate
GSM8848585_GGATGGCTCTGCCATAACTTTAGG-1,GSM8848585,14,Epithelial-like - uncertain,0.057486914,False,CNV_low_candidate
GSM8848585_GGATGTCCAATACTGGACTTTAGG-1,GSM8848585,7,Neuroendocrine-like,0.030258477,False,CNV_low_candidate
GSM8848585_GGATGTCCACGGTCGAACTTTAGG-1,GSM8848585,8,Cycling,0.028697139,False,not_assessed
GSM8848585_GGATGTCCATCCAAGAACTTTAGG-1,GSM8848585,9,Neuroendocrine-like,0.021637918,False,CNV_low_candidate
GSM8848585_GGATGTCCATGAGTCAACTTTAGG-1,GSM8848585,11,Prostate epithelial - luminal,0.06428171,False,CNV_low_candidate
GSM8848585_GGATTATCATCATAGGACTTTAGG-1,GSM8848585,9,Neuroendocrine-like,0.022510765,False,CNV_low_candidate
GSM8848585_GGATTGAGTCAACATCACTTTAGG-1,GSM8848585,9,Neuroendocrine-like,0.024237415,False,CNV_low_candidate
GSM8848585_GGATTGAGTCCTTCTAACTTTAGG-1,GSM8848585,9,Neuroendocrine-like,0.033126973,False,CNV_low_candidate
GSM8848585_GGATTGGTCGCTTCGGACTTTAGG-1,GSM8848585,9,Neuroendocrine-like,0.09403488,False,CNV_low_candidate
GSM8848585_GGCAACATCCTTGTTCACTTTAGG-1,GSM8848585,4,Fibroblast,0.061531533,False,reference_like
GSM8848585_GGCAACATCTAACCATACTTTAGG-1,GSM8848585,7,Neuroendocrine-like,0.04636523,False,CNV_low_candidate
GSM8848585_GGCAAGCTCCTTGAGCACTTTAGG-1,GSM8848585,7,Neuroendocrine-like,0.03671216,False,CNV_low_candidate
GSM8848585_GGCAAGCTCCTTTAGGACTTTAGG-1,GSM8848585,8,Cycling,0.027028631,False,not_assessed
GSM8848585_GGCAAGCTCTTAAGCTACTTTAGG-1,GSM8848585,8,Cycling,0.028487954,False,not_assessed
GSM8848585_GGCAAGTGTCCTTCGTACTTTAGG-1,GSM8848585,9,Neuroendocrine-like,0.024106657,False,CNV_low_candidate
GSM8848585_GGCAATAGTCGAGGCAACTTTAGG-1,GSM8848585,11,Prostate epithelial - luminal,0.07652386,False,CNV_low_candidate
GSM8848585_GGCAATCCAACTAAACACTTTAGG-1,GSM8848585,9,Neuroendocrine-like,0.0236308,False,CNV_low_candidate
GSM8848585_GGCAATCCACGATTAGACTTTAGG-1,GSM8848585,14,Epithelial-like - uncertain,0.053331446,False,CNV_low_candidate
GSM8848585_GGCACAATCGGTAATAACTTTAGG-1,GSM8848585,14,Epithelial-like - uncertain,0.027412625,False,CNV_low_candidate
GSM8848585_GGCACGTAGAGGTTCGACTTTAGG-1,GSM8848585,14,Epithelial-like - uncertain,0.07353295,False,CNV_low_candidate
GSM8848585_GGCACGTAGTTAACAGACTTTAGG-1,GSM8848585,12,Stress/hypoxia-like,0.028151004,False,not_assessed
GSM8848585_GGCACTAAGCGAAGCCACTTTAGG-1,GSM8848585,6,Macrophage,0.03395387,False,reference_like
GSM8848585_GGCACTAAGGTAACTAACTTTAGG-1,GSM8848585,8,Cycling,0.07474271,False,not_assessed
GSM8848585_GGCACTAAGGTGAGAAACTTTAGG-1,GSM8848585,7,Neuroendocrine-like,0.0941714,False,CNV_low_candidate
GSM8848585_GGCACTAAGTCATGAAACTTTAGG-1,GSM8848585,7,Neuroendocrine-like,0.030463059,False,CNV_low_candidate
GSM8848585_GGCACTAAGTTTGAGAACTTTAGG-1,GSM8848585,8,Cycling,0.02529592,False,not_assessed
GSM8848585_GGCAGGTTCACATTACACTTTAGG-1,GSM8848585,9,Neuroendocrine-like,0.016149785,False,CNV_low_candidate
GSM8848585_GGCATGATCAATGGGTACTTTAGG-1,GSM8848585,11,Prostate epithelial - luminal,0.06013433,False,CNV_low_candidate
GSM8848585_GGCATGATCCCAAATTACTTTAGG-1,GSM8848585,11,Prostate epithelial - luminal,0.050013505,False,CNV_low_candidate
GSM8848585_GGCATGATCCGGACAAACTTTAGG-1,GSM8848585,13,Neuroendocrine-like,0.031367324,False,CNV_low_candidate
GSM8848585_GGCATGTCAACAAGTTACTTTAGG-1,GSM8848585,11,Prostate epithelial - luminal,0.07970776,False,CNV_low_candidate
GSM8848585_GGCATGTCAACCTGTTACTTTAGG-1,GSM8848585,9,Neuroendocrine-like,0.037438534,False,CNV_low_candidate
GSM8848585_GGCATGTCACGTAGGTACTTTAGG-1,GSM8848585,11,Prostate epithelial - luminal,0.122548945,True,CNV_high_candidate
GSM8848585_GGCATGTCAGGTAGCTACTTTAGG-1,GSM8848585,13,Neuroendocrine-like,0.029698582,False,CNV_low_candidate
GSM8848585_GGCATTTGTAATGCCTACTTTAGG-1,GSM8848585,8,Cycling,0.11629208,True,not_assessed
GSM8848585_GGCCAAATCACAGGGCACTTTAGG-1,GSM8848585,8,Cycling,0.05831051,False,not_assessed
GSM8848585_GGCCAAATCACCCTCCACTTTAGG-1,GSM8848585,13,Neuroendocrine-like,0.05481858,False,CNV_low_candidate
GSM8848585_GGCCAGTAGGACTTGGACTTTAGG-1,GSM8848585,9,Neuroendocrine-like,0.02870777,False,CNV_low_candidate
GSM8848585_GGCCAGTAGTTTGCATACTTTAGG-1,GSM8848585,9,Neuroendocrine-like,0.044242304,False,CNV_low_candidate
GSM8848585_GGCCATCGTAATGGATACTTTAGG-1,GSM8848585,7,Neuroendocrine-like,0.1046953,True,CNV_high_candidate
GSM8848585_GGCCATTTCATTGAGAACTTTAGG-1,GSM8848585,9,Neuroendocrine-like,0.046308704,False,CNV_low_candidate
GSM8848585_GGCCGTTGTCCTCCATACTTTAGG-1,GSM8848585,11,Prostate epithelial - luminal,0.097003825,False,CNV_low_candidate
GSM8848585_GGCCGTTGTGGACACGACTTTAGG-1,GSM8848585,6,Macrophage,0.109650984,True,reference_like
GSM8848585_GGCCGTTGTTGTCCAGACTTTAGG-1,GSM8848585,4,Fibroblast,0.01860069,False,reference_like
GSM8848585_GGCCTAAAGCCTAAGGACTTTAGG-1,GSM8848585,11,Prostate epithelial - luminal,0.1635807,True,CNV_high_candidate
GSM8848585_GGCCTAAAGTCATAAGACTTTAGG-1,GSM8848585,8,Cycling,0.0966352,False,not_assessed
GSM8848585_GGCCTAAAGTCGCGAAACTTTAGG-1,GSM8848585,11,Prostate epithelial - luminal,0.05689155,False,CNV_low_candidate
GSM8848585_GGCCTATTCATGCGGAACTTTAGG-1,GSM8848585,7,Neuroendocrine-like,0.04644186,False,CNV_low_candidate
GSM8848585_GGCCTATTCCATAACTACTTTAGG-1,GSM8848585,7,Neuroendocrine-like,0.15380216,True,CNV_high_candidate
GSM8848585_GGCCTTTAGCTATCCAACTTTAGG-1,GSM8848585,7,Neuroendocrine-like,0.023192106,False,CNV_low_candidate
GSM8848585_GGCCTTTAGGCCAACAACTTTAGG-1,GSM8848585,11,Prostate epithelial - luminal,0.12404805,True,CNV_high_candidate
GSM8848585_GGCCTTTAGTCTTGCAACTTTAGG-1,GSM8848585,4,Fibroblast,0.022876192,False,reference_like
GSM8848585_GGCGAAACAAAGGTAAACTTTAGG-1,GSM8848585,9,Neuroendocrine-like,0.02218681,False,CNV_low_candidate
GSM8848585_GGCGAAACACTAGCGGACTTTAGG-1,GSM8848585,4,Fibroblast,0.12538351,True,reference_like
GSM8848585_GGCGATTCAATGAAGAACTTTAGG-1,GSM8848585,12,Stress/hypoxia-like,0.038066495,False,not_assessed
GSM8848585_GGCGATTCATAGACGCACTTTAGG-1,GSM8848585,14,Epithelial-like - uncertain,0.071257435,False,CNV_low_candidate
GSM8848585_GGCGCAAGTCGTAAAGACTTTAGG-1,GSM8848585,8,Cycling,0.09868905,False,not_assessed
GSM8848585_GGCGCAAGTCTCAGCAACTTTAGG-1,GSM8848585,11,Prostate epithelial - luminal,0.042388737,False,CNV_low_candidate
GSM8848585_GGCGCTTGTGGTTATCACTTTAGG-1,GSM8848585,9,Neuroendocrine-like,0.05326743,False,CNV_low_candidate
GSM8848585_GGCGCTTGTTGAATCCACTTTAGG-1,GSM8848585,9,Neuroendocrine-like,0.031225666,False,CNV_low_candidate
GSM8848585_GGCGTAATCAACCGCTACTTTAGG-1,GSM8848585,7,Neuroendocrine-like,0.027651835,False,CNV_low_candidate
GSM8848585_GGCGTAATCACACAAAACTTTAGG-1,GSM8848585,8,Cycling,0.028794538,False,not_assessed
GSM8848585_GGCGTAATCCCTCGCTACTTTAGG-1,GSM8848585,9,Neuroendocrine-like,0.026303317,False,CNV_low_candidate
GSM8848585_GGCTAATAGGACAAAGACTTTAGG-1,GSM8848585,3,Endothelial,0.020622792,False,reference_like
GSM8848585_GGCTAATAGGTTAGGTACTTTAGG-1,GSM8848585,9,Neuroendocrine-like,0.04685831,False,CNV_low_candidate
GSM8848585_GGCTAATAGGTTGTGGACTTTAGG-1,GSM8848585,14,Epithelial-like - uncertain,0.06721201,False,CNV_low_candidate
GSM8848585_GGCTAATAGTGCAACGACTTTAGG-1,GSM8848585,11,Prostate epithelial - luminal,0.0198645,False,CNV_low_candidate
GSM8848585_GGCTATTGTTAACGGAACTTTAGG-1,GSM8848585,7,Neuroendocrine-like,0.039302472,False,CNV_low_candidate
GSM8848585_GGCTGAGGTTGGAGCGACTTTAGG-1,GSM8848585,7,Neuroendocrine-like,0.022822883,False,CNV_low_candidate
GSM8848585_GGCTGGTAGCTTACCAACTTTAGG-1,GSM8848585,7,Neuroendocrine-like,0.02380999,False,CNV_low_candidate
GSM8848585_GGCTGGTAGTGTTTGTACTTTAGG-1,GSM8848585,7,Neuroendocrine-like,0.03198143,False,CNV_low_candidate
GSM8848585_GGCTGTGCACCAACAAACTTTAGG-1,GSM8848585,9,Neuroendocrine-like,0.027846733,False,CNV_low_candidate
GSM8848585_GGCTGTGCATACCTTAACTTTAGG-1,GSM8848585,7,Neuroendocrine-like,0.07825562,False,CNV_low_candidate
GSM8848585_GGCTTAACAATTAGCGACTTTAGG-1,GSM8848585,9,Neuroendocrine-like,0.021139177,False,CNV_low_candidate
GSM8848585_GGCTTAACATCTATCAACTTTAGG-1,GSM8848585,12,Stress/hypoxia-like,0.07321324,False,not_assessed
GSM8848585_GGCTTAACATTCAACCACTTTAGG-1,GSM8848585,8,Cycling,0.03652075,False,not_assessed
GSM8848585_GGCTTAGAGCTTACATACTTTAGG-1,GSM8848585,11,Prostate epithelial - luminal,0.13236177,True,CNV_high_candidate
GSM8848585_GGCTTAGAGGTATGGTACTTTAGG-1,GSM8848585,8,Cycling,0.14789565,True,not_assessed
GSM8848585_GGCTTATGTACAAAGTACTTTAGG-1,GSM8848585,11,Prostate epithelial - luminal,0.029923359,False,CNV_low_candidate
GSM8848585_GGCTTATGTCAACAAGACTTTAGG-1,GSM8848585,14,Epithelial-like - uncertain,0.02188713,False,CNV_low_candidate
GSM8848585_GGCTTGAAGCATCTTGACTTTAGG-1,GSM8848585,9,Neuroendocrine-like,0.04812464,False,CNV_low_candidate
GSM8848585_GGCTTGAAGGATCCCTACTTTAGG-1,GSM8848585,13,Neuroendocrine-like,0.06659653,False,CNV_low_candidate
GSM8848585_GGCTTGAAGTTACCTGACTTTAGG-1,GSM8848585,9,Neuroendocrine-like,0.027961077,False,CNV_low_candidate
GSM8848585_GGGAAGTAGCTTGATTACTTTAGG-1,GSM8848585,8,Cycling,0.024395274,False,not_assessed
GSM8848585_GGGAAGTAGGCCTTCGACTTTAGG-1,GSM8848585,9,Neuroendocrine-like,0.020649798,False,CNV_low_candidate
GSM8848585_GGGAAGTAGTGTGAGTACTTTAGG-1,GSM8848585,7,Neuroendocrine-like,0.05346292,False,CNV_low_candidate
GSM8848585_GGGACTCAGTCATCATACTTTAGG-1,GSM8848585,9,Neuroendocrine-like,0.042455923,False,CNV_low_candidate
GSM8848585_GGGAGTCTCACAATGAACTTTAGG-1,GSM8848585,9,Neuroendocrine-like,0.03174137,False,CNV_low_candidate
GSM8848585_GGGAGTCTCAGCCCTGACTTTAGG-1,GSM8848585,7,Neuroendocrine-like,0.0386236,False,CNV_low_candidate
GSM8848585_GGGAGTCTCGGGATGCACTTTAGG-1,GSM8848585,6,Macrophage,0.019833626,False,reference_like
GSM8848585_GGGATAAAGGAAACCTACTTTAGG-1,GSM8848585,11,Prostate epithelial - luminal,0.11915691,True,CNV_high_candidate
GSM8848585_GGGATAAAGGCTGGTAACTTTAGG-1,GSM8848585,4,Fibroblast,0.05724331,False,reference_like
GSM8848585_GGGATAAAGGTTTCCAACTTTAGG-1,GSM8848585,8,Cycling,0.06511672,False,not_assessed
GSM8848585_GGGATATTCACACAAAACTTTAGG-1,GSM8848585,9,Neuroendocrine-like,0.039536644,False,CNV_low_candidate
GSM8848585_GGGATATTCAGGTAACACTTTAGG-1,GSM8848585,8,Cycling,0.023986546,False,not_assessed
GSM8848585_GGGATGACACCGTTTGACTTTAGG-1,GSM8848585,11,Prostate epithelial - luminal,0.1015114,True,CNV_high_candidate
GSM8848585_GGGATGACACCTATCGACTTTAGG-1,GSM8848585,4,Fibroblast,0.025476487,False,reference_like
GSM8848585_GGGATGACAGCCAGCAACTTTAGG-1,GSM8848585,9,Neuroendocrine-like,0.050326824,False,CNV_low_candidate
GSM8848585_GGGATGGAGCATGTGGACTTTAGG-1,GSM8848585,7,Neuroendocrine-like,0.06398137,False,CNV_low_candidate
GSM8848585_GGGATGGAGCTGGACAACTTTAGG-1,GSM8848585,9,Neuroendocrine-like,0.030250324,False,CNV_low_candidate
GSM8848585_GGGCAATGTGATTAGGACTTTAGG-1,GSM8848585,9,Neuroendocrine-like,0.027695144,False,CNV_low_candidate
GSM8848585_GGGCTAATCAACCGCTACTTTAGG-1,GSM8848585,4,Fibroblast,0.020838827,False,reference_like
GSM8848585_GGGCTAATCAAGGTCGACTTTAGG-1,GSM8848585,13,Neuroendocrine-like,0.05030692,False,CNV_low_candidate
GSM8848585_GGGCTAATCCCACATAACTTTAGG-1,GSM8848585,9,Neuroendocrine-like,0.023973003,False,CNV_low_candidate
GSM8848585_GGGCTAATCCGCCTCTACTTTAGG-1,GSM8848585,8,Cycling,0.03828267,False,not_assessed
GSM8848585_GGGCTAATCTCAGCACACTTTAGG-1,GSM8848585,11,Prostate epithelial - luminal,0.03291533,False,CNV_low_candidate
GSM8848585_GGGCTTAAGAAGTACCACTTTAGG-1,GSM8848585,7,Neuroendocrine-like,0.042826895,False,CNV_low_candidate
GSM8848585_GGGCTTAAGAGGATGAACTTTAGG-1,GSM8848585,13,Neuroendocrine-like,0.1258084,True,CNV_high_candidate
GSM8848585_GGGCTTAAGATGATTGACTTTAGG-1,GSM8848585,9,Neuroendocrine-like,0.064407855,False,CNV_low_candidate
GSM8848585_GGGCTTAAGATGCTAAACTTTAGG-1,GSM8848585,11,Prostate epithelial - luminal,0.09041665,False,CNV_low_candidate
GSM8848585_GGGCTTAAGGCTTAAAACTTTAGG-1,GSM8848585,7,Neuroendocrine-like,0.020246731,False,CNV_low_candidate
GSM8848585_GGGCTTAAGGCTTTATACTTTAGG-1,GSM8848585,9,Neuroendocrine-like,0.08706201,False,CNV_low_candidate
GSM8848585_GGGCTTAAGTGATTTCACTTTAGG-1,GSM8848585,4,Fibroblast,0.025132908,False,reference_like
GSM8848585_GGGTGAGAGATGCAACACTTTAGG-1,GSM8848585,13,Neuroendocrine-like,0.0627238,False,CNV_low_candidate
GSM8848585_GGGTGGAAGTAATTGGACTTTAGG-1,GSM8848585,11,Prostate epithelial - luminal,0.1583074,True,CNV_high_candidate
GSM8848585_GGGTGGAAGTTAGTTCACTTTAGG-1,GSM8848585,11,Prostate epithelial - luminal,0.043330923,False,CNV_low_candidate
GSM8848585_GGGTTATAGAAGGTTCACTTTAGG-1,GSM8848585,9,Neuroendocrine-like,0.018629229,False,CNV_low_candidate
GSM8848585_GGGTTATAGCTAGCCTACTTTAGG-1,GSM8848585,8,Cycling,0.047619715,False,not_assessed
GSM8848585_GGGTTATAGGATGGTTACTTTAGG-1,GSM8848585,9,Neuroendocrine-like,0.026491912,False,CNV_low_candidate
GSM8848585_GGGTTATAGGCTAGATACTTTAGG-1,GSM8848585,7,Neuroendocrine-like,0.018909624,False,CNV_low_candidate
GSM8848585_GGGTTATAGTCAACAAACTTTAGG-1,GSM8848585,8,Cycling,0.044910494,False,not_assessed
GSM8848585_GGGTTATAGTGGACCAACTTTAGG-1,GSM8848585,11,Prostate epithelial - luminal,0.042623572,False,CNV_low_candidate
GSM8848585_GGGTTATAGTTGACGGACTTTAGG-1,GSM8848585,8,Cycling,0.024894238,False,not_assessed
GSM8848585_GGGTTGGGTGTTTGTAACTTTAGG-1,GSM8848585,13,Neuroendocrine-like,0.023476813,False,CNV_low_candidate
GSM8848585_GGGTTTCTCAAAGGCTACTTTAGG-1,GSM8848585,9,Neuroendocrine-like,0.030592851,False,CNV_low_candidate
GSM8848585_GGGTTTCTCACAAAGCACTTTAGG-1,GSM8848585,8,Cycling,0.056485504,False,not_assessed
GSM8848585_GGGTTTCTCTTGATCGACTTTAGG-1,GSM8848585,9,Neuroendocrine-like,0.019333867,False,CNV_low_candidate
GSM8848585_GGTAACCCATCACGCCACTTTAGG-1,GSM8848585,8,Cycling,0.055476636,False,not_assessed
GSM8848585_GGTAACCCATTCATGCACTTTAGG-1,GSM8848585,11,Prostate epithelial - luminal,0.086542495,False,CNV_low_candidate
GSM8848585_GGTAAGGCACTAGTCTACTTTAGG-1,GSM8848585,9,Neuroendocrine-like,0.038001638,False,CNV_low_candidate
GSM8848585_GGTAAGGCAGGGCTATACTTTAGG-1,GSM8848585,5,T/NK lymphocyte,0.05813656,False,reference_like
GSM8848585_GGTAAGGCATTGAAGTACTTTAGG-1,GSM8848585,4,Fibroblast,0.053620048,False,reference_like
GSM8848585_GGTAATGGTGATTAGGACTTTAGG-1,GSM8848585,9,Neuroendocrine-like,0.020899963,False,CNV_low_candidate
GSM8848585_GGTAATGGTTACTTCTACTTTAGG-1,GSM8848585,8,Cycling,0.049095344,False,not_assessed
GSM8848585_GGTACCGCAAGTTGGCACTTTAGG-1,GSM8848585,8,Cycling,0.025781004,False,not_assessed
GSM8848585_GGTACTGAGACAACACACTTTAGG-1,GSM8848585,13,Neuroendocrine-like,0.08131709,False,CNV_low_candidate
GSM8848585_GGTAGTTAGGTAATGCACTTTAGG-1,GSM8848585,8,Cycling,0.046601336,False,not_assessed
GSM8848585_GGTAGTTAGTCAGGCAACTTTAGG-1,GSM8848585,11,Prostate epithelial - luminal,0.06676047,False,CNV_low_candidate
GSM8848585_GGTCACGCACCACATTACTTTAGG-1,GSM8848585,8,Cycling,0.025847614,False,not_assessed
GSM8848585_GGTCACGCATCACAGAACTTTAGG-1,GSM8848585,9,Neuroendocrine-like,0.09865869,False,CNV_low_candidate
GSM8848585_GGTCATTGTATGGTGAACTTTAGG-1,GSM8848585,8,Cycling,0.025324179,False,not_assessed
GSM8848585_GGTCATTGTGAACGACACTTTAGG-1,GSM8848585,8,Cycling,0.04926133,False,not_assessed
GSM8848585_GGTCATTGTTCACTCCACTTTAGG-1,GSM8848585,11,Prostate epithelial - luminal,0.120990545,True,CNV_high_candidate
GSM8848585_GGTCCGTGTTTGTCAAACTTTAGG-1,GSM8848585,14,Epithelial-like - uncertain,0.076992385,False,CNV_low_candidate
GSM8848585_GGTCTAACAACAGGCTACTTTAGG-1,GSM8848585,7,Neuroendocrine-like,0.024187366,False,CNV_low_candidate
GSM8848585_GGTCTAACACCACATTACTTTAGG-1,GSM8848585,8,Cycling,0.024311138,False,not_assessed
GSM8848585_GGTCTAACACCTTACGACTTTAGG-1,GSM8848585,11,Prostate epithelial - luminal,0.09842613,False,CNV_low_candidate
GSM8848585_GGTCTAACATTGAAGTACTTTAGG-1,GSM8848585,13,Neuroendocrine-like,0.03267627,False,CNV_low_candidate
GSM8848585_GGTGAACGTATTTGTGACTTTAGG-1,GSM8848585,11,Prostate epithelial - luminal,0.032484494,False,CNV_low_candidate
GSM8848585_GGTGAACGTCATCCCTACTTTAGG-1,GSM8848585,9,Neuroendocrine-like,0.056772456,False,CNV_low_candidate
GSM8848585_GGTGAACGTCCGTGACACTTTAGG-1,GSM8848585,7,Neuroendocrine-like,0.018822774,False,CNV_low_candidate
GSM8848585_GGTGAACGTGCGATAAACTTTAGG-1,GSM8848585,14,Epithelial-like - uncertain,0.043119382,False,CNV_low_candidate
GSM8848585_GGTGAAGCAAGTTAACACTTTAGG-1,GSM8848585,11,Prostate epithelial - luminal,0.143851,True,CNV_high_candidate
GSM8848585_GGTGAAGCAGCCAGCAACTTTAGG-1,GSM8848585,7,Neuroendocrine-like,0.019766815,False,CNV_low_candidate
GSM8848585_GGTGAAGCAGCTAAGCACTTTAGG-1,GSM8848585,9,Neuroendocrine-like,0.1134527,True,CNV_high_candidate
GSM8848585_GGTGATTAGCGCTCCAACTTTAGG-1,GSM8848585,7,Neuroendocrine-like,0.056297272,False,CNV_low_candidate
GSM8848585_GGTGATTAGCTTAAAGACTTTAGG-1,GSM8848585,8,Cycling,0.044446602,False,not_assessed
GSM8848585_GGTGCACAGAAGGTTCACTTTAGG-1,GSM8848585,9,Neuroendocrine-like,0.062399507,False,CNV_low_candidate
GSM8848585_GGTGCACAGATTCCCAACTTTAGG-1,GSM8848585,9,Neuroendocrine-like,0.0285984,False,CNV_low_candidate
GSM8848585_GGTGCACAGTCACTATACTTTAGG-1,GSM8848585,13,Neuroendocrine-like,0.06763878,False,CNV_low_candidate
GSM8848585_GGTGCACAGTCGCATCACTTTAGG-1,GSM8848585,9,Neuroendocrine-like,0.029799744,False,CNV_low_candidate
GSM8848585_GGTGCACAGTTGACGGACTTTAGG-1,GSM8848585,12,Stress/hypoxia-like,0.039610844,False,not_assessed
GSM8848585_GGTGCTGCAACAGATTACTTTAGG-1,GSM8848585,9,Neuroendocrine-like,0.05725143,False,CNV_low_candidate
GSM8848585_GGTGCTGCATGCTCCAACTTTAGG-1,GSM8848585,8,Cycling,0.066828884,False,not_assessed
GSM8848585_GGTGCTGCATGGCTAAACTTTAGG-1,GSM8848585,11,Prostate epithelial - luminal,0.17466584,True,CNV_high_candidate
GSM8848585_GGTGCTTTCAAGCCAGACTTTAGG-1,GSM8848585,9,Neuroendocrine-like,0.0864893,False,CNV_low_candidate
GSM8848585_GGTGCTTTCGCCTCTCACTTTAGG-1,GSM8848585,9,Neuroendocrine-like,0.08713375,False,CNV_low_candidate
GSM8848585_GGTGGATGTACGTAAGACTTTAGG-1,GSM8848585,12,Stress/hypoxia-like,0.049021997,False,not_assessed
GSM8848585_GGTGGATGTATATTCGACTTTAGG-1,GSM8848585,11,Prostate epithelial - luminal,0.114894785,True,CNV_high_candidate
GSM8848585_GGTGGATGTGACCTATACTTTAGG-1,GSM8848585,11,Prostate epithelial - luminal,0.03308099,False,CNV_low_candidate
GSM8848585_GGTGTCGCATCGGGCAACTTTAGG-1,GSM8848585,11,Prostate epithelial - luminal,0.09214372,False,CNV_low_candidate
GSM8848585_GGTGTGATCATTTGCGACTTTAGG-1,GSM8848585,8,Cycling,0.035978604,False,not_assessed
GSM8848585_GGTGTGCAGCAATTGAACTTTAGG-1,GSM8848585,9,Neuroendocrine-like,0.019281602,False,CNV_low_candidate
GSM8848585_GGTGTGCAGCTAGATAACTTTAGG-1,GSM8848585,7,Neuroendocrine-like,0.075749524,False,CNV_low_candidate
GSM8848585_GGTGTTACAACCTTGTACTTTAGG-1,GSM8848585,12,Stress/hypoxia-like,0.0661581,False,not_assessed
GSM8848585_GGTGTTTGTCACAGAAACTTTAGG-1,GSM8848585,12,Stress/hypoxia-like,0.04390391,False,not_assessed
GSM8848585_GGTGTTTGTTAAGTCCACTTTAGG-1,GSM8848585,11,Prostate epithelial - luminal,0.17835186,True,CNV_high_candidate
GSM8848585_GGTGTTTGTTATGTGCACTTTAGG-1,GSM8848585,14,Epithelial-like - uncertain,0.017836688,False,CNV_low_candidate
GSM8848585_GGTGTTTGTTTGTGACACTTTAGG-1,GSM8848585,9,Neuroendocrine-like,0.070782125,False,CNV_low_candidate
GSM8848585_GGTTAATCAGTGAGAGACTTTAGG-1,GSM8848585,7,Neuroendocrine-like,0.033451512,False,CNV_low_candidate
GSM8848585_GGTTAATCATCGGGCAACTTTAGG-1,GSM8848585,9,Neuroendocrine-like,0.01697951,False,CNV_low_candidate
GSM8848585_GGTTACCTCAGCGATGACTTTAGG-1,GSM8848585,9,Neuroendocrine-like,0.059874546,False,CNV_low_candidate
GSM8848585_GGTTAGTAGCGCTTACACTTTAGG-1,GSM8848585,7,Neuroendocrine-like,0.0497505,False,CNV_low_candidate
GSM8848585_GGTTAGTAGGATGAAGACTTTAGG-1,GSM8848585,8,Cycling,0.07124855,False,not_assessed
GSM8848585_GGTTAGTAGGCACAATACTTTAGG-1,GSM8848585,9,Neuroendocrine-like,0.023291266,False,CNV_low_candidate
GSM8848585_GGTTAGTAGTTTCAGTACTTTAGG-1,GSM8848585,12,Stress/hypoxia-like,0.031089598,False,not_assessed
GSM8848585_GGTTCACTCTGGAAACACTTTAGG-1,GSM8848585,11,Prostate epithelial - luminal,0.06170235,False,CNV_low_candidate
GSM8848585_GGTTGACCAATGAGCCACTTTAGG-1,GSM8848585,7,Neuroendocrine-like,0.036971122,False,CNV_low_candidate
GSM8848585_GGTTGAGTCATGAGGTACTTTAGG-1,GSM8848585,11,Prostate epithelial - luminal,0.06369368,False,CNV_low_candidate
GSM8848585_GGTTTAAAGGCTGTGAACTTTAGG-1,GSM8848585,8,Cycling,0.0521462,False,not_assessed
GSM8848585_GGTTTAAAGGCTTTATACTTTAGG-1,GSM8848585,11,Prostate epithelial - luminal,0.1401774,True,CNV_high_candidate
GSM8848585_GGTTTAGCACAGGCTGACTTTAGG-1,GSM8848585,7,Neuroendocrine-like,0.042439092,False,CNV_low_candidate
GSM8848585_GGTTTCCAGCGAATACACTTTAGG-1,GSM8848585,8,Cycling,0.13449332,True,not_assessed
GSM8848585_GGTTTCCAGGTTAGCGACTTTAGG-1,GSM8848585,9,Neuroendocrine-like,0.02222608,False,CNV_low_candidate
GSM8848585_GGTTTCCAGTAGCCTCACTTTAGG-1,GSM8848585,9,Neuroendocrine-like,0.05094527,False,CNV_low_candidate
GSM8848585_GGTTTCCAGTTACATCACTTTAGG-1,GSM8848585,9,Neuroendocrine-like,0.022386247,False,CNV_low_candidate
GSM8848585_GGTTTGACAATAGCTGACTTTAGG-1,GSM8848585,9,Neuroendocrine-like,0.022610182,False,CNV_low_candidate
GSM8848585_GGTTTGACATTCCTTTACTTTAGG-1,GSM8848585,4,Fibroblast,0.02434134,False,reference_like
GSM8848585_GGTTTGTGTAGCCATTACTTTAGG-1,GSM8848585,11,Prostate epithelial - luminal,0.016536025,False,CNV_low_candidate
GSM8848585_GGTTTGTGTGGAAGCTACTTTAGG-1,GSM8848585,7,Neuroendocrine-like,0.02782419,False,CNV_low_candidate
GSM8848585_GGTTTGTGTTAACGAGACTTTAGG-1,GSM8848585,14,Epithelial-like - uncertain,0.03680417,False,CNV_low_candidate
GSM8848585_GTAAACCAGCAAATCAACTTTAGG-1,GSM8848585,11,Prostate epithelial - luminal,0.020233171,False,CNV_low_candidate
GSM8848585_GTAAAGCTCCAACATTACTTTAGG-1,GSM8848585,9,Neuroendocrine-like,0.023017094,False,CNV_low_candidate
GSM8848585_GTAAAGGAGGTTCTTGACTTTAGG-1,GSM8848585,4,Fibroblast,0.028008075,False,reference_like
GSM8848585_GTAAAGGAGTACCAGGACTTTAGG-1,GSM8848585,8,Cycling,0.022469698,False,not_assessed
GSM8848585_GTAACCACAAGCCTAAACTTTAGG-1,GSM8848585,13,Neuroendocrine-like,0.07969074,False,CNV_low_candidate
GSM8848585_GTAACCACAATTGAACACTTTAGG-1,GSM8848585,11,Prostate epithelial - luminal,0.05952215,False,CNV_low_candidate
GSM8848585_GTAACGGTCATTGAGAACTTTAGG-1,GSM8848585,4,Fibroblast,0.024643421,False,reference_like
GSM8848585_GTAACGGTCGCTTGACACTTTAGG-1,GSM8848585,8,Cycling,0.061325405,False,not_assessed
GSM8848585_GTAACTAAGAATGGCTACTTTAGG-1,GSM8848585,9,Neuroendocrine-like,0.0185509,False,CNV_low_candidate
GSM8848585_GTAAGAACACGTAGGTACTTTAGG-1,GSM8848585,3,Endothelial,0.024490966,False,reference_like
GSM8848585_GTAAGAACAGCCTTCAACTTTAGG-1,GSM8848585,12,Stress/hypoxia-like,0.06294686,False,not_assessed
GSM8848585_GTAATCCGTGCTCCAAACTTTAGG-1,GSM8848585,8,Cycling,0.024579365,False,not_assessed
GSM8848585_GTAATCCGTTGGCGAGACTTTAGG-1,GSM8848585,9,Neuroendocrine-like,0.02720995,False,CNV_low_candidate
GSM8848585_GTAATGGGTGGACACGACTTTAGG-1,GSM8848585,13,Neuroendocrine-like,0.121153586,True,CNV_high_candidate
GSM8848585_GTACCTATCATGCGGAACTTTAGG-1,GSM8848585,7,Neuroendocrine-like,0.023179095,False,CNV_low_candidate
GSM8848585_GTACCTATCCTCTAAGACTTTAGG-1,GSM8848585,8,Cycling,0.026252786,False,not_assessed
GSM8848585_GTACCTATCGGGCAGTACTTTAGG-1,GSM8848585,8,Cycling,0.030374812,False,not_assessed
GSM8848585_GTACCTATCTAACTACACTTTAGG-1,GSM8848585,11,Prostate epithelial - luminal,0.11376606,True,CNV_high_candidate
GSM8848585_GTACGCAAGTTTACCGACTTTAGG-1,GSM8848585,11,Prostate epithelial - luminal,0.15305616,True,CNV_high_candidate
GSM8848585_GTACTGACATGAGGGAACTTTAGG-1,GSM8848585,4,Fibroblast,0.08967093,False,reference_like
GSM8848585_GTACTTAGTGCGGTTCACTTTAGG-1,GSM8848585,9,Neuroendocrine-like,0.03073965,False,CNV_low_candidate
GSM8848585_GTACTTAGTGGCTCACACTTTAGG-1,GSM8848585,7,Neuroendocrine-like,0.022039613,False,CNV_low_candidate
GSM8848585_GTAGCCCGTAAGGTTGACTTTAGG-1,GSM8848585,9,Neuroendocrine-like,0.024325503,False,CNV_low_candidate
GSM8848585_GTAGCCCGTCTCACTCACTTTAGG-1,GSM8848585,7,Neuroendocrine-like,0.038496308,False,CNV_low_candidate
GSM8848585_GTAGGCGGTAACCGCCACTTTAGG-1,GSM8848585,8,Cycling,0.04667126,False,not_assessed
GSM8848585_GTAGGCGGTTGTCATAACTTTAGG-1,GSM8848585,7,Neuroendocrine-like,0.041622806,False,CNV_low_candidate
GSM8848585_GTAGTAGGTTGGGCGAACTTTAGG-1,GSM8848585,4,Fibroblast,0.045371357,False,reference_like
GSM8848585_GTATACTTCACTTCGAACTTTAGG-1,GSM8848585,4,Fibroblast,0.018731331,False,reference_like
GSM8848585_GTATACTTCCAATGAAACTTTAGG-1,GSM8848585,11,Prostate epithelial - luminal,0.07846212,False,CNV_low_candidate
GSM8848585_GTATACTTCCGGACAAACTTTAGG-1,GSM8848585,9,Neuroendocrine-like,0.02418509,False,CNV_low_candidate
GSM8848585_GTATGGGTCAATGTGAACTTTAGG-1,GSM8848585,12,Stress/hypoxia-like,0.040518,False,not_assessed
GSM8848585_GTATGTAAGGGTTTCCACTTTAGG-1,GSM8848585,9,Neuroendocrine-like,0.029233932,False,CNV_low_candidate
GSM8848585_GTATTACTCCTTTGGAACTTTAGG-1,GSM8848585,9,Neuroendocrine-like,0.093077704,False,CNV_low_candidate
GSM8848585_GTATTACTCGCGCATTACTTTAGG-1,GSM8848585,11,Prostate epithelial - luminal,0.02333339,False,CNV_low_candidate
GSM8848585_GTATTACTCGTTAGGGACTTTAGG-1,GSM8848585,4,Fibroblast,0.02388115,False,reference_like
GSM8848585_GTATTCGTCGCTATATACTTTAGG-1,GSM8848585,11,Prostate epithelial - luminal,0.07650501,False,CNV_low_candidate
GSM8848585_GTATTCGTCGGGATGCACTTTAGG-1,GSM8848585,9,Neuroendocrine-like,0.049597938,False,CNV_low_candidate
GSM8848585_GTCAAAGGTACCGTTGACTTTAGG-1,GSM8848585,12,Stress/hypoxia-like,0.031081378,False,not_assessed
GSM8848585_GTCAAAGGTCGGTTATACTTTAGG-1,GSM8848585,6,Macrophage,0.049861837,False,reference_like
GSM8848585_GTCAACTGTCACGATTACTTTAGG-1,GSM8848585,7,Neuroendocrine-like,0.06207846,False,CNV_low_candidate
GSM8848585_GTCAACTGTTGAGCTTACTTTAGG-1,GSM8848585,5,T/NK lymphocyte,0.035908524,False,reference_like
GSM8848585_GTCACAACAATAAGGAACTTTAGG-1,GSM8848585,12,Stress/hypoxia-like,0.018564602,False,not_assessed
GSM8848585_GTCACAACATTGCCTGACTTTAGG-1,GSM8848585,9,Neuroendocrine-like,0.037360966,False,CNV_low_candidate
GSM8848585_GTCACACTCACATTCGACTTTAGG-1,GSM8848585,9,Neuroendocrine-like,0.04025815,False,CNV_low_candidate
GSM8848585_GTCACACTCTTGAGGGACTTTAGG-1,GSM8848585,8,Cycling,0.075372435,False,not_assessed
GSM8848585_GTCACTCAGGCCAACAACTTTAGG-1,GSM8848585,11,Prostate epithelial - luminal,0.026475834,False,CNV_low_candidate
GSM8848585_GTCAGTGAGAGGAAATACTTTAGG-1,GSM8848585,9,Neuroendocrine-like,0.057426494,False,CNV_low_candidate
GSM8848585_GTCAGTGAGCTTCTAGACTTTAGG-1,GSM8848585,8,Cycling,0.08037859,False,not_assessed
GSM8848585_GTCAGTGAGTAACTTCACTTTAGG-1,GSM8848585,11,Prostate epithelial - luminal,0.13555305,True,CNV_high_candidate
GSM8848585_GTCAGTGAGTCATCATACTTTAGG-1,GSM8848585,11,Prostate epithelial - luminal,0.08285033,False,CNV_low_candidate
GSM8848585_GTCATAAAGAAAGGCAACTTTAGG-1,GSM8848585,7,Neuroendocrine-like,0.021734226,False,CNV_low_candidate
GSM8848585_GTCATCCAGTAACGGTACTTTAGG-1,GSM8848585,11,Prostate epithelial - luminal,0.017015154,False,CNV_low_candidate
GSM8848585_GTCATTAGTATGTTTGACTTTAGG-1,GSM8848585,14,Epithelial-like - uncertain,0.053538896,False,CNV_low_candidate
GSM8848585_GTCATTAGTTTGTGACACTTTAGG-1,GSM8848585,9,Neuroendocrine-like,0.038849887,False,CNV_low_candidate
GSM8848585_GTCATTGTCAGTTAGAACTTTAGG-1,GSM8848585,11,Prostate epithelial - luminal,0.08377089,False,CNV_low_candidate
GSM8848585_GTCATTGTCCTGCCAGACTTTAGG-1,GSM8848585,4,Fibroblast,0.04198775,False,reference_like
GSM8848585_GTCCAAACACTAAGCAACTTTAGG-1,GSM8848585,7,Neuroendocrine-like,0.07365364,False,CNV_low_candidate
GSM8848585_GTCCAAACACTTCGATACTTTAGG-1,GSM8848585,13,Neuroendocrine-like,0.023806486,False,CNV_low_candidate
GSM8848585_GTCCAAACATTAGTGGACTTTAGG-1,GSM8848585,12,Stress/hypoxia-like,0.06579471,False,not_assessed
GSM8848585_GTCCCTCTCATTACCGACTTTAGG-1,GSM8848585,13,Neuroendocrine-like,0.03992023,False,CNV_low_candidate
GSM8848585_GTCCCTCTCGCGGAACACTTTAGG-1,GSM8848585,7,Neuroendocrine-like,0.027330365,False,CNV_low_candidate
GSM8848585_GTCCCTCTCTATCGGCACTTTAGG-1,GSM8848585,8,Cycling,0.03377371,False,not_assessed
GSM8848585_GTCCCTCTCTCAAACTACTTTAGG-1,GSM8848585,11,Prostate epithelial - luminal,0.12830852,True,CNV_high_candidate
GSM8848585_GTCCCTGAGATGCAACACTTTAGG-1,GSM8848585,4,Fibroblast,0.10475768,True,reference_like
GSM8848585_GTCCGTAGTACGTTACACTTTAGG-1,GSM8848585,4,Fibroblast,0.09179428,False,reference_like
GSM8848585_GTCCGTAGTACTTCCCACTTTAGG-1,GSM8848585,9,Neuroendocrine-like,0.021486064,False,CNV_low_candidate
GSM8848585_GTCCGTTAGCCAGAGCACTTTAGG-1,GSM8848585,13,Neuroendocrine-like,0.0348254,False,CNV_low_candidate
GSM8848585_GTCCGTTAGGCGATATACTTTAGG-1,GSM8848585,9,Neuroendocrine-like,0.027418641,False,CNV_low_candidate
GSM8848585_GTCCTCACATGGCTTTACTTTAGG-1,GSM8848585,11,Prostate epithelial - luminal,0.026315508,False,CNV_low_candidate
GSM8848585_GTCCTCACATTCATGCACTTTAGG-1,GSM8848585,4,Fibroblast,0.0242638,False,reference_like
GSM8848585_GTCCTGAGTCGAAGGTACTTTAGG-1,GSM8848585,4,Fibroblast,0.042145453,False,reference_like
GSM8848585_GTCCTTAAGTTTCCAGACTTTAGG-1,GSM8848585,6,Macrophage,0.03544634,False,reference_like
GSM8848585_GTCGATTGTAGGTGACACTTTAGG-1,GSM8848585,9,Neuroendocrine-like,0.019650308,False,CNV_low_candidate
GSM8848585_GTCGATTGTCGGTTATACTTTAGG-1,GSM8848585,9,Neuroendocrine-like,0.053469803,False,CNV_low_candidate
GSM8848585_GTCGATTGTTGGGCGAACTTTAGG-1,GSM8848585,8,Cycling,0.031567197,False,not_assessed
GSM8848585_GTCGGTTTCCGCCATGACTTTAGG-1,GSM8848585,9,Neuroendocrine-like,0.026801502,False,CNV_low_candidate
GSM8848585_GTCGGTTTCGATGAACACTTTAGG-1,GSM8848585,11,Prostate epithelial - luminal,0.10333125,True,CNV_high_candidate
GSM8848585_GTCGGTTTCTTCGCCCACTTTAGG-1,GSM8848585,11,Prostate epithelial - luminal,0.11202333,True,CNV_high_candidate
GSM8848585_GTCGTTATCCTAAGGGACTTTAGG-1,GSM8848585,9,Neuroendocrine-like,0.01591213,False,CNV_low_candidate
GSM8848585_GTCTTGCAGGACAACTACTTTAGG-1,GSM8848585,9,Neuroendocrine-like,0.020381559,False,CNV_low_candidate
GSM8848585_GTCTTGCAGTCATTCGACTTTAGG-1,GSM8848585,14,Epithelial-like - uncertain,0.03293307,False,CNV_low_candidate
GSM8848585_GTCTTGCAGTGAATCAACTTTAGG-1,GSM8848585,9,Neuroendocrine-like,0.02398358,False,CNV_low_candidate
GSM8848585_GTGAAACTCGGTAACGACTTTAGG-1,GSM8848585,11,Prostate epithelial - luminal,0.028458955,False,CNV_low_candidate
GSM8848585_GTGAGTTAGGACAAGAACTTTAGG-1,GSM8848585,9,Neuroendocrine-like,0.034683425,False,CNV_low_candidate
GSM8848585_GTGCAAGTCCATCCTTACTTTAGG-1,GSM8848585,9,Neuroendocrine-like,0.034878086,False,CNV_low_candidate
GSM8848585_GTGCAAGTCCTTTGAGACTTTAGG-1,GSM8848585,9,Neuroendocrine-like,0.021365283,False,CNV_low_candidate
GSM8848585_GTGCCTTAGAAGTACCACTTTAGG-1,GSM8848585,11,Prostate epithelial - luminal,0.08267282,False,CNV_low_candidate
GSM8848585_GTGCGGTAGAACCTCCACTTTAGG-1,GSM8848585,7,Neuroendocrine-like,0.048829634,False,CNV_low_candidate
GSM8848585_GTGCGGTAGTGAGGAAACTTTAGG-1,GSM8848585,11,Prostate epithelial - luminal,0.07881734,False,CNV_low_candidate
GSM8848585_GTGCTCAGTAAACCCTACTTTAGG-1,GSM8848585,9,Neuroendocrine-like,0.034569785,False,CNV_low_candidate
GSM8848585_GTGCTCAGTATTTACGACTTTAGG-1,GSM8848585,8,Cycling,0.03708548,False,not_assessed
GSM8848585_GTGCTCAGTCACTATAACTTTAGG-1,GSM8848585,7,Neuroendocrine-like,0.025117213,False,CNV_low_candidate
GSM8848585_GTGCTCAGTTTCCACCACTTTAGG-1,GSM8848585,9,Neuroendocrine-like,0.030483194,False,CNV_low_candidate
GSM8848585_GTGGAAGCAACAGCTAACTTTAGG-1,GSM8848585,11,Prostate epithelial - luminal,0.13248496,True,CNV_high_candidate
GSM8848585_GTGGAAGCATTCCTTTACTTTAGG-1,GSM8848585,11,Prostate epithelial - luminal,0.058625367,False,CNV_low_candidate
GSM8848585_GTGGACATCAGCGAATACTTTAGG-1,GSM8848585,9,Neuroendocrine-like,0.03235727,False,CNV_low_candidate
GSM8848585_GTGGACCAGAGGCGTCACTTTAGG-1,GSM8848585,11,Prostate epithelial - luminal,0.01683532,False,CNV_low_candidate
GSM8848585_GTGGCGAGTAACTACCACTTTAGG-1,GSM8848585,7,Neuroendocrine-like,0.026376545,False,CNV_low_candidate
GSM8848585_GTGGCGTAGAGCAACTACTTTAGG-1,GSM8848585,7,Neuroendocrine-like,0.018518532,False,CNV_low_candidate
GSM8848585_GTGGCGTAGCGAATCGACTTTAGG-1,GSM8848585,11,Prostate epithelial - luminal,0.123972274,True,CNV_high_candidate
GSM8848585_GTGGCGTAGTCACACCACTTTAGG-1,GSM8848585,8,Cycling,0.031622764,False,not_assessed
GSM8848585_GTGGGAACAGGAATAAACTTTAGG-1,GSM8848585,9,Neuroendocrine-like,0.10565308,True,CNV_high_candidate
GSM8848585_GTGGGAACATATCGCTACTTTAGG-1,GSM8848585,11,Prostate epithelial - luminal,0.15474588,True,CNV_high_candidate
GSM8848585_GTGGGAACATGCAATGACTTTAGG-1,GSM8848585,8,Cycling,0.033921443,False,not_assessed
GSM8848585_GTGGGAACATTGTGAGACTTTAGG-1,GSM8848585,8,Cycling,0.025765227,False,not_assessed
GSM8848585_GTGGTTACACATAGATACTTTAGG-1,GSM8848585,8,Cycling,0.074481405,False,not_assessed
GSM8848585_GTGGTTACACCTCGACACTTTAGG-1,GSM8848585,7,Neuroendocrine-like,0.025025671,False,CNV_low_candidate
GSM8848585_GTGGTTACACTGACTTACTTTAGG-1,GSM8848585,9,Neuroendocrine-like,0.042093597,False,CNV_low_candidate
GSM8848585_GTGGTTACATTGAACGACTTTAGG-1,GSM8848585,7,Neuroendocrine-like,0.026365371,False,CNV_low_candidate
GSM8848585_GTGGTTCTCAGGCATGACTTTAGG-1,GSM8848585,14,Epithelial-like - uncertain,0.026968546,False,CNV_low_candidate
GSM8848585_GTGGTTCTCCATCCAAACTTTAGG-1,GSM8848585,9,Neuroendocrine-like,0.083109915,False,CNV_low_candidate
GSM8848585_GTGGTTCTCTGGCCCAACTTTAGG-1,GSM8848585,9,Neuroendocrine-like,0.021667112,False,CNV_low_candidate
GSM8848585_GTGTGAGTCACGTTCAACTTTAGG-1,GSM8848585,11,Prostate epithelial - luminal,0.04899849,False,CNV_low_candidate
GSM8848585_GTGTGAGTCCAATACTACTTTAGG-1,GSM8848585,4,Fibroblast,0.10788453,True,reference_like
GSM8848585_GTGTGAGTCTTAAGGAACTTTAGG-1,GSM8848585,7,Neuroendocrine-like,0.02814502,False,CNV_low_candidate
GSM8848585_GTGTGCGCACGTAGTAACTTTAGG-1,GSM8848585,8,Cycling,0.07043573,False,not_assessed
GSM8848585_GTGTGCGCATGGCTTTACTTTAGG-1,GSM8848585,9,Neuroendocrine-like,0.030143816,False,CNV_low_candidate
GSM8848585_GTGTGCGCATTCAACCACTTTAGG-1,GSM8848585,8,Cycling,0.029312855,False,not_assessed
GSM8848585_GTTAACCGTGTGAGTAACTTTAGG-1,GSM8848585,8,Cycling,0.10324389,True,not_assessed
GSM8848585_GTTAACCGTTAGTGAGACTTTAGG-1,GSM8848585,4,Fibroblast,0.04548612,False,reference_like
GSM8848585_GTTAACTTCCATCCTTACTTTAGG-1,GSM8848585,14,Epithelial-like - uncertain,0.050968368,False,CNV_low_candidate
GSM8848585_GTTAACTTCGCCTAACACTTTAGG-1,GSM8848585,8,Cycling,0.03738911,False,not_assessed
GSM8848585_GTTAAGGGTACTGCCAACTTTAGG-1,GSM8848585,10,Activated fibroblast,0.121703126,True,reference_like
GSM8848585_GTTAAGGGTTCCTTTGACTTTAGG-1,GSM8848585,7,Neuroendocrine-like,0.06272294,False,CNV_low_candidate
GSM8848585_GTTAATGAGGCGCAGTACTTTAGG-1,GSM8848585,7,Neuroendocrine-like,0.05718654,False,CNV_low_candidate
GSM8848585_GTTACCGGTTATGTGCACTTTAGG-1,GSM8848585,8,Cycling,0.0414587,False,not_assessed
GSM8848585_GTTAGAATCCCAAATTACTTTAGG-1,GSM8848585,9,Neuroendocrine-like,0.023926584,False,CNV_low_candidate
GSM8848585_GTTAGCGAGAGGAGGTACTTTAGG-1,GSM8848585,13,Neuroendocrine-like,0.0282094,False,CNV_low_candidate
GSM8848585_GTTAGCGAGGCCTTCGACTTTAGG-1,GSM8848585,7,Neuroendocrine-like,0.068839625,False,CNV_low_candidate
GSM8848585_GTTAGCGAGGGATTTAACTTTAGG-1,GSM8848585,7,Neuroendocrine-like,0.026421634,False,CNV_low_candidate
GSM8848585_GTTAGCGAGTTACACTACTTTAGG-1,GSM8848585,11,Prostate epithelial - luminal,0.05678684,False,CNV_low_candidate
GSM8848585_GTTAGCGAGTTTCACGACTTTAGG-1,GSM8848585,7,Neuroendocrine-like,0.019550802,False,CNV_low_candidate
GSM8848585_GTTAGGCCACACTGGGACTTTAGG-1,GSM8848585,8,Cycling,0.029468108,False,not_assessed
GSM8848585_GTTAGGCCAGCTCGAGACTTTAGG-1,GSM8848585,11,Prostate epithelial - luminal,0.039844748,False,CNV_low_candidate
GSM8848585_GTTAGTCGTCCTCACTACTTTAGG-1,GSM8848585,13,Neuroendocrine-like,0.029743128,False,CNV_low_candidate
GSM8848585_GTTAGTCGTCTAACCGACTTTAGG-1,GSM8848585,9,Neuroendocrine-like,0.025272917,False,CNV_low_candidate
GSM8848585_GTTAGTCGTTAACGAGACTTTAGG-1,GSM8848585,11,Prostate epithelial - luminal,0.14390028,True,CNV_high_candidate
GSM8848585_GTTATCTAGAAGGTTCACTTTAGG-1,GSM8848585,4,Fibroblast,0.10030371,True,reference_like
GSM8848585_GTTATCTAGACGCATGACTTTAGG-1,GSM8848585,9,Neuroendocrine-like,0.026006903,False,CNV_low_candidate
GSM8848585_GTTATCTAGATTCATCACTTTAGG-1,GSM8848585,9,Neuroendocrine-like,0.03450924,False,CNV_low_candidate
GSM8848585_GTTATCTAGTATGGGTACTTTAGG-1,GSM8848585,8,Cycling,0.027065739,False,not_assessed
GSM8848585_GTTATCTAGTCATTCGACTTTAGG-1,GSM8848585,8,Cycling,0.0783624,False,not_assessed
GSM8848585_GTTATCTAGTCGCGAAACTTTAGG-1,GSM8848585,9,Neuroendocrine-like,0.036705542,False,CNV_low_candidate
GSM8848585_GTTATTGGTCGGTTTGACTTTAGG-1,GSM8848585,9,Neuroendocrine-like,0.019904321,False,CNV_low_candidate
GSM8848585_GTTCACCAGAAGTACCACTTTAGG-1,GSM8848585,11,Prostate epithelial - luminal,0.025548663,False,CNV_low_candidate
GSM8848585_GTTCACCAGTCTAATCACTTTAGG-1,GSM8848585,14,Epithelial-like - uncertain,0.031573646,False,CNV_low_candidate
GSM8848585_GTTCATCCACTGACAAACTTTAGG-1,GSM8848585,11,Prostate epithelial - luminal,0.12736265,True,CNV_high_candidate
GSM8848585_GTTCATTAGGTTAGCGACTTTAGG-1,GSM8848585,9,Neuroendocrine-like,0.049052883,False,CNV_low_candidate
GSM8848585_GTTCATTAGTTGCGCTACTTTAGG-1,GSM8848585,9,Neuroendocrine-like,0.035920948,False,CNV_low_candidate
GSM8848585_GTTCCAGGTAGCCCGTACTTTAGG-1,GSM8848585,9,Neuroendocrine-like,0.023402927,False,CNV_low_candidate
GSM8848585_GTTCCAGGTTGGATAGACTTTAGG-1,GSM8848585,4,Fibroblast,0.08963641,False,reference_like
GSM8848585_GTTCGATGTAACGTGAACTTTAGG-1,GSM8848585,7,Neuroendocrine-like,0.14691672,True,CNV_high_candidate
GSM8848585_GTTCGATGTGAGAAGGACTTTAGG-1,GSM8848585,11,Prostate epithelial - luminal,0.055581022,False,CNV_low_candidate
GSM8848585_GTTCGATGTGTTAGAGACTTTAGG-1,GSM8848585,9,Neuroendocrine-like,0.019980034,False,CNV_low_candidate
GSM8848585_GTTCGATGTTAGGTAGACTTTAGG-1,GSM8848585,13,Neuroendocrine-like,0.05563658,False,CNV_low_candidate
GSM8848585_GTTCGATGTTCCTTCAACTTTAGG-1,GSM8848585,9,Neuroendocrine-like,0.04184104,False,CNV_low_candidate
GSM8848585_GTTCGCGTCACTATGTACTTTAGG-1,GSM8848585,8,Cycling,0.10336413,True,not_assessed
GSM8848585_GTTCGCGTCCTGATCAACTTTAGG-1,GSM8848585,11,Prostate epithelial - luminal,0.086222135,False,CNV_low_candidate
GSM8848585_GTTCGGGCAAACAATCACTTTAGG-1,GSM8848585,9,Neuroendocrine-like,0.109461285,True,CNV_high_candidate
GSM8848585_GTTCGGGCAATTGAGTACTTTAGG-1,GSM8848585,9,Neuroendocrine-like,0.032793097,False,CNV_low_candidate
GSM8848585_GTTCGGGCAGGAATAAACTTTAGG-1,GSM8848585,9,Neuroendocrine-like,0.02569337,False,CNV_low_candidate
GSM8848585_GTTCGGGCATAAGTCGACTTTAGG-1,GSM8848585,6,Macrophage,0.024597459,False,reference_like
GSM8848585_GTTCGTTCACGGTAACACTTTAGG-1,GSM8848585,9,Neuroendocrine-like,0.05539666,False,CNV_low_candidate
GSM8848585_GTTCGTTCATGTGGGTACTTTAGG-1,GSM8848585,10,Activated fibroblast,0.033459824,False,reference_like
GSM8848585_GTTGAATCACTAACTCACTTTAGG-1,GSM8848585,13,Neuroendocrine-like,0.04487635,False,CNV_low_candidate
GSM8848585_GTTGAGCCAAATAGGAACTTTAGG-1,GSM8848585,9,Neuroendocrine-like,0.11885028,True,CNV_high_candidate
GSM8848585_GTTGAGCCAAATCACGACTTTAGG-1,GSM8848585,9,Neuroendocrine-like,0.033365212,False,CNV_low_candidate
GSM8848585_GTTGAGCCAAGCCACGACTTTAGG-1,GSM8848585,11,Prostate epithelial - luminal,0.08064375,False,CNV_low_candidate
GSM8848585_GTTGAGCCACATAGATACTTTAGG-1,GSM8848585,8,Cycling,0.16369818,True,not_assessed
GSM8848585_GTTGAGCCATGCAATGACTTTAGG-1,GSM8848585,9,Neuroendocrine-like,0.022949995,False,CNV_low_candidate
GSM8848585_GTTGAGGTCACGTTATACTTTAGG-1,GSM8848585,7,Neuroendocrine-like,0.102566,True,CNV_high_candidate
GSM8848585_GTTGAGGTCATGGATAACTTTAGG-1,GSM8848585,11,Prostate epithelial - luminal,0.07745636,False,CNV_low_candidate
GSM8848585_GTTGCATGTCAATACCACTTTAGG-1,GSM8848585,9,Neuroendocrine-like,0.033783942,False,CNV_low_candidate
GSM8848585_GTTGGATAGACAAGCTACTTTAGG-1,GSM8848585,8,Cycling,0.0336948,False,not_assessed
GSM8848585_GTTGGATAGATAGCTAACTTTAGG-1,GSM8848585,9,Neuroendocrine-like,0.14680576,True,CNV_high_candidate
GSM8848585_GTTGGATAGTGCCCTGACTTTAGG-1,GSM8848585,9,Neuroendocrine-like,0.018921925,False,CNV_low_candidate
GSM8848585_GTTGGGTCAAACACGCACTTTAGG-1,GSM8848585,9,Neuroendocrine-like,0.03887067,False,CNV_low_candidate
GSM8848585_GTTGTAAAGACTAATGACTTTAGG-1,GSM8848585,9,Neuroendocrine-like,0.032864753,False,CNV_low_candidate
GSM8848585_GTTGTAAAGGCGCAACACTTTAGG-1,GSM8848585,4,Fibroblast,0.020258587,False,reference_like
GSM8848585_GTTGTAAAGTGCCCTGACTTTAGG-1,GSM8848585,11,Prostate epithelial - luminal,0.053587414,False,CNV_low_candidate
GSM8848585_GTTGTCCAGGCGCATAACTTTAGG-1,GSM8848585,9,Neuroendocrine-like,0.019626861,False,CNV_low_candidate
GSM8848585_GTTGTCCAGGGATGAAACTTTAGG-1,GSM8848585,12,Stress/hypoxia-like,0.032069176,False,not_assessed
GSM8848585_GTTGTCCAGTCGAAACACTTTAGG-1,GSM8848585,11,Prostate epithelial - luminal,0.13307899,True,CNV_high_candidate
GSM8848585_GTTGTGACAAGGGTCTACTTTAGG-1,GSM8848585,9,Neuroendocrine-like,0.02244901,False,CNV_low_candidate
GSM8848585_GTTGTTCCAACAGGGAACTTTAGG-1,GSM8848585,8,Cycling,0.0350088,False,not_assessed
GSM8848585_GTTGTTCCAGCCTGAGACTTTAGG-1,GSM8848585,8,Cycling,0.027527539,False,not_assessed
GSM8848585_GTTGTTCCAGCCTTCAACTTTAGG-1,GSM8848585,4,Fibroblast,0.14087924,True,reference_like
GSM8848585_GTTGTTGTCAAAGGCTACTTTAGG-1,GSM8848585,9,Neuroendocrine-like,0.023626395,False,CNV_low_candidate
GSM8848585_GTTGTTGTCGATTACTACTTTAGG-1,GSM8848585,9,Neuroendocrine-like,0.022870844,False,CNV_low_candidate
GSM8848585_GTTTACGTCCAATTACACTTTAGG-1,GSM8848585,9,Neuroendocrine-like,0.029194713,False,CNV_low_candidate
GSM8848585_GTTTACGTCGACCCATACTTTAGG-1,GSM8848585,11,Prostate epithelial - luminal,0.056826323,False,CNV_low_candidate
GSM8848585_GTTTACGTCGACTTGCACTTTAGG-1,GSM8848585,7,Neuroendocrine-like,0.084909596,False,CNV_low_candidate
GSM8848585_GTTTAGCGTCGTAAAGACTTTAGG-1,GSM8848585,8,Cycling,0.042826384,False,not_assessed
GSM8848585_GTTTATCAGCACTAGGACTTTAGG-1,GSM8848585,14,Epithelial-like - uncertain,0.06694921,False,CNV_low_candidate
GSM8848585_GTTTATCAGGCTTAAAACTTTAGG-1,GSM8848585,14,Epithelial-like - uncertain,0.05784623,False,CNV_low_candidate
GSM8848585_GTTTCACCAAATGACTACTTTAGG-1,GSM8848585,7,Neuroendocrine-like,0.07823766,False,CNV_low_candidate
GSM8848585_GTTTCACCAACCGGATACTTTAGG-1,GSM8848585,8,Cycling,0.04578523,False,not_assessed
GSM8848585_GTTTCACCACCAGCTCACTTTAGG-1,GSM8848585,9,Neuroendocrine-like,0.027546106,False,CNV_low_candidate
GSM8848585_GTTTCACCATCGAACAACTTTAGG-1,GSM8848585,8,Cycling,0.06704469,False,not_assessed
GSM8848585_GTTTGAGCAACAGGCTACTTTAGG-1,GSM8848585,8,Cycling,0.024983263,False,not_assessed
GSM8848585_GTTTGAGCAATAACCGACTTTAGG-1,GSM8848585,9,Neuroendocrine-like,0.026193991,False,CNV_low_candidate
GSM8848585_GTTTGAGCAGCCTATTACTTTAGG-1,GSM8848585,4,Fibroblast,0.045486674,False,reference_like
GSM8848585_GTTTGAGCAGCTAAGCACTTTAGG-1,GSM8848585,11,Prostate epithelial - luminal,0.085952975,False,CNV_low_candidate
GSM8848585_GTTTGAGCAGGACTACACTTTAGG-1,GSM8848585,6,Macrophage,0.047713026,False,reference_like
GSM8848585_GTTTGCATCAATGTTCACTTTAGG-1,GSM8848585,7,Neuroendocrine-like,0.06975074,False,CNV_low_candidate
GSM8848585_GTTTGCATCACTCGCGACTTTAGG-1,GSM8848585,4,Fibroblast,0.05648516,False,reference_like
GSM8848585_GTTTGGACAATGAAGAACTTTAGG-1,GSM8848585,9,Neuroendocrine-like,0.024900429,False,CNV_low_candidate
GSM8848585_GTTTGGACAGCTTTCGACTTTAGG-1,GSM8848585,11,Prostate epithelial - luminal,0.080032475,False,CNV_low_candidate
GSM8848585_GTTTGGGAGCTAAATGACTTTAGG-1,GSM8848585,8,Cycling,0.03771549,False,not_assessed
GSM8848585_GTTTGGTGTTACTCCCACTTTAGG-1,GSM8848585,10,Activated fibroblast,0.035360284,False,reference_like
GSM8848585_GTTTGTAGTAGGAGGAACTTTAGG-1,GSM8848585,7,Neuroendocrine-like,0.020402927,False,CNV_low_candidate
GSM8848585_GTTTGTAGTCCACAATACTTTAGG-1,GSM8848585,9,Neuroendocrine-like,0.032842666,False,CNV_low_candidate
GSM8848585_GTTTGTCCAGCGGATTACTTTAGG-1,GSM8848585,7,Neuroendocrine-like,0.03654214,False,CNV_low_candidate
GSM8848585_TAAACCCGTGAACGTAACTTTAGG-1,GSM8848585,9,Neuroendocrine-like,0.07744676,False,CNV_low_candidate
GSM8848585_TAAACCCGTTTGTCAAACTTTAGG-1,GSM8848585,7,Neuroendocrine-like,0.04438735,False,CNV_low_candidate
GSM8848585_TAAACGGGTTGCGCTAACTTTAGG-1,GSM8848585,11,Prostate epithelial - luminal,0.036369346,False,CNV_low_candidate
GSM8848585_TAAACTGAGCTATCGCACTTTAGG-1,GSM8848585,9,Neuroendocrine-like,0.026219495,False,CNV_low_candidate
GSM8848585_TAAACTGAGTCAAACAACTTTAGG-1,GSM8848585,8,Cycling,0.15265055,True,not_assessed
GSM8848585_TAAACTGAGTCCTCAAACTTTAGG-1,GSM8848585,8,Cycling,0.049956087,False,not_assessed
GSM8848585_TAAAGCCAGGATGAAGACTTTAGG-1,GSM8848585,11,Prostate epithelial - luminal,0.108095914,True,CNV_high_candidate
GSM8848585_TAAAGGCTCAATGTGAACTTTAGG-1,GSM8848585,11,Prostate epithelial - luminal,0.070256054,False,CNV_low_candidate
GSM8848585_TAAAGGCTCTAGCGGAACTTTAGG-1,GSM8848585,9,Neuroendocrine-like,0.022618253,False,CNV_low_candidate
GSM8848585_TAAAGGGAGATTCGTTACTTTAGG-1,GSM8848585,9,Neuroendocrine-like,0.018788183,False,CNV_low_candidate
GSM8848585_TAAAGGGAGGACTTAAACTTTAGG-1,GSM8848585,4,Fibroblast,0.1566362,True,reference_like
GSM8848585_TAAAGGGAGGGATGAAACTTTAGG-1,GSM8848585,4,Fibroblast,0.025794957,False,reference_like
GSM8848585_TAAATCGAGACAAAGGACTTTAGG-1,GSM8848585,14,Epithelial-like - uncertain,0.019118547,False,CNV_low_candidate
GSM8848585_TAAATCGAGCTTACATACTTTAGG-1,GSM8848585,13,Neuroendocrine-like,0.059285693,False,CNV_low_candidate
GSM8848585_TAACACGCAACTGTTCACTTTAGG-1,GSM8848585,7,Neuroendocrine-like,0.023798121,False,CNV_low_candidate
GSM8848585_TAACACGCAATGAATCACTTTAGG-1,GSM8848585,8,Cycling,0.057323907,False,not_assessed
GSM8848585_TAACAGGGTCCTCCATACTTTAGG-1,GSM8848585,9,Neuroendocrine-like,0.04013623,False,CNV_low_candidate
GSM8848585_TAACAGGGTGCACTATACTTTAGG-1,GSM8848585,7,Neuroendocrine-like,0.018437333,False,CNV_low_candidate
GSM8848585_TAACCAAAGCAAAGCTACTTTAGG-1,GSM8848585,9,Neuroendocrine-like,0.027723908,False,CNV_low_candidate
GSM8848585_TAACCAAAGGTTCCGTACTTTAGG-1,GSM8848585,4,Fibroblast,0.02613851,False,reference_like
GSM8848585_TAACCAAAGTATCGCCACTTTAGG-1,GSM8848585,7,Neuroendocrine-like,0.027608085,False,CNV_low_candidate
GSM8848585_TAACCACGTCAACATCACTTTAGG-1,GSM8848585,9,Neuroendocrine-like,0.02373513,False,CNV_low_candidate
GSM8848585_TAACCCTCAAAGAACAACTTTAGG-1,GSM8848585,9,Neuroendocrine-like,0.031451333,False,CNV_low_candidate
GSM8848585_TAACCCTCAAGTTAACACTTTAGG-1,GSM8848585,9,Neuroendocrine-like,0.052153386,False,CNV_low_candidate
GSM8848585_TAACCCTCAATCGTTCACTTTAGG-1,GSM8848585,7,Neuroendocrine-like,0.039965503,False,CNV_low_candidate
GSM8848585_TAACCGCTCAACTGTTACTTTAGG-1,GSM8848585,11,Prostate epithelial - luminal,0.02773231,False,CNV_low_candidate
GSM8848585_TAACCGCTCCGCCACAACTTTAGG-1,GSM8848585,8,Cycling,0.050893422,False,not_assessed
GSM8848585_TAACCGCTCCTCTAAGACTTTAGG-1,GSM8848585,9,Neuroendocrine-like,0.07965841,False,CNV_low_candidate
GSM8848585_TAACCGCTCGGCTAAGACTTTAGG-1,GSM8848585,9,Neuroendocrine-like,0.025891472,False,CNV_low_candidate
GSM8848585_TAACCGCTCTCTATGGACTTTAGG-1,GSM8848585,9,Neuroendocrine-like,0.043128267,False,CNV_low_candidate
GSM8848585_TAACCGTGTAACCGCCACTTTAGG-1,GSM8848585,14,Epithelial-like - uncertain,0.039472286,False,CNV_low_candidate
GSM8848585_TAACCGTGTAATGAACACTTTAGG-1,GSM8848585,14,Epithelial-like - uncertain,0.02038092,False,CNV_low_candidate
GSM8848585_TAACCGTGTCCATCAGACTTTAGG-1,GSM8848585,14,Epithelial-like - uncertain,0.05560488,False,CNV_low_candidate
GSM8848585_TAACCGTGTTAGTGAGACTTTAGG-1,GSM8848585,9,Neuroendocrine-like,0.037767358,False,CNV_low_candidate
GSM8848585_TAACCTGTCACTGTCAACTTTAGG-1,GSM8848585,4,Fibroblast,0.021738267,False,reference_like
GSM8848585_TAACCTGTCAGGGATTACTTTAGG-1,GSM8848585,9,Neuroendocrine-like,0.020773295,False,CNV_low_candidate
GSM8848585_TAACCTGTCCCTCTCAACTTTAGG-1,GSM8848585,4,Fibroblast,0.04948032,False,reference_like
GSM8848585_TAACCTGTCCGTCCAGACTTTAGG-1,GSM8848585,8,Cycling,0.14059314,True,not_assessed
GSM8848585_TAACCTGTCTAACCATACTTTAGG-1,GSM8848585,4,Fibroblast,0.04294802,False,reference_like
GSM8848585_TAACCTGTCTAATTGCACTTTAGG-1,GSM8848585,4,Fibroblast,0.16199829,True,reference_like
GSM8848585_TAACCTTAGATAATCGACTTTAGG-1,GSM8848585,9,Neuroendocrine-like,0.058920167,False,CNV_low_candidate
GSM8848585_TAACCTTAGCAGCTAGACTTTAGG-1,GSM8848585,11,Prostate epithelial - luminal,0.14839123,True,CNV_high_candidate
GSM8848585_TAACCTTAGGTCAATAACTTTAGG-1,GSM8848585,9,Neuroendocrine-like,0.12003082,True,CNV_high_candidate
GSM8848585_TAACGAATCAAACCAAACTTTAGG-1,GSM8848585,4,Fibroblast,0.040721234,False,reference_like
GSM8848585_TAACGAATCAATGGGTACTTTAGG-1,GSM8848585,13,Neuroendocrine-like,0.076081686,False,CNV_low_candidate
GSM8848585_TAACGAATCCACTAATACTTTAGG-1,GSM8848585,13,Neuroendocrine-like,0.08859258,False,CNV_low_candidate
GSM8848585_TAACGAATCCCTGGATACTTTAGG-1,GSM8848585,9,Neuroendocrine-like,0.05104975,False,CNV_low_candidate
GSM8848585_TAACGAATCGATTAAGACTTTAGG-1,GSM8848585,8,Cycling,0.027187565,False,not_assessed
GSM8848585_TAACGAATCGGTTATTACTTTAGG-1,GSM8848585,8,Cycling,0.08030227,False,not_assessed
GSM8848585_TAACGAATCGTAGTTTACTTTAGG-1,GSM8848585,9,Neuroendocrine-like,0.02152249,False,CNV_low_candidate
GSM8848585_TAACGCCTCAATTGGAACTTTAGG-1,GSM8848585,9,Neuroendocrine-like,0.039471917,False,CNV_low_candidate
GSM8848585_TAACGCCTCATAGGCGACTTTAGG-1,GSM8848585,8,Cycling,0.09120832,False,not_assessed
GSM8848585_TAACGCCTCGTGATTTACTTTAGG-1,GSM8848585,11,Prostate epithelial - luminal,0.12524645,True,CNV_high_candidate
GSM8848585_TAACGCCTCGTTCAATACTTTAGG-1,GSM8848585,3,Endothelial,0.049550656,False,reference_like
GSM8848585_TAACGCCTCTAATCGTACTTTAGG-1,GSM8848585,9,Neuroendocrine-like,0.027054846,False,CNV_low_candidate
GSM8848585_TAACGTTTCCTAAGGGACTTTAGG-1,GSM8848585,9,Neuroendocrine-like,0.084701724,False,CNV_low_candidate
GSM8848585_TAACGTTTCTTACTCCACTTTAGG-1,GSM8848585,4,Fibroblast,0.076089,False,reference_like
GSM8848585_TAACTGTTCTGCCATAACTTTAGG-1,GSM8848585,8,Cycling,0.026983107,False,not_assessed
GSM8848585_TAACTTGGTCAACATCACTTTAGG-1,GSM8848585,9,Neuroendocrine-like,0.032702357,False,CNV_low_candidate
GSM8848585_TAACTTGGTTCTTACTACTTTAGG-1,GSM8848585,9,Neuroendocrine-like,0.03264509,False,CNV_low_candidate
GSM8848585_TAACTTGGTTTGCTCCACTTTAGG-1,GSM8848585,6,Macrophage,0.046648473,False,reference_like
GSM8848585_TAACTTGGTTTGGGCCACTTTAGG-1,GSM8848585,12,Stress/hypoxia-like,0.021079985,False,not_assessed
GSM8848585_TAAGCTAAGGCGAGAGACTTTAGG-1,GSM8848585,11,Prostate epithelial - luminal,0.15623906,True,CNV_high_candidate
GSM8848585_TAAGCTAAGGGTGGGAACTTTAGG-1,GSM8848585,9,Neuroendocrine-like,0.051004592,False,CNV_low_candidate
GSM8848585_TAAGCTAAGTGAATCAACTTTAGG-1,GSM8848585,11,Prostate epithelial - luminal,0.026150169,False,CNV_low_candidate
GSM8848585_TAAGCTAAGTTTGCTGACTTTAGG-1,GSM8848585,9,Neuroendocrine-like,0.034186553,False,CNV_low_candidate
GSM8848585_TAAGCTTTCGAACCTCACTTTAGG-1,GSM8848585,11,Prostate epithelial - luminal,0.11875942,True,CNV_high_candidate
GSM8848585_TAAGGCTAGCTATCGCACTTTAGG-1,GSM8848585,11,Prostate epithelial - luminal,0.17178622,True,CNV_high_candidate
GSM8848585_TAAGGCTAGTGGCTTCACTTTAGG-1,GSM8848585,9,Neuroendocrine-like,0.027995555,False,CNV_low_candidate
GSM8848585_TAAGGTTCATTGCATCACTTTAGG-1,GSM8848585,4,Fibroblast,0.0465667,False,reference_like
GSM8848585_TAAGTACCAACGACTAACTTTAGG-1,GSM8848585,9,Neuroendocrine-like,0.028391771,False,CNV_low_candidate
GSM8848585_TAAGTACCAAGTTCCTACTTTAGG-1,GSM8848585,11,Prostate epithelial - luminal,0.04023362,False,CNV_low_candidate
GSM8848585_TAAGTACCAATACCCTACTTTAGG-1,GSM8848585,8,Cycling,0.0366607,False,not_assessed
GSM8848585_TAAGTACCACCAGCTCACTTTAGG-1,GSM8848585,9,Neuroendocrine-like,0.022842433,False,CNV_low_candidate
GSM8848585_TAAGTACCACTAACAGACTTTAGG-1,GSM8848585,9,Neuroendocrine-like,0.038130764,False,CNV_low_candidate
GSM8848585_TAATAGCCAACTATCCACTTTAGG-1,GSM8848585,11,Prostate epithelial - luminal,0.030072313,False,CNV_low_candidate
GSM8848585_TAATAGCCAAGATGCCACTTTAGG-1,GSM8848585,14,Epithelial-like - uncertain,0.061170273,False,CNV_low_candidate
GSM8848585_TAATAGCCATCAAGCAACTTTAGG-1,GSM8848585,11,Prostate epithelial - luminal,0.08468964,False,CNV_low_candidate
GSM8848585_TAATAGCCATCACGCCACTTTAGG-1,GSM8848585,9,Neuroendocrine-like,0.044595927,False,CNV_low_candidate
GSM8848585_TAATAGCCATCCACCAACTTTAGG-1,GSM8848585,9,Neuroendocrine-like,0.024612196,False,CNV_low_candidate
GSM8848585_TAATAGGTCAGCTACCACTTTAGG-1,GSM8848585,9,Neuroendocrine-like,0.023203246,False,CNV_low_candidate
GSM8848585_TAATGTGAGGTTCATTACTTTAGG-1,GSM8848585,9,Neuroendocrine-like,0.053400647,False,CNV_low_candidate
GSM8848585_TACAAACCACGGTTCCACTTTAGG-1,GSM8848585,7,Neuroendocrine-like,0.055296555,False,CNV_low_candidate
GSM8848585_TACAAACCAGGCTTAAACTTTAGG-1,GSM8848585,11,Prostate epithelial - luminal,0.0372461,False,CNV_low_candidate
GSM8848585_TACAACAAGCTTTACGACTTTAGG-1,GSM8848585,11,Prostate epithelial - luminal,0.030182155,False,CNV_low_candidate
GSM8848585_TACAACAAGGCGAGTCACTTTAGG-1,GSM8848585,3,Endothelial,0.052199055,False,reference_like
GSM8848585_TACAATGAGTAAGCACACTTTAGG-1,GSM8848585,11,Prostate epithelial - luminal,0.10544449,True,CNV_high_candidate
GSM8848585_TACACCGGTAATCCGTACTTTAGG-1,GSM8848585,11,Prostate epithelial - luminal,0.09349821,False,CNV_low_candidate
GSM8848585_TACACCGGTCCCTCTGACTTTAGG-1,GSM8848585,4,Fibroblast,0.056428503,False,reference_like
GSM8848585_TACACCGGTTGGATGAACTTTAGG-1,GSM8848585,9,Neuroendocrine-like,0.041519642,False,CNV_low_candidate
GSM8848585_TACACCGGTTTCCAAAACTTTAGG-1,GSM8848585,8,Cycling,0.075887926,False,not_assessed
GSM8848585_TACAGAATCCTCTAAGACTTTAGG-1,GSM8848585,11,Prostate epithelial - luminal,0.04694111,False,CNV_low_candidate
GSM8848585_TACAGGTAGAATGGGAACTTTAGG-1,GSM8848585,9,Neuroendocrine-like,0.021465337,False,CNV_low_candidate
GSM8848585_TACAGGTAGCGCTTACACTTTAGG-1,GSM8848585,11,Prostate epithelial - luminal,0.114624314,True,CNV_high_candidate
GSM8848585_TACAGGTAGGCCATGAACTTTAGG-1,GSM8848585,11,Prostate epithelial - luminal,0.13521442,True,CNV_high_candidate
GSM8848585_TACAGGTAGGCTTATTACTTTAGG-1,GSM8848585,5,T/NK lymphocyte,0.07568611,False,reference_like
GSM8848585_TACAGGTAGTTGGATAACTTTAGG-1,GSM8848585,7,Neuroendocrine-like,0.030159203,False,CNV_low_candidate
GSM8848585_TACATACTCCATAGGGACTTTAGG-1,GSM8848585,13,Neuroendocrine-like,0.09067207,False,CNV_low_candidate
GSM8848585_TACATACTCGCAACGAACTTTAGG-1,GSM8848585,9,Neuroendocrine-like,0.018806798,False,CNV_low_candidate
GSM8848585_TACCATCCAACCATTCACTTTAGG-1,GSM8848585,11,Prostate epithelial - luminal,0.10188878,True,CNV_high_candidate
GSM8848585_TACCATCCATGCCTCAACTTTAGG-1,GSM8848585,6,Macrophage,0.0706436,False,reference_like
GSM8848585_TACCATCCATGTGGCGACTTTAGG-1,GSM8848585,8,Cycling,0.030759145,False,not_assessed
GSM8848585_TACCCGGTCAAGCCAGACTTTAGG-1,GSM8848585,14,Epithelial-like - uncertain,0.042161558,False,CNV_low_candidate
GSM8848585_TACCCGGTCTATTCGGACTTTAGG-1,GSM8848585,7,Neuroendocrine-like,0.026715782,False,CNV_low_candidate
GSM8848585_TACCGAACAAACGGGAACTTTAGG-1,GSM8848585,9,Neuroendocrine-like,0.13921063,True,CNV_high_candidate
GSM8848585_TACCGAACACGGTACGACTTTAGG-1,GSM8848585,11,Prostate epithelial - luminal,0.02676616,False,CNV_low_candidate
GSM8848585_TACCGAACATGAGCTAACTTTAGG-1,GSM8848585,7,Neuroendocrine-like,0.045706302,False,CNV_low_candidate
GSM8848585_TACCGCCCAAAGGGATACTTTAGG-1,GSM8848585,8,Cycling,0.054535557,False,not_assessed
GSM8848585_TACCGCCCATATGGTGACTTTAGG-1,GSM8848585,14,Epithelial-like - uncertain,0.09651086,False,CNV_low_candidate
GSM8848585_TACCGGCGTACTTCAAACTTTAGG-1,GSM8848585,8,Cycling,0.06255577,False,not_assessed
GSM8848585_TACCGGCGTCCTTATTACTTTAGG-1,GSM8848585,9,Neuroendocrine-like,0.04734911,False,CNV_low_candidate
GSM8848585_TACCGGCGTGCTTCTCACTTTAGG-1,GSM8848585,4,Fibroblast,0.060513377,False,reference_like
GSM8848585_TACCGGGCAAGTGCACACTTTAGG-1,GSM8848585,6,Macrophage,0.05872175,False,reference_like
GSM8848585_TACCGGGCAATAAGGAACTTTAGG-1,GSM8848585,7,Neuroendocrine-like,0.1376132,True,CNV_high_candidate
GSM8848585_TACCTGCAGTCCTGCGACTTTAGG-1,GSM8848585,9,Neuroendocrine-like,0.028129961,False,CNV_low_candidate
GSM8848585_TACCTTTGTAATAGGTACTTTAGG-1,GSM8848585,6,Macrophage,0.0689223,False,reference_like
GSM8848585_TACCTTTGTGACCTATACTTTAGG-1,GSM8848585,9,Neuroendocrine-like,0.13167098,True,CNV_high_candidate
GSM8848585_TACGCAACACCAGCTCACTTTAGG-1,GSM8848585,13,Neuroendocrine-like,0.041280698,False,CNV_low_candidate
GSM8848585_TACGCCTAGGTAATTGACTTTAGG-1,GSM8848585,11,Prostate epithelial - luminal,0.058976796,False,CNV_low_candidate
GSM8848585_TACGCCTAGGTATTTCACTTTAGG-1,GSM8848585,11,Prostate epithelial - luminal,0.10134919,True,CNV_high_candidate
GSM8848585_TACGGACCACGGTCGAACTTTAGG-1,GSM8848585,4,Fibroblast,0.13445845,True,reference_like
GSM8848585_TACGGGCAGAAGGTCTACTTTAGG-1,GSM8848585,11,Prostate epithelial - luminal,0.16967417,True,CNV_high_candidate
GSM8848585_TACGGGCAGTTTCACGACTTTAGG-1,GSM8848585,11,Prostate epithelial - luminal,0.041065298,False,CNV_low_candidate
GSM8848585_TACGTCCAGCAGGTTGACTTTAGG-1,GSM8848585,9,Neuroendocrine-like,0.030251808,False,CNV_low_candidate
GSM8848585_TACGTCCAGCTAGATAACTTTAGG-1,GSM8848585,8,Cycling,0.13367684,True,not_assessed
GSM8848585_TACGTCCAGCTAGCCTACTTTAGG-1,GSM8848585,11,Prostate epithelial - luminal,0.057881206,False,CNV_low_candidate
GSM8848585_TACGTCCAGGAGCCGTACTTTAGG-1,GSM8848585,11,Prostate epithelial - luminal,0.04990962,False,CNV_low_candidate
GSM8848585_TACGTTAGTAGTTGTCACTTTAGG-1,GSM8848585,7,Neuroendocrine-like,0.029592747,False,CNV_low_candidate
GSM8848585_TACGTTCCATGTGGCGACTTTAGG-1,GSM8848585,7,Neuroendocrine-like,0.073954254,False,CNV_low_candidate
GSM8848585_TACTAGTTCCAACTATACTTTAGG-1,GSM8848585,8,Cycling,0.055294067,False,not_assessed
GSM8848585_TACTTTCGTAATGCGAACTTTAGG-1,GSM8848585,11,Prostate epithelial - luminal,0.17434715,True,CNV_high_candidate
GSM8848585_TACTTTCGTACAAACGACTTTAGG-1,GSM8848585,7,Neuroendocrine-like,0.024533356,False,CNV_low_candidate
GSM8848585_TACTTTCGTGTGAGTAACTTTAGG-1,GSM8848585,8,Cycling,0.047103036,False,not_assessed
GSM8848585_TACTTTCGTTGGCCACACTTTAGG-1,GSM8848585,9,Neuroendocrine-like,0.035173114,False,CNV_low_candidate
GSM8848585_TAGAGGTTCAAAGGGAACTTTAGG-1,GSM8848585,9,Neuroendocrine-like,0.046100777,False,CNV_low_candidate
GSM8848585_TAGAGGTTCGAGGCGTACTTTAGG-1,GSM8848585,8,Cycling,0.027073484,False,not_assessed
GSM8848585_TAGAGGTTCGCGAGTAACTTTAGG-1,GSM8848585,11,Prostate epithelial - luminal,0.15550256,True,CNV_high_candidate
GSM8848585_TAGCAAGGTTGGCCACACTTTAGG-1,GSM8848585,9,Neuroendocrine-like,0.04706379,False,CNV_low_candidate
GSM8848585_TAGCAAGGTTTGTTTCACTTTAGG-1,GSM8848585,9,Neuroendocrine-like,0.06628,False,CNV_low_candidate
GSM8848585_TAGCAGGTCGACCCATACTTTAGG-1,GSM8848585,4,Fibroblast,0.06271767,False,reference_like
GSM8848585_TAGCCAGAGAGCAAGAACTTTAGG-1,GSM8848585,9,Neuroendocrine-like,0.044728678,False,CNV_low_candidate
GSM8848585_TAGCCAGAGTGCTGAGACTTTAGG-1,GSM8848585,8,Cycling,0.03900135,False,not_assessed
GSM8848585_TAGCCCGTCCCGTTGGACTTTAGG-1,GSM8848585,9,Neuroendocrine-like,0.036780678,False,CNV_low_candidate
GSM8848585_TAGCCTATCAGGCAATACTTTAGG-1,GSM8848585,8,Cycling,0.039718412,False,not_assessed
GSM8848585_TAGCCTGGTGGATGCGACTTTAGG-1,GSM8848585,7,Neuroendocrine-like,0.02958899,False,CNV_low_candidate
GSM8848585_TAGCCTTCACGGTCGAACTTTAGG-1,GSM8848585,7,Neuroendocrine-like,0.07098877,False,CNV_low_candidate
GSM8848585_TAGCCTTCATTCAGGAACTTTAGG-1,GSM8848585,8,Cycling,0.0640915,False,not_assessed
GSM8848585_TAGCGCGCAAGAACAAACTTTAGG-1,GSM8848585,9,Neuroendocrine-like,0.024095217,False,CNV_low_candidate
GSM8848585_TAGCGCGCATCACGCCACTTTAGG-1,GSM8848585,14,Epithelial-like - uncertain,0.023586033,False,CNV_low_candidate
GSM8848585_TAGCGGTCACACTGGGACTTTAGG-1,GSM8848585,9,Neuroendocrine-like,0.058457125,False,CNV_low_candidate
GSM8848585_TAGCGGTCAGCTAGCGACTTTAGG-1,GSM8848585,9,Neuroendocrine-like,0.04921079,False,CNV_low_candidate
GSM8848585_TAGCTTTAGTTGACCCACTTTAGG-1,GSM8848585,9,Neuroendocrine-like,0.044082113,False,CNV_low_candidate
GSM8848585_TAGGAGGCAATTCGGAACTTTAGG-1,GSM8848585,4,Fibroblast,0.024939334,False,reference_like
GSM8848585_TAGGAGGCAGCAATTGACTTTAGG-1,GSM8848585,7,Neuroendocrine-like,0.022052381,False,CNV_low_candidate
GSM8848585_TAGGAGGCATAAGCTGACTTTAGG-1,GSM8848585,4,Fibroblast,0.025798984,False,reference_like
GSM8848585_TAGGCGCAGGCTAGATACTTTAGG-1,GSM8848585,11,Prostate epithelial - luminal,0.0791866,False,CNV_low_candidate
GSM8848585_TAGGCGCAGGTAACTAACTTTAGG-1,GSM8848585,9,Neuroendocrine-like,0.02158046,False,CNV_low_candidate
GSM8848585_TAGGCGCAGGTAAGCTACTTTAGG-1,GSM8848585,3,Endothelial,0.031862874,False,reference_like
GSM8848585_TAGGCTGAGCACCTTAACTTTAGG-1,GSM8848585,7,Neuroendocrine-like,0.044929057,False,CNV_low_candidate
GSM8848585_TAGGCTGAGCTGGGTAACTTTAGG-1,GSM8848585,7,Neuroendocrine-like,0.06969913,False,CNV_low_candidate
GSM8848585_TAGGCTGAGGAACCTGACTTTAGG-1,GSM8848585,8,Cycling,0.029974353,False,not_assessed
GSM8848585_TAGGCTTGTACCGCACACTTTAGG-1,GSM8848585,11,Prostate epithelial - luminal,0.054764323,False,CNV_low_candidate
GSM8848585_TAGGCTTGTAGCTTGTACTTTAGG-1,GSM8848585,7,Neuroendocrine-like,0.038961526,False,CNV_low_candidate
GSM8848585_TAGGCTTGTTGACCCAACTTTAGG-1,GSM8848585,11,Prostate epithelial - luminal,0.13242893,True,CNV_high_candidate
GSM8848585_TAGGTCGAGATTGCAAACTTTAGG-1,GSM8848585,8,Cycling,0.09715979,False,not_assessed
GSM8848585_TAGGTCGAGCCTGGTTACTTTAGG-1,GSM8848585,7,Neuroendocrine-like,0.12958279,True,CNV_high_candidate
GSM8848585_TAGGTCGAGTTACCCAACTTTAGG-1,GSM8848585,9,Neuroendocrine-like,0.07956897,False,CNV_low_candidate
GSM8848585_TAGGTTAAGCTTAGTTACTTTAGG-1,GSM8848585,3,Endothelial,0.04821515,False,reference_like
GSM8848585_TAGGTTAAGGAAGGTAACTTTAGG-1,GSM8848585,9,Neuroendocrine-like,0.031677216,False,CNV_low_candidate
GSM8848585_TAGGTTCGTAAGTCGAACTTTAGG-1,GSM8848585,8,Cycling,0.046376914,False,not_assessed
GSM8848585_TAGGTTCGTGCGGAATACTTTAGG-1,GSM8848585,4,Fibroblast,0.03432349,False,reference_like
GSM8848585_TAGGTTCGTTGTCCAGACTTTAGG-1,GSM8848585,9,Neuroendocrine-like,0.023797413,False,CNV_low_candidate
GSM8848585_TAGGTTGCAGTTGCCCACTTTAGG-1,GSM8848585,11,Prostate epithelial - luminal,0.1626258,True,CNV_high_candidate
GSM8848585_TAGTAGTCAGTAAGTTACTTTAGG-1,GSM8848585,11,Prostate epithelial - luminal,0.07158794,False,CNV_low_candidate
GSM8848585_TAGTAGTCATGTGGGTACTTTAGG-1,GSM8848585,13,Neuroendocrine-like,0.030637199,False,CNV_low_candidate
GSM8848585_TAGTCCTCAATTGCGAACTTTAGG-1,GSM8848585,4,Fibroblast,0.053083498,False,reference_like
GSM8848585_TAGTCCTCACAATGGCACTTTAGG-1,GSM8848585,8,Cycling,0.079465754,False,not_assessed
GSM8848585_TAGTCCTCACCTCGACACTTTAGG-1,GSM8848585,6,Macrophage,0.043258224,False,reference_like
GSM8848585_TAGTCTCCACTCCCTTACTTTAGG-1,GSM8848585,11,Prostate epithelial - luminal,0.1187125,True,CNV_high_candidate
GSM8848585_TAGTGAGGTCGAAGTAACTTTAGG-1,GSM8848585,9,Neuroendocrine-like,0.023624374,False,CNV_low_candidate
GSM8848585_TAGTGATCACAATAGTACTTTAGG-1,GSM8848585,8,Cycling,0.024881374,False,not_assessed
GSM8848585_TAGTGATCATGTTTCAACTTTAGG-1,GSM8848585,9,Neuroendocrine-like,0.03687858,False,CNV_low_candidate
GSM8848585_TAGTGCTGTTGTTGGTACTTTAGG-1,GSM8848585,11,Prostate epithelial - luminal,0.033912666,False,CNV_low_candidate
GSM8848585_TAGTGGCCACGTAGGTACTTTAGG-1,GSM8848585,7,Neuroendocrine-like,0.095614575,False,CNV_low_candidate
GSM8848585_TAGTTACTCCTGATCAACTTTAGG-1,GSM8848585,4,Fibroblast,0.113322794,True,reference_like
GSM8848585_TAGTTGAAGAGCCGGTACTTTAGG-1,GSM8848585,5,T/NK lymphocyte,0.07151842,False,reference_like
GSM8848585_TAGTTGAAGGTTAGGTACTTTAGG-1,GSM8848585,8,Cycling,0.12535551,True,not_assessed
GSM8848585_TAGTTGTTCTAACCATACTTTAGG-1,GSM8848585,9,Neuroendocrine-like,0.01742427,False,CNV_low_candidate
GSM8848585_TAGTTTCAGACTCCTAACTTTAGG-1,GSM8848585,9,Neuroendocrine-like,0.029939367,False,CNV_low_candidate
GSM8848585_TAGTTTCAGGTAAGTCACTTTAGG-1,GSM8848585,14,Epithelial-like - uncertain,0.045963842,False,CNV_low_candidate
GSM8848585_TAGTTTCAGGTAGACTACTTTAGG-1,GSM8848585,9,Neuroendocrine-like,0.045269467,False,CNV_low_candidate
GSM8848585_TAGTTTGGTCAAACTCACTTTAGG-1,GSM8848585,9,Neuroendocrine-like,0.022985261,False,CNV_low_candidate
GSM8848585_TAGTTTGGTCGTAATCACTTTAGG-1,GSM8848585,9,Neuroendocrine-like,0.055222508,False,CNV_low_candidate
GSM8848585_TAGTTTGGTTAACGTCACTTTAGG-1,GSM8848585,8,Cycling,0.06011714,False,not_assessed
GSM8848585_TATACCTAGTCTTGCAACTTTAGG-1,GSM8848585,11,Prostate epithelial - luminal,0.10802426,True,CNV_high_candidate
GSM8848585_TATATCCAGCTAACTTACTTTAGG-1,GSM8848585,12,Stress/hypoxia-like,0.069176905,False,not_assessed
GSM8848585_TATATCCAGGTTCGAGACTTTAGG-1,GSM8848585,7,Neuroendocrine-like,0.022435484,False,CNV_low_candidate
GSM8848585_TATATGCTCCTGATCAACTTTAGG-1,GSM8848585,13,Neuroendocrine-like,0.032567736,False,CNV_low_candidate
GSM8848585_TATCCTGAGACCTTTGACTTTAGG-1,GSM8848585,8,Cycling,0.029131215,False,not_assessed
GSM8848585_TATCCTGAGCCAGAGCACTTTAGG-1,GSM8848585,8,Cycling,0.029936353,False,not_assessed
GSM8848585_TATCCTGAGCGCCTTGACTTTAGG-1,GSM8848585,9,Neuroendocrine-like,0.04673224,False,CNV_low_candidate
GSM8848585_TATCCTGAGGCCATGAACTTTAGG-1,GSM8848585,9,Neuroendocrine-like,0.040116746,False,CNV_low_candidate
GSM8848585_TATCCTGAGTAACTTCACTTTAGG-1,GSM8848585,11,Prostate epithelial - luminal,0.08793134,False,CNV_low_candidate
GSM8848585_TATCGAGCAATAGAAGACTTTAGG-1,GSM8848585,9,Neuroendocrine-like,0.0740527,False,CNV_low_candidate
GSM8848585_TATCGAGCATTAGTGGACTTTAGG-1,GSM8848585,14,Epithelial-like - uncertain,0.03188739,False,CNV_low_candidate
GSM8848585_TATCGATTCAGGCAATACTTTAGG-1,GSM8848585,11,Prostate epithelial - luminal,0.11967739,True,CNV_high_candidate
GSM8848585_TATCGCATCACAAACAACTTTAGG-1,GSM8848585,9,Neuroendocrine-like,0.11313465,True,CNV_high_candidate
GSM8848585_TATCGCATCATTGCATACTTTAGG-1,GSM8848585,13,Neuroendocrine-like,0.067165375,False,CNV_low_candidate
GSM8848585_TATCGCATCCATGATTACTTTAGG-1,GSM8848585,7,Neuroendocrine-like,0.07424851,False,CNV_low_candidate
GSM8848585_TATCGCATCGAGCTAGACTTTAGG-1,GSM8848585,12,Stress/hypoxia-like,0.05400442,False,not_assessed
GSM8848585_TATCGCTCAAGCCTCCACTTTAGG-1,GSM8848585,7,Neuroendocrine-like,0.030659052,False,CNV_low_candidate
GSM8848585_TATCGCTCAATAAGGAACTTTAGG-1,GSM8848585,8,Cycling,0.03018961,False,not_assessed
GSM8848585_TATCGCTCATCCACCAACTTTAGG-1,GSM8848585,9,Neuroendocrine-like,0.029830838,False,CNV_low_candidate
GSM8848585_TATCGCTCATTTGTTGACTTTAGG-1,GSM8848585,9,Neuroendocrine-like,0.039056253,False,CNV_low_candidate
GSM8848585_TATCTTGCATAGCGCGACTTTAGG-1,GSM8848585,9,Neuroendocrine-like,0.02989082,False,CNV_low_candidate
GSM8848585_TATGACTTCAGGGATTACTTTAGG-1,GSM8848585,8,Cycling,0.030075006,False,not_assessed
GSM8848585_TATGACTTCCAATACTACTTTAGG-1,GSM8848585,8,Cycling,0.033069454,False,not_assessed
GSM8848585_TATGACTTCTCACAATACTTTAGG-1,GSM8848585,4,Fibroblast,0.072458155,False,reference_like
GSM8848585_TATGAGCAGGCTTTATACTTTAGG-1,GSM8848585,8,Cycling,0.04705393,False,not_assessed
GSM8848585_TATGAGCAGGTTATGAACTTTAGG-1,GSM8848585,11,Prostate epithelial - luminal,0.047312222,False,CNV_low_candidate
GSM8848585_TATGAGGGTACGTTACACTTTAGG-1,GSM8848585,13,Neuroendocrine-like,0.05958694,False,CNV_low_candidate
GSM8848585_TATGATGAGATAGCCGACTTTAGG-1,GSM8848585,8,Cycling,0.02725099,False,not_assessed
GSM8848585_TATGATGAGGCGCAACACTTTAGG-1,GSM8848585,9,Neuroendocrine-like,0.025926154,False,CNV_low_candidate
GSM8848585_TATGCATTCGCACACTACTTTAGG-1,GSM8848585,8,Cycling,0.041284874,False,not_assessed
GSM8848585_TATGCATTCGCATTTGACTTTAGG-1,GSM8848585,13,Neuroendocrine-like,0.049438115,False,CNV_low_candidate
GSM8848585_TATGGGAGTGTGACCCACTTTAGG-1,GSM8848585,6,Macrophage,0.05955275,False,reference_like
GSM8848585_TATGGTGCAAGGCTTAACTTTAGG-1,GSM8848585,9,Neuroendocrine-like,0.021468097,False,CNV_low_candidate
GSM8848585_TATGGTGCACATTCGTACTTTAGG-1,GSM8848585,9,Neuroendocrine-like,0.09758496,False,CNV_low_candidate
GSM8848585_TATGGTGCAGTGAGGAACTTTAGG-1,GSM8848585,14,Epithelial-like - uncertain,0.057988904,False,CNV_low_candidate
GSM8848585_TATGTCCCAATTGCGAACTTTAGG-1,GSM8848585,7,Neuroendocrine-like,0.0368085,False,CNV_low_candidate
GSM8848585_TATGTCCCATCGAACAACTTTAGG-1,GSM8848585,9,Neuroendocrine-like,0.02256551,False,CNV_low_candidate
GSM8848585_TATGTTGGTAGCGGATACTTTAGG-1,GSM8848585,13,Neuroendocrine-like,0.052493438,False,CNV_low_candidate
GSM8848585_TATGTTGGTATTCGACACTTTAGG-1,GSM8848585,11,Prostate epithelial - luminal,0.035532705,False,CNV_low_candidate
GSM8848585_TATGTTGGTGACCTGCACTTTAGG-1,GSM8848585,11,Prostate epithelial - luminal,0.044434324,False,CNV_low_candidate
GSM8848585_TATGTTGGTTCATTGAACTTTAGG-1,GSM8848585,8,Cycling,0.0200252,False,not_assessed
GSM8848585_TATTACCAGTCCTGACACTTTAGG-1,GSM8848585,9,Neuroendocrine-like,0.036420763,False,CNV_low_candidate
GSM8848585_TATTAGGAGGCGGATCACTTTAGG-1,GSM8848585,9,Neuroendocrine-like,0.045428287,False,CNV_low_candidate
GSM8848585_TATTCCTGTAACTTGCACTTTAGG-1,GSM8848585,4,Fibroblast,0.08092608,False,reference_like
GSM8848585_TATTCCTGTTCCTTTGACTTTAGG-1,GSM8848585,9,Neuroendocrine-like,0.0254829,False,CNV_low_candidate
GSM8848585_TATTGACTCACGAACGACTTTAGG-1,GSM8848585,8,Cycling,0.054469306,False,not_assessed
GSM8848585_TATTGCAGTCCTCACTACTTTAGG-1,GSM8848585,11,Prostate epithelial - luminal,0.052743167,False,CNV_low_candidate
GSM8848585_TATTGCCCAAACGGTCACTTTAGG-1,GSM8848585,11,Prostate epithelial - luminal,0.15253976,True,CNV_high_candidate
GSM8848585_TATTGCCCAACAGCACACTTTAGG-1,GSM8848585,11,Prostate epithelial - luminal,0.03852369,False,CNV_low_candidate
GSM8848585_TATTGCCCAAGGAATAACTTTAGG-1,GSM8848585,7,Neuroendocrine-like,0.023763185,False,CNV_low_candidate
GSM8848585_TATTGGCGTAACCGCCACTTTAGG-1,GSM8848585,7,Neuroendocrine-like,0.021612087,False,CNV_low_candidate
GSM8848585_TATTGGCGTCCTCCATACTTTAGG-1,GSM8848585,13,Neuroendocrine-like,0.068951204,False,CNV_low_candidate
GSM8848585_TATTGGCGTTGCGGGAACTTTAGG-1,GSM8848585,9,Neuroendocrine-like,0.027990263,False,CNV_low_candidate
GSM8848585_TATTGGGCACGTAGGTACTTTAGG-1,GSM8848585,9,Neuroendocrine-like,0.075762846,False,CNV_low_candidate
GSM8848585_TATTTGCAGACCATGGACTTTAGG-1,GSM8848585,9,Neuroendocrine-like,0.020643923,False,CNV_low_candidate
GSM8848585_TATTTGCAGCCTGCCAACTTTAGG-1,GSM8848585,13,Neuroendocrine-like,0.047765706,False,CNV_low_candidate
GSM8848585_TATTTGCAGGGAGGATACTTTAGG-1,GSM8848585,11,Prostate epithelial - luminal,0.10348607,True,CNV_high_candidate
GSM8848585_TATTTGCAGTGTGCAGACTTTAGG-1,GSM8848585,11,Prostate epithelial - luminal,0.09948689,True,CNV_high_candidate
GSM8848585_TCAACAAAGCTAAATGACTTTAGG-1,GSM8848585,11,Prostate epithelial - luminal,0.13135028,True,CNV_high_candidate
GSM8848585_TCAACATTCAAAGGCTACTTTAGG-1,GSM8848585,9,Neuroendocrine-like,0.03774704,False,CNV_low_candidate
GSM8848585_TCAACATTCCCATAGCACTTTAGG-1,GSM8848585,9,Neuroendocrine-like,0.05645241,False,CNV_low_candidate
GSM8848585_TCAACATTCGTAGTTTACTTTAGG-1,GSM8848585,14,Epithelial-like - uncertain,0.07302682,False,CNV_low_candidate
GSM8848585_TCAACCATCATTACCGACTTTAGG-1,GSM8848585,8,Cycling,0.14504327,True,not_assessed
GSM8848585_TCAACCATCGCCTAACACTTTAGG-1,GSM8848585,13,Neuroendocrine-like,0.06488872,False,CNV_low_candidate
GSM8848585_TCAACCATCGCGGAACACTTTAGG-1,GSM8848585,9,Neuroendocrine-like,0.028047018,False,CNV_low_candidate
GSM8848585_TCAACCATCTTCGCTTACTTTAGG-1,GSM8848585,9,Neuroendocrine-like,0.02552255,False,CNV_low_candidate
GSM8848585_TCAACCGGTCGGTTATACTTTAGG-1,GSM8848585,9,Neuroendocrine-like,0.033417568,False,CNV_low_candidate
GSM8848585_TCAACCTCACGGTCGAACTTTAGG-1,GSM8848585,9,Neuroendocrine-like,0.03132334,False,CNV_low_candidate
GSM8848585_TCAACTAGTCGTAATCACTTTAGG-1,GSM8848585,12,Stress/hypoxia-like,0.060964316,False,not_assessed
GSM8848585_TCAACTAGTCGTTATAACTTTAGG-1,GSM8848585,14,Epithelial-like - uncertain,0.028214384,False,CNV_low_candidate
GSM8848585_TCAACTGTCTCCATCTACTTTAGG-1,GSM8848585,4,Fibroblast,0.07424234,False,reference_like
GSM8848585_TCAAGCGAGGGTCTAGACTTTAGG-1,GSM8848585,11,Prostate epithelial - luminal,0.1476867,True,CNV_high_candidate
GSM8848585_TCAAGGTAGAGCCGGTACTTTAGG-1,GSM8848585,9,Neuroendocrine-like,0.022024909,False,CNV_low_candidate
GSM8848585_TCAAGGTAGCATTTCGACTTTAGG-1,GSM8848585,11,Prostate epithelial - luminal,0.04761492,False,CNV_low_candidate
GSM8848585_TCAAGGTAGGTTCCGTACTTTAGG-1,GSM8848585,11,Prostate epithelial - luminal,0.037215453,False,CNV_low_candidate
GSM8848585_TCAAGTTTCAAGATGCACTTTAGG-1,GSM8848585,9,Neuroendocrine-like,0.044787087,False,CNV_low_candidate
GSM8848585_TCAAGTTTCCCTGGATACTTTAGG-1,GSM8848585,9,Neuroendocrine-like,0.018329248,False,CNV_low_candidate
GSM8848585_TCAATCTAGAGCAACTACTTTAGG-1,GSM8848585,9,Neuroendocrine-like,0.058691055,False,CNV_low_candidate
GSM8848585_TCAATCTAGTTTGAGAACTTTAGG-1,GSM8848585,13,Neuroendocrine-like,0.02949625,False,CNV_low_candidate
GSM8848585_TCAATGGCACAGGCTGACTTTAGG-1,GSM8848585,9,Neuroendocrine-like,0.027381923,False,CNV_low_candidate
GSM8848585_TCAATGTTCAATCGCCACTTTAGG-1,GSM8848585,13,Neuroendocrine-like,0.029393662,False,CNV_low_candidate
GSM8848585_TCAATGTTCATGTCATACTTTAGG-1,GSM8848585,14,Epithelial-like - uncertain,0.035710074,False,CNV_low_candidate
GSM8848585_TCAATGTTCCAGAACGACTTTAGG-1,GSM8848585,7,Neuroendocrine-like,0.09002526,False,CNV_low_candidate
GSM8848585_TCAATTGGTAGCTTTAACTTTAGG-1,GSM8848585,11,Prostate epithelial - luminal,0.12810026,True,CNV_high_candidate
GSM8848585_TCAATTGGTTGGGCGAACTTTAGG-1,GSM8848585,7,Neuroendocrine-like,0.05349732,False,CNV_low_candidate
GSM8848585_TCACAAGCAGTGAGAGACTTTAGG-1,GSM8848585,9,Neuroendocrine-like,0.036513783,False,CNV_low_candidate
GSM8848585_TCACAAGCATTGGACAACTTTAGG-1,GSM8848585,9,Neuroendocrine-like,0.037863564,False,CNV_low_candidate
GSM8848585_TCACCAATCACTATGTACTTTAGG-1,GSM8848585,7,Neuroendocrine-like,0.06307211,False,CNV_low_candidate
GSM8848585_TCACCAATCATAATCCACTTTAGG-1,GSM8848585,9,Neuroendocrine-like,0.024094429,False,CNV_low_candidate
GSM8848585_TCACCAATCCTCACTTACTTTAGG-1,GSM8848585,9,Neuroendocrine-like,0.036609773,False,CNV_low_candidate
GSM8848585_TCACCAATCTGTGCACACTTTAGG-1,GSM8848585,9,Neuroendocrine-like,0.04780025,False,CNV_low_candidate
GSM8848585_TCACCATCACAATCGAACTTTAGG-1,GSM8848585,9,Neuroendocrine-like,0.03826237,False,CNV_low_candidate
GSM8848585_TCACCATCAGTTGCCCACTTTAGG-1,GSM8848585,7,Neuroendocrine-like,0.02296992,False,CNV_low_candidate
GSM8848585_TCACCCACAAGGAATAACTTTAGG-1,GSM8848585,8,Cycling,0.068174236,False,not_assessed
GSM8848585_TCACCCACACCGGTAGACTTTAGG-1,GSM8848585,9,Neuroendocrine-like,0.021337507,False,CNV_low_candidate
GSM8848585_TCACCCACAGGTAGCTACTTTAGG-1,GSM8848585,13,Neuroendocrine-like,0.022211328,False,CNV_low_candidate
GSM8848585_TCACCCTGTAATCCGTACTTTAGG-1,GSM8848585,6,Macrophage,0.015329107,False,reference_like
GSM8848585_TCACCCTGTGATTAGGACTTTAGG-1,GSM8848585,9,Neuroendocrine-like,0.031273954,False,CNV_low_candidate
GSM8848585_TCACGTTCAATCCACTACTTTAGG-1,GSM8848585,11,Prostate epithelial - luminal,0.16468585,True,CNV_high_candidate
GSM8848585_TCACGTTCACTGACTTACTTTAGG-1,GSM8848585,12,Stress/hypoxia-like,0.06771641,False,not_assessed
GSM8848585_TCACGTTCACTTCGATACTTTAGG-1,GSM8848585,11,Prostate epithelial - luminal,0.1599699,True,CNV_high_candidate
GSM8848585_TCACGTTCACTTTATGACTTTAGG-1,GSM8848585,6,Macrophage,0.0409576,False,reference_like
GSM8848585_TCACTCGCAATGTGGCACTTTAGG-1,GSM8848585,9,Neuroendocrine-like,0.047325563,False,CNV_low_candidate
GSM8848585_TCACTGTCAAGAACAAACTTTAGG-1,GSM8848585,14,Epithelial-like - uncertain,0.025305448,False,CNV_low_candidate
GSM8848585_TCACTGTCAAGCTCAAACTTTAGG-1,GSM8848585,8,Cycling,0.027845642,False,not_assessed
GSM8848585_TCACTGTCACCACAAAACTTTAGG-1,GSM8848585,7,Neuroendocrine-like,0.037817627,False,CNV_low_candidate
GSM8848585_TCACTGTCATCTATCAACTTTAGG-1,GSM8848585,9,Neuroendocrine-like,0.05403858,False,CNV_low_candidate
GSM8848585_TCACTGTCATTTCATGACTTTAGG-1,GSM8848585,8,Cycling,0.021741569,False,not_assessed
GSM8848585_TCACTTTGTAGTAGGCACTTTAGG-1,GSM8848585,11,Prostate epithelial - luminal,0.017949501,False,CNV_low_candidate
GSM8848585_TCACTTTGTTGCACTGACTTTAGG-1,GSM8848585,8,Cycling,0.06338282,False,not_assessed
GSM8848585_TCAGGCAAGTCTACCAACTTTAGG-1,GSM8848585,9,Neuroendocrine-like,0.02755528,False,CNV_low_candidate
GSM8848585_TCAGGCTTCAATGTGAACTTTAGG-1,GSM8848585,11,Prostate epithelial - luminal,0.16286498,True,CNV_high_candidate
GSM8848585_TCAGGCTTCCGCAACTACTTTAGG-1,GSM8848585,8,Cycling,0.079841144,False,not_assessed
GSM8848585_TCAGGCTTCGAAGTTAACTTTAGG-1,GSM8848585,11,Prostate epithelial - luminal,0.07278733,False,CNV_low_candidate
GSM8848585_TCAGGGATCATTTGCGACTTTAGG-1,GSM8848585,13,Neuroendocrine-like,0.040692806,False,CNV_low_candidate
GSM8848585_TCAGGGATCGCGAGTAACTTTAGG-1,GSM8848585,9,Neuroendocrine-like,0.049093287,False,CNV_low_candidate
GSM8848585_TCAGGTTGTATAGCGAACTTTAGG-1,GSM8848585,9,Neuroendocrine-like,0.028114505,False,CNV_low_candidate
GSM8848585_TCAGGTTGTGAACGGTACTTTAGG-1,GSM8848585,11,Prostate epithelial - luminal,0.059995826,False,CNV_low_candidate
GSM8848585_TCAGGTTGTTGGAGCGACTTTAGG-1,GSM8848585,4,Fibroblast,0.067759916,False,reference_like
GSM8848585_TCATAGGCAACATGATACTTTAGG-1,GSM8848585,11,Prostate epithelial - luminal,0.0860386,False,CNV_low_candidate
GSM8848585_TCATAGGCAACTTGTCACTTTAGG-1,GSM8848585,8,Cycling,0.030673195,False,not_assessed
GSM8848585_TCATCAGTCACCTGTAACTTTAGG-1,GSM8848585,7,Neuroendocrine-like,0.08805728,False,CNV_low_candidate
GSM8848585_TCATCAGTCTAATCACACTTTAGG-1,GSM8848585,9,Neuroendocrine-like,0.02251476,False,CNV_low_candidate
GSM8848585_TCATGAAAGGAACTTAACTTTAGG-1,GSM8848585,9,Neuroendocrine-like,0.024533095,False,CNV_low_candidate
GSM8848585_TCATGAGCACCAGCCTACTTTAGG-1,GSM8848585,9,Neuroendocrine-like,0.019766387,False,CNV_low_candidate
GSM8848585_TCATGAGCATACTTGCACTTTAGG-1,GSM8848585,11,Prostate epithelial - luminal,0.02982437,False,CNV_low_candidate
GSM8848585_TCATGAGCATGGGTTAACTTTAGG-1,GSM8848585,8,Cycling,0.031114314,False,not_assessed
GSM8848585_TCATGCCAGCAGCTAGACTTTAGG-1,GSM8848585,8,Cycling,0.0734149,False,not_assessed
GSM8848585_TCATGCCAGCCCTTGGACTTTAGG-1,GSM8848585,9,Neuroendocrine-like,0.070800416,False,CNV_low_candidate
GSM8848585_TCATGCCAGGGCAGTCACTTTAGG-1,GSM8848585,9,Neuroendocrine-like,0.1423913,True,CNV_high_candidate
GSM8848585_TCATGCCAGTATGGGTACTTTAGG-1,GSM8848585,8,Cycling,0.14918551,True,not_assessed
GSM8848585_TCATGGTGTCAAAGGCACTTTAGG-1,GSM8848585,14,Epithelial-like - uncertain,0.04409707,False,CNV_low_candidate
GSM8848585_TCATGGTGTCGAATCTACTTTAGG-1,GSM8848585,14,Epithelial-like - uncertain,0.07781835,False,CNV_low_candidate
GSM8848585_TCATGGTGTGAACCAAACTTTAGG-1,GSM8848585,7,Neuroendocrine-like,0.029896636,False,CNV_low_candidate
GSM8848585_TCATGGTGTTCAAGGAACTTTAGG-1,GSM8848585,7,Neuroendocrine-like,0.062273953,False,CNV_low_candidate
GSM8848585_TCATGGTGTTGGATGAACTTTAGG-1,GSM8848585,13,Neuroendocrine-like,0.026683258,False,CNV_low_candidate
GSM8848585_TCATTTGCAAATGACTACTTTAGG-1,GSM8848585,4,Fibroblast,0.05393807,False,reference_like
GSM8848585_TCATTTGCATAAGCTGACTTTAGG-1,GSM8848585,8,Cycling,0.02917556,False,not_assessed
GSM8848585_TCCAAGTGTAGCTATCACTTTAGG-1,GSM8848585,9,Neuroendocrine-like,0.040454008,False,CNV_low_candidate
GSM8848585_TCCAAGTGTGCACAAAACTTTAGG-1,GSM8848585,11,Prostate epithelial - luminal,0.021312272,False,CNV_low_candidate
GSM8848585_TCCAATAGTCCAGCTAACTTTAGG-1,GSM8848585,9,Neuroendocrine-like,0.07521408,False,CNV_low_candidate
GSM8848585_TCCAATAGTCCCTCATACTTTAGG-1,GSM8848585,11,Prostate epithelial - luminal,0.05575722,False,CNV_low_candidate
GSM8848585_TCCAATAGTTCAAGGAACTTTAGG-1,GSM8848585,7,Neuroendocrine-like,0.026389776,False,CNV_low_candidate
GSM8848585_TCCACCTGTCCTTCGTACTTTAGG-1,GSM8848585,7,Neuroendocrine-like,0.030828511,False,CNV_low_candidate
GSM8848585_TCCACTAAGATTGCAAACTTTAGG-1,GSM8848585,7,Neuroendocrine-like,0.020962866,False,CNV_low_candidate
GSM8848585_TCCACTAAGGCAGGCTACTTTAGG-1,GSM8848585,13,Neuroendocrine-like,0.15399751,True,CNV_high_candidate
GSM8848585_TCCAGCTAGTGATGGTACTTTAGG-1,GSM8848585,9,Neuroendocrine-like,0.0543042,False,CNV_low_candidate
GSM8848585_TCCAGGAAGCAAATCAACTTTAGG-1,GSM8848585,14,Epithelial-like - uncertain,0.06722591,False,CNV_low_candidate
GSM8848585_TCCAGGAAGCTATCGCACTTTAGG-1,GSM8848585,8,Cycling,0.023694456,False,not_assessed
GSM8848585_TCCAGGAAGTAAGTGCACTTTAGG-1,GSM8848585,13,Neuroendocrine-like,0.09757529,False,CNV_low_candidate
GSM8848585_TCCATTACAAACACGCACTTTAGG-1,GSM8848585,8,Cycling,0.03398718,False,not_assessed
GSM8848585_TCCATTACAATTCGGAACTTTAGG-1,GSM8848585,9,Neuroendocrine-like,0.022029197,False,CNV_low_candidate
GSM8848585_TCCATTACACTCAAAGACTTTAGG-1,GSM8848585,8,Cycling,0.035180204,False,not_assessed
GSM8848585_TCCATTTGTACGGTTTACTTTAGG-1,GSM8848585,9,Neuroendocrine-like,0.023859978,False,CNV_low_candidate
GSM8848585_TCCCATAAGTCACTATACTTTAGG-1,GSM8848585,11,Prostate epithelial - luminal,0.0862335,False,CNV_low_candidate
GSM8848585_TCCCATAAGTGATTTCACTTTAGG-1,GSM8848585,12,Stress/hypoxia-like,0.02813318,False,not_assessed
GSM8848585_TCCCGCAAGGCCATGAACTTTAGG-1,GSM8848585,6,Macrophage,0.068401806,False,reference_like
GSM8848585_TCCCGCAAGGTCTTTGACTTTAGG-1,GSM8848585,6,Macrophage,0.03257735,False,reference_like
GSM8848585_TCCCTCATCAAACCGGACTTTAGG-1,GSM8848585,9,Neuroendocrine-like,0.1076766,True,CNV_high_candidate
GSM8848585_TCCCTCATCTCAGCTAACTTTAGG-1,GSM8848585,7,Neuroendocrine-like,0.108754404,True,CNV_high_candidate
GSM8848585_TCCCTTTAGGTTGCAGACTTTAGG-1,GSM8848585,11,Prostate epithelial - luminal,0.07856928,False,CNV_low_candidate
GSM8848585_TCCGAATGTCCTGAGCACTTTAGG-1,GSM8848585,7,Neuroendocrine-like,0.051173538,False,CNV_low_candidate
GSM8848585_TCCGAATGTCGGTTTGACTTTAGG-1,GSM8848585,11,Prostate epithelial - luminal,0.11732971,True,CNV_high_candidate
GSM8848585_TCCGAATGTGCATTACACTTTAGG-1,GSM8848585,9,Neuroendocrine-like,0.04279308,False,CNV_low_candidate
GSM8848585_TCCGAATGTGGTTCGCACTTTAGG-1,GSM8848585,9,Neuroendocrine-like,0.041143645,False,CNV_low_candidate
GSM8848585_TCCGAATGTGTGTCGCACTTTAGG-1,GSM8848585,7,Neuroendocrine-like,0.06671066,False,CNV_low_candidate
GSM8848585_TCCGAATGTTGAATCCACTTTAGG-1,GSM8848585,11,Prostate epithelial - luminal,0.096856244,False,CNV_low_candidate
GSM8848585_TCCGAATGTTGACCCAACTTTAGG-1,GSM8848585,8,Cycling,0.11669215,True,not_assessed
GSM8848585_TCCGTTAAGGAACCTGACTTTAGG-1,GSM8848585,9,Neuroendocrine-like,0.08423389,False,CNV_low_candidate
GSM8848585_TCCGTTAAGTTACCCAACTTTAGG-1,GSM8848585,11,Prostate epithelial - luminal,0.06722114,False,CNV_low_candidate
GSM8848585_TCCTAAGTCTATTGCGACTTTAGG-1,GSM8848585,11,Prostate epithelial - luminal,0.029751023,False,CNV_low_candidate
GSM8848585_TCCTGGTAGATAGCTAACTTTAGG-1,GSM8848585,9,Neuroendocrine-like,0.033391796,False,CNV_low_candidate
GSM8848585_TCCTGGTAGGACTTAAACTTTAGG-1,GSM8848585,8,Cycling,0.033065807,False,not_assessed
GSM8848585_TCCTGGTAGGTGAGAAACTTTAGG-1,GSM8848585,4,Fibroblast,0.019870423,False,reference_like
GSM8848585_TCCTGGTAGTCTACCAACTTTAGG-1,GSM8848585,9,Neuroendocrine-like,0.05110472,False,CNV_low_candidate
GSM8848585_TCCTTATGTTAGTTTGACTTTAGG-1,GSM8848585,11,Prostate epithelial - luminal,0.10240116,True,CNV_high_candidate
GSM8848585_TCCTTCTAGGCTTAGGACTTTAGG-1,GSM8848585,9,Neuroendocrine-like,0.023638988,False,CNV_low_candidate
GSM8848585_TCCTTCTAGTTGCGGAACTTTAGG-1,GSM8848585,11,Prostate epithelial - luminal,0.08111589,False,CNV_low_candidate
GSM8848585_TCCTTGAAGATAACGCACTTTAGG-1,GSM8848585,9,Neuroendocrine-like,0.025815295,False,CNV_low_candidate
GSM8848585_TCCTTTCAGACAAGCTACTTTAGG-1,GSM8848585,4,Fibroblast,0.03514636,False,reference_like
GSM8848585_TCCTTTCAGTTATCCGACTTTAGG-1,GSM8848585,9,Neuroendocrine-like,0.034292363,False,CNV_low_candidate
GSM8848585_TCGAACCTCACAAACAACTTTAGG-1,GSM8848585,9,Neuroendocrine-like,0.026251335,False,CNV_low_candidate
GSM8848585_TCGAACCTCCCGTTGGACTTTAGG-1,GSM8848585,9,Neuroendocrine-like,0.057194382,False,CNV_low_candidate
GSM8848585_TCGAACCTCGTAACCCACTTTAGG-1,GSM8848585,11,Prostate epithelial - luminal,0.13431704,True,CNV_high_candidate
GSM8848585_TCGAACCTCTTCAAGTACTTTAGG-1,GSM8848585,13,Neuroendocrine-like,0.03821251,False,CNV_low_candidate
GSM8848585_TCGAAGGTCATGCATTACTTTAGG-1,GSM8848585,8,Cycling,0.04690048,False,not_assessed
GSM8848585_TCGAAGTAGACCATGGACTTTAGG-1,GSM8848585,5,T/NK lymphocyte,0.023125017,False,reference_like
GSM8848585_TCGAAGTAGGTAACTAACTTTAGG-1,GSM8848585,6,Macrophage,0.022300959,False,reference_like
GSM8848585_TCGACTCAGCTGATTTACTTTAGG-1,GSM8848585,8,Cycling,0.059144765,False,not_assessed
GSM8848585_TCGACTCAGGAGTCATACTTTAGG-1,GSM8848585,11,Prostate epithelial - luminal,0.09207483,False,CNV_low_candidate
GSM8848585_TCGATAAAGCTCGATCACTTTAGG-1,GSM8848585,4,Fibroblast,0.03740942,False,reference_like
GSM8848585_TCGATAAAGGTGAGGGACTTTAGG-1,GSM8848585,13,Neuroendocrine-like,0.031268638,False,CNV_low_candidate
GSM8848585_TCGATATTCAATCGCCACTTTAGG-1,GSM8848585,9,Neuroendocrine-like,0.045502752,False,CNV_low_candidate
GSM8848585_TCGATATTCACAGGGCACTTTAGG-1,GSM8848585,9,Neuroendocrine-like,0.024019325,False,CNV_low_candidate
GSM8848585_TCGATATTCCGCCACAACTTTAGG-1,GSM8848585,8,Cycling,0.16084364,True,not_assessed
GSM8848585_TCGATATTCTTGAGGGACTTTAGG-1,GSM8848585,8,Cycling,0.028653422,False,not_assessed
GSM8848585_TCGATGACACGTAATGACTTTAGG-1,GSM8848585,7,Neuroendocrine-like,0.02744409,False,CNV_low_candidate
GSM8848585_TCGATGACATAATGACACTTTAGG-1,GSM8848585,11,Prostate epithelial - luminal,0.10209913,True,CNV_high_candidate
GSM8848585_TCGCATTCAGCAATTGACTTTAGG-1,GSM8848585,14,Epithelial-like - uncertain,0.043764886,False,CNV_low_candidate
GSM8848585_TCGCCTCTCCAGCTACACTTTAGG-1,GSM8848585,8,Cycling,0.07607345,False,not_assessed
GSM8848585_TCGCCTCTCGTAAAGCACTTTAGG-1,GSM8848585,11,Prostate epithelial - luminal,0.09766134,False,CNV_low_candidate
GSM8848585_TCGCGCATCAATGTTCACTTTAGG-1,GSM8848585,9,Neuroendocrine-like,0.02320342,False,CNV_low_candidate
GSM8848585_TCGCGCATCACAAAGCACTTTAGG-1,GSM8848585,8,Cycling,0.06701581,False,not_assessed
GSM8848585_TCGCGCATCGGTACAGACTTTAGG-1,GSM8848585,11,Prostate epithelial - luminal,0.029266316,False,CNV_low_candidate
GSM8848585_TCGCGCTCAACCCTATACTTTAGG-1,GSM8848585,9,Neuroendocrine-like,0.063343704,False,CNV_low_candidate
GSM8848585_TCGCGCTCACGGGCTAACTTTAGG-1,GSM8848585,8,Cycling,0.05160614,False,not_assessed
GSM8848585_TCGCGGACAGAGGCTTACTTTAGG-1,GSM8848585,9,Neuroendocrine-like,0.025896432,False,CNV_low_candidate
GSM8848585_TCGCGGACAGCGGATTACTTTAGG-1,GSM8848585,4,Fibroblast,0.07210559,False,reference_like
GSM8848585_TCGCGGACATTACACCACTTTAGG-1,GSM8848585,9,Neuroendocrine-like,0.02997948,False,CNV_low_candidate
GSM8848585_TCGCGGACATTGCCGCACTTTAGG-1,GSM8848585,9,Neuroendocrine-like,0.037523158,False,CNV_low_candidate
GSM8848585_TCGCTCGAGCGAATCGACTTTAGG-1,GSM8848585,8,Cycling,0.13746153,True,not_assessed
GSM8848585_TCGCTCGAGGCGAGTCACTTTAGG-1,GSM8848585,9,Neuroendocrine-like,0.021137675,False,CNV_low_candidate
GSM8848585_TCGCTTGCAGCGGATTACTTTAGG-1,GSM8848585,7,Neuroendocrine-like,0.031209694,False,CNV_low_candidate
GSM8848585_TCGGCCATCCCGTTCCACTTTAGG-1,GSM8848585,9,Neuroendocrine-like,0.12805448,True,CNV_high_candidate
GSM8848585_TCGGCCATCGTTATGTACTTTAGG-1,GSM8848585,9,Neuroendocrine-like,0.025263535,False,CNV_low_candidate
GSM8848585_TCGGCCATCTTAATGCACTTTAGG-1,GSM8848585,14,Epithelial-like - uncertain,0.072595455,False,CNV_low_candidate
GSM8848585_TCGGCTAGTGACCTATACTTTAGG-1,GSM8848585,8,Cycling,0.033302546,False,not_assessed
GSM8848585_TCGGCTAGTGCGGCTTACTTTAGG-1,GSM8848585,9,Neuroendocrine-like,0.068080164,False,CNV_low_candidate
GSM8848585_TCGGCTAGTTAAGGCAACTTTAGG-1,GSM8848585,9,Neuroendocrine-like,0.020614006,False,CNV_low_candidate
GSM8848585_TCGGCTAGTTAAGTCCACTTTAGG-1,GSM8848585,4,Fibroblast,0.070171274,False,reference_like
GSM8848585_TCGGCTAGTTTGCTCCACTTTAGG-1,GSM8848585,8,Cycling,0.067954436,False,not_assessed
GSM8848585_TCGGTTATCGCGGAACACTTTAGG-1,GSM8848585,9,Neuroendocrine-like,0.019898118,False,CNV_low_candidate
GSM8848585_TCGTCCCTCCTGACTAACTTTAGG-1,GSM8848585,9,Neuroendocrine-like,0.030530274,False,CNV_low_candidate
GSM8848585_TCGTTAAGTCTCAGCAACTTTAGG-1,GSM8848585,11,Prostate epithelial - luminal,0.04235505,False,CNV_low_candidate
GSM8848585_TCGTTCGCAATTAGACACTTTAGG-1,GSM8848585,6,Macrophage,0.111440465,True,reference_like
GSM8848585_TCGTTGCAGCTCGACTACTTTAGG-1,GSM8848585,8,Cycling,0.06464383,False,not_assessed
GSM8848585_TCTAACAGTATGTTTGACTTTAGG-1,GSM8848585,11,Prostate epithelial - luminal,0.05010319,False,CNV_low_candidate
GSM8848585_TCTAACAGTCCATAGTACTTTAGG-1,GSM8848585,8,Cycling,0.0402889,False,not_assessed
GSM8848585_TCTAACAGTCGTTGCAACTTTAGG-1,GSM8848585,11,Prostate epithelial - luminal,0.12621358,True,CNV_high_candidate
GSM8848585_TCTAACCCAAGATGCCACTTTAGG-1,GSM8848585,8,Cycling,0.048192874,False,not_assessed
GSM8848585_TCTAACTAGCGAATACACTTTAGG-1,GSM8848585,12,Stress/hypoxia-like,0.026458083,False,not_assessed
GSM8848585_TCTAACTAGTTGACGGACTTTAGG-1,GSM8848585,9,Neuroendocrine-like,0.042466182,False,CNV_low_candidate
GSM8848585_TCTAAGGCAGAATGAAACTTTAGG-1,GSM8848585,11,Prostate epithelial - luminal,0.10262364,True,CNV_high_candidate
GSM8848585_TCTAATCAGGAGGCCTACTTTAGG-1,GSM8848585,9,Neuroendocrine-like,0.11301395,True,CNV_high_candidate
GSM8848585_TCTAATCAGGCCATGAACTTTAGG-1,GSM8848585,11,Prostate epithelial - luminal,0.15060668,True,CNV_high_candidate
GSM8848585_TCTAATCAGGGTTACGACTTTAGG-1,GSM8848585,9,Neuroendocrine-like,0.03404659,False,CNV_low_candidate
GSM8848585_TCTAATCAGTACCCACACTTTAGG-1,GSM8848585,11,Prostate epithelial - luminal,0.07243449,False,CNV_low_candidate
GSM8848585_TCTAATCAGTGATTTCACTTTAGG-1,GSM8848585,12,Stress/hypoxia-like,0.026740147,False,not_assessed
GSM8848585_TCTAATCAGTTACTCGACTTTAGG-1,GSM8848585,9,Neuroendocrine-like,0.027632251,False,CNV_low_candidate
GSM8848585_TCTAATGGTAACGGGTACTTTAGG-1,GSM8848585,11,Prostate epithelial - luminal,0.03825772,False,CNV_low_candidate
GSM8848585_TCTAATGGTCCAATACACTTTAGG-1,GSM8848585,9,Neuroendocrine-like,0.021539794,False,CNV_low_candidate
GSM8848585_TCTAATGGTTAATCCAACTTTAGG-1,GSM8848585,11,Prostate epithelial - luminal,0.082100056,False,CNV_low_candidate
GSM8848585_TCTACCTTCGAAATGCACTTTAGG-1,GSM8848585,4,Fibroblast,0.06471633,False,reference_like
GSM8848585_TCTAGTTAGTAAGTGCACTTTAGG-1,GSM8848585,8,Cycling,0.08014268,False,not_assessed
GSM8848585_TCTATCGAGAGAGCAAACTTTAGG-1,GSM8848585,8,Cycling,0.024767818,False,not_assessed
GSM8848585_TCTATCGAGGGTTATAACTTTAGG-1,GSM8848585,9,Neuroendocrine-like,0.046933148,False,CNV_low_candidate
GSM8848585_TCTATCTGTACTTCCCACTTTAGG-1,GSM8848585,11,Prostate epithelial - luminal,0.08734876,False,CNV_low_candidate
GSM8848585_TCTATCTGTTGGATGAACTTTAGG-1,GSM8848585,9,Neuroendocrine-like,0.0358634,False,CNV_low_candidate
GSM8848585_TCTATGAGTCATCCTCACTTTAGG-1,GSM8848585,7,Neuroendocrine-like,0.029941225,False,CNV_low_candidate
GSM8848585_TCTATGAGTCCTGAGCACTTTAGG-1,GSM8848585,11,Prostate epithelial - luminal,0.089001074,False,CNV_low_candidate
GSM8848585_TCTATGAGTTGCTCCTACTTTAGG-1,GSM8848585,7,Neuroendocrine-like,0.10670228,True,CNV_high_candidate
GSM8848585_TCTATTGCATGGCGCAACTTTAGG-1,GSM8848585,8,Cycling,0.108039245,True,not_assessed
GSM8848585_TCTCAATAGCAAATTGACTTTAGG-1,GSM8848585,8,Cycling,0.044988226,False,not_assessed
GSM8848585_TCTCAATAGCAACTTTACTTTAGG-1,GSM8848585,4,Fibroblast,0.12075956,True,reference_like
GSM8848585_TCTCAATAGCATGTGGACTTTAGG-1,GSM8848585,4,Fibroblast,0.039770853,False,reference_like
GSM8848585_TCTCAATAGCCCTGATACTTTAGG-1,GSM8848585,13,Neuroendocrine-like,0.033717573,False,CNV_low_candidate
GSM8848585_TCTCAATAGCTGGGTAACTTTAGG-1,GSM8848585,9,Neuroendocrine-like,0.03546512,False,CNV_low_candidate
GSM8848585_TCTCGCCTCAACCTATACTTTAGG-1,GSM8848585,14,Epithelial-like - uncertain,0.05118688,False,CNV_low_candidate
GSM8848585_TCTCGCCTCACAACAAACTTTAGG-1,GSM8848585,11,Prostate epithelial - luminal,0.04226667,False,CNV_low_candidate
GSM8848585_TCTCGCCTCCTTATGGACTTTAGG-1,GSM8848585,9,Neuroendocrine-like,0.037421513,False,CNV_low_candidate
GSM8848585_TCTCGCCTCTCAGCTAACTTTAGG-1,GSM8848585,11,Prostate epithelial - luminal,0.11054314,True,CNV_high_candidate
GSM8848585_TCTCGCCTCTGTCAATACTTTAGG-1,GSM8848585,9,Neuroendocrine-like,0.030746931,False,CNV_low_candidate
GSM8848585_TCTCTATGTATATTCGACTTTAGG-1,GSM8848585,9,Neuroendocrine-like,0.053867847,False,CNV_low_candidate
GSM8848585_TCTCTATGTGAACCAAACTTTAGG-1,GSM8848585,8,Cycling,0.041072085,False,not_assessed
GSM8848585_TCTGCCACAATCTCTAACTTTAGG-1,GSM8848585,14,Epithelial-like - uncertain,0.076376244,False,CNV_low_candidate
GSM8848585_TCTGCCACACCGTTTGACTTTAGG-1,GSM8848585,6,Macrophage,0.049246453,False,reference_like
GSM8848585_TCTGCCACACTTCGATACTTTAGG-1,GSM8848585,8,Cycling,0.023260625,False,not_assessed
GSM8848585_TCTGGAACATCGGGCAACTTTAGG-1,GSM8848585,9,Neuroendocrine-like,0.036585107,False,CNV_low_candidate
GSM8848585_TCTGGCCCACTCAAAGACTTTAGG-1,GSM8848585,9,Neuroendocrine-like,0.024606524,False,CNV_low_candidate
GSM8848585_TCTGTAAGTTAGTTTGACTTTAGG-1,GSM8848585,11,Prostate epithelial - luminal,0.053750753,False,CNV_low_candidate
GSM8848585_TCTGTAAGTTCGAATCACTTTAGG-1,GSM8848585,14,Epithelial-like - uncertain,0.017872507,False,CNV_low_candidate
GSM8848585_TCTGTGATCAATGTTCACTTTAGG-1,GSM8848585,8,Cycling,0.025044201,False,not_assessed
GSM8848585_TCTGTGATCAGGCCAAACTTTAGG-1,GSM8848585,11,Prostate epithelial - luminal,0.14491902,True,CNV_high_candidate
GSM8848585_TCTGTGATCCATAAAGACTTTAGG-1,GSM8848585,8,Cycling,0.02025744,False,not_assessed
GSM8848585_TCTGTGATCCGCCTCTACTTTAGG-1,GSM8848585,12,Stress/hypoxia-like,0.06868756,False,not_assessed
GSM8848585_TCTGTGCAGACGCATGACTTTAGG-1,GSM8848585,9,Neuroendocrine-like,0.027466286,False,CNV_low_candidate
GSM8848585_TCTTAAGGTAATGGTGACTTTAGG-1,GSM8848585,8,Cycling,0.106253915,True,not_assessed
GSM8848585_TCTTAAGGTACCTAGTACTTTAGG-1,GSM8848585,9,Neuroendocrine-like,0.043075368,False,CNV_low_candidate
GSM8848585_TCTTAAGGTGTTCCAGACTTTAGG-1,GSM8848585,9,Neuroendocrine-like,0.03148401,False,CNV_low_candidate
GSM8848585_TCTTAAGGTTAGCGCCACTTTAGG-1,GSM8848585,11,Prostate epithelial - luminal,0.06604211,False,CNV_low_candidate
GSM8848585_TCTTACTGTGGCCCATACTTTAGG-1,GSM8848585,11,Prostate epithelial - luminal,0.09253462,False,CNV_low_candidate
GSM8848585_TCTTACTGTGGCGTAGACTTTAGG-1,GSM8848585,11,Prostate epithelial - luminal,0.08856731,False,CNV_low_candidate
GSM8848585_TCTTACTGTGTGACCCACTTTAGG-1,GSM8848585,11,Prostate epithelial - luminal,0.042022206,False,CNV_low_candidate
GSM8848585_TCTTAGGTCCTGTTCTACTTTAGG-1,GSM8848585,9,Neuroendocrine-like,0.021579156,False,CNV_low_candidate
GSM8848585_TCTTAGGTCGTGATTTACTTTAGG-1,GSM8848585,14,Epithelial-like - uncertain,0.0747088,False,CNV_low_candidate
GSM8848585_TCTTAGGTCTAGCGGAACTTTAGG-1,GSM8848585,11,Prostate epithelial - luminal,0.10617627,True,CNV_high_candidate
GSM8848585_TCTTCATGTACCGTTGACTTTAGG-1,GSM8848585,9,Neuroendocrine-like,0.06777323,False,CNV_low_candidate
GSM8848585_TCTTCATGTTGGATGAACTTTAGG-1,GSM8848585,11,Prostate epithelial - luminal,0.026270939,False,CNV_low_candidate
GSM8848585_TCTTGACCACGTTACTACTTTAGG-1,GSM8848585,12,Stress/hypoxia-like,0.062317293,False,not_assessed
GSM8848585_TCTTGCTTCATTTAGCACTTTAGG-1,GSM8848585,11,Prostate epithelial - luminal,0.11529102,True,CNV_high_candidate
GSM8848585_TCTTGCTTCCTCACGGACTTTAGG-1,GSM8848585,11,Prostate epithelial - luminal,0.06922244,False,CNV_low_candidate
GSM8848585_TCTTGCTTCGCCTCTCACTTTAGG-1,GSM8848585,10,Activated fibroblast,0.041484464,False,reference_like
GSM8848585_TCTTGCTTCTGGAAACACTTTAGG-1,GSM8848585,8,Cycling,0.042930193,False,not_assessed
GSM8848585_TCTTGGATCCATCCAAACTTTAGG-1,GSM8848585,9,Neuroendocrine-like,0.030549685,False,CNV_low_candidate
GSM8848585_TCTTGGATCCGGCTCAACTTTAGG-1,GSM8848585,9,Neuroendocrine-like,0.03523774,False,CNV_low_candidate
GSM8848585_TCTTTGGAGCCATCGTACTTTAGG-1,GSM8848585,8,Cycling,0.036884613,False,not_assessed
GSM8848585_TCTTTGGAGGCGCAGTACTTTAGG-1,GSM8848585,7,Neuroendocrine-like,0.025345063,False,CNV_low_candidate
GSM8848585_TCTTTGGAGGCTTTATACTTTAGG-1,GSM8848585,7,Neuroendocrine-like,0.034088787,False,CNV_low_candidate
GSM8848585_TCTTTGGAGTAACTTCACTTTAGG-1,GSM8848585,8,Cycling,0.07632117,False,not_assessed
GSM8848585_TCTTTGTGTTAAGTCCACTTTAGG-1,GSM8848585,8,Cycling,0.097698286,False,not_assessed
GSM8848585_TGAAACTCAATGTGGCACTTTAGG-1,GSM8848585,9,Neuroendocrine-like,0.029248357,False,CNV_low_candidate
GSM8848585_TGAAACTCATTCCTGGACTTTAGG-1,GSM8848585,13,Neuroendocrine-like,0.047523145,False,CNV_low_candidate
GSM8848585_TGAAACTCATTGAAGTACTTTAGG-1,GSM8848585,8,Cycling,0.03281928,False,not_assessed
GSM8848585_TGAAAGGAGCTCGATCACTTTAGG-1,GSM8848585,8,Cycling,0.06594664,False,not_assessed
GSM8848585_TGAAAGGAGGAACCTGACTTTAGG-1,GSM8848585,8,Cycling,0.06785894,False,not_assessed
GSM8848585_TGAACAGGTCCTTCTAACTTTAGG-1,GSM8848585,13,Neuroendocrine-like,0.054180413,False,CNV_low_candidate
GSM8848585_TGAACAGGTTGAATCCACTTTAGG-1,GSM8848585,4,Fibroblast,0.038339578,False,reference_like
GSM8848585_TGAACAGGTTGGATGAACTTTAGG-1,GSM8848585,13,Neuroendocrine-like,0.04977,False,CNV_low_candidate
GSM8848585_TGAACCACAGGGATGAACTTTAGG-1,GSM8848585,9,Neuroendocrine-like,0.07806944,False,CNV_low_candidate
GSM8848585_TGAACCTGTTTACCGGACTTTAGG-1,GSM8848585,9,Neuroendocrine-like,0.048296813,False,CNV_low_candidate
GSM8848585_TGAAGGAAGATTATCCACTTTAGG-1,GSM8848585,11,Prostate epithelial - luminal,0.099203534,False,CNV_low_candidate
GSM8848585_TGAATAGTCAACCGCTACTTTAGG-1,GSM8848585,11,Prostate epithelial - luminal,0.119312316,True,CNV_high_candidate
GSM8848585_TGAATAGTCAACTGGGACTTTAGG-1,GSM8848585,7,Neuroendocrine-like,0.09505523,False,CNV_low_candidate
GSM8848585_TGAATAGTCATAACCTACTTTAGG-1,GSM8848585,8,Cycling,0.02274506,False,not_assessed
GSM8848585_TGAATCTTCGTTGCACACTTTAGG-1,GSM8848585,7,Neuroendocrine-like,0.023278166,False,CNV_low_candidate
GSM8848585_TGAATGTCAAGTTGGCACTTTAGG-1,GSM8848585,9,Neuroendocrine-like,0.026149625,False,CNV_low_candidate
GSM8848585_TGACAACAGGTGAGCCACTTTAGG-1,GSM8848585,7,Neuroendocrine-like,0.02795163,False,CNV_low_candidate
GSM8848585_TGACAACAGTTTCAGTACTTTAGG-1,GSM8848585,9,Neuroendocrine-like,0.049652047,False,CNV_low_candidate
GSM8848585_TGACAACAGTTTGCTGACTTTAGG-1,GSM8848585,9,Neuroendocrine-like,0.0272138,False,CNV_low_candidate
GSM8848585_TGACATAAGGTCAAGTACTTTAGG-1,GSM8848585,11,Prostate epithelial - luminal,0.14823298,True,CNV_high_candidate
GSM8848585_TGACATAAGGTGAGTTACTTTAGG-1,GSM8848585,9,Neuroendocrine-like,0.025409786,False,CNV_low_candidate
GSM8848585_TGACATGCATATGGTGACTTTAGG-1,GSM8848585,11,Prostate epithelial - luminal,0.10453725,True,CNV_high_candidate
GSM8848585_TGACCTATCCGCTATAACTTTAGG-1,GSM8848585,9,Neuroendocrine-like,0.029685909,False,CNV_low_candidate
GSM8848585_TGACCTATCGCGAGTAACTTTAGG-1,GSM8848585,7,Neuroendocrine-like,0.04918922,False,CNV_low_candidate
GSM8848585_TGACCTGGTAAGGCCGACTTTAGG-1,GSM8848585,7,Neuroendocrine-like,0.029804695,False,CNV_low_candidate
GSM8848585_TGACCTTCACCTACTGACTTTAGG-1,GSM8848585,7,Neuroendocrine-like,0.029787475,False,CNV_low_candidate
GSM8848585_TGACCTTCACGGTCGAACTTTAGG-1,GSM8848585,7,Neuroendocrine-like,0.04808462,False,CNV_low_candidate
GSM8848585_TGACCTTCATGAGGGAACTTTAGG-1,GSM8848585,9,Neuroendocrine-like,0.03041148,False,CNV_low_candidate
GSM8848585_TGACGAAGTCCTTATTACTTTAGG-1,GSM8848585,4,Fibroblast,0.06612689,False,reference_like
GSM8848585_TGACGGATCGATATAGACTTTAGG-1,GSM8848585,11,Prostate epithelial - luminal,0.065101065,False,CNV_low_candidate
GSM8848585_TGACGGATCGCCTCGAACTTTAGG-1,GSM8848585,9,Neuroendocrine-like,0.113699965,True,CNV_high_candidate
GSM8848585_TGACGGATCGTTATGTACTTTAGG-1,GSM8848585,9,Neuroendocrine-like,0.027316254,False,CNV_low_candidate
GSM8848585_TGACTACGTGCGGAATACTTTAGG-1,GSM8848585,14,Epithelial-like - uncertain,0.06564884,False,CNV_low_candidate
GSM8848585_TGACTACGTTGGAGCGACTTTAGG-1,GSM8848585,11,Prostate epithelial - luminal,0.099409424,True,CNV_high_candidate
GSM8848585_TGACTATTCAGCACCTACTTTAGG-1,GSM8848585,9,Neuroendocrine-like,0.01693998,False,CNV_low_candidate
GSM8848585_TGACTATTCCAATTACACTTTAGG-1,GSM8848585,8,Cycling,0.15043567,True,not_assessed
GSM8848585_TGAGACTAGCACTACCACTTTAGG-1,GSM8848585,6,Macrophage,0.055395298,False,reference_like
GSM8848585_TGAGACTAGTGTTTGTACTTTAGG-1,GSM8848585,11,Prostate epithelial - luminal,0.16652195,True,CNV_high_candidate
GSM8848585_TGAGCGATCATGACCCACTTTAGG-1,GSM8848585,4,Fibroblast,0.1299867,True,reference_like
GSM8848585_TGAGCGATCCAAATAGACTTTAGG-1,GSM8848585,11,Prostate epithelial - luminal,0.081801035,False,CNV_low_candidate
GSM8848585_TGAGCGATCCGCTATAACTTTAGG-1,GSM8848585,9,Neuroendocrine-like,0.03565684,False,CNV_low_candidate
GSM8848585_TGAGCTTGTTGGATGAACTTTAGG-1,GSM8848585,7,Neuroendocrine-like,0.044472393,False,CNV_low_candidate
GSM8848585_TGAGCTTGTTTGTAGCACTTTAGG-1,GSM8848585,9,Neuroendocrine-like,0.044855487,False,CNV_low_candidate
GSM8848585_TGAGGTAGTATGGGACACTTTAGG-1,GSM8848585,11,Prostate epithelial - luminal,0.07579523,False,CNV_low_candidate
GSM8848585_TGAGGTCCAAGGTGTCACTTTAGG-1,GSM8848585,11,Prostate epithelial - luminal,0.15872148,True,CNV_high_candidate
GSM8848585_TGAGGTCCACCTAACTACTTTAGG-1,GSM8848585,11,Prostate epithelial - luminal,0.122555755,True,CNV_high_candidate
GSM8848585_TGAGGTCCACTTAACCACTTTAGG-1,GSM8848585,14,Epithelial-like - uncertain,0.058973923,False,CNV_low_candidate
GSM8848585_TGAGTCGAGAGGCGGAACTTTAGG-1,GSM8848585,9,Neuroendocrine-like,0.030109152,False,CNV_low_candidate
GSM8848585_TGAGTCGAGGATGGTTACTTTAGG-1,GSM8848585,9,Neuroendocrine-like,0.05761495,False,CNV_low_candidate
GSM8848585_TGAGTCGAGGGTTGCAACTTTAGG-1,GSM8848585,9,Neuroendocrine-like,0.044854432,False,CNV_low_candidate
GSM8848585_TGAGTCGAGTTGACCCACTTTAGG-1,GSM8848585,7,Neuroendocrine-like,0.03311839,False,CNV_low_candidate
GSM8848585_TGAGTCTGTTAGCTCGACTTTAGG-1,GSM8848585,11,Prostate epithelial - luminal,0.16926141,True,CNV_high_candidate
GSM8848585_TGAGTCTGTTTACGACACTTTAGG-1,GSM8848585,8,Cycling,0.05569111,False,not_assessed
GSM8848585_TGAGTGAGTTAAGGCAACTTTAGG-1,GSM8848585,4,Fibroblast,0.08569806,False,reference_like
GSM8848585_TGATCTTAGCCATCACACTTTAGG-1,GSM8848585,9,Neuroendocrine-like,0.0313742,False,CNV_low_candidate
GSM8848585_TGATCTTAGCGAGCTAACTTTAGG-1,GSM8848585,11,Prostate epithelial - luminal,0.041976053,False,CNV_low_candidate
GSM8848585_TGATCTTAGGTAGTTAACTTTAGG-1,GSM8848585,14,Epithelial-like - uncertain,0.07506467,False,CNV_low_candidate
GSM8848585_TGATCTTAGTGTTTGTACTTTAGG-1,GSM8848585,7,Neuroendocrine-like,0.027770484,False,CNV_low_candidate
GSM8848585_TGATGGCCAGATAACTACTTTAGG-1,GSM8848585,11,Prostate epithelial - luminal,0.101866215,True,CNV_high_candidate
GSM8848585_TGATTACTCAAGGGTTACTTTAGG-1,GSM8848585,7,Neuroendocrine-like,0.03133845,False,CNV_low_candidate
GSM8848585_TGATTCAGTAACCCATACTTTAGG-1,GSM8848585,8,Cycling,0.045064345,False,not_assessed
GSM8848585_TGATTCAGTAAGTCGAACTTTAGG-1,GSM8848585,7,Neuroendocrine-like,0.028928006,False,CNV_low_candidate
GSM8848585_TGATTGCGTCAACATCACTTTAGG-1,GSM8848585,9,Neuroendocrine-like,0.07410074,False,CNV_low_candidate
GSM8848585_TGATTGCGTGCGCATCACTTTAGG-1,GSM8848585,11,Prostate epithelial - luminal,0.111901425,True,CNV_high_candidate
GSM8848585_TGATTGCGTTCAAGCTACTTTAGG-1,GSM8848585,11,Prostate epithelial - luminal,0.14661713,True,CNV_high_candidate
GSM8848585_TGATTGTTCAAGCGATACTTTAGG-1,GSM8848585,9,Neuroendocrine-like,0.0623261,False,CNV_low_candidate
GSM8848585_TGATTGTTCGTCCATAACTTTAGG-1,GSM8848585,11,Prostate epithelial - luminal,0.041647315,False,CNV_low_candidate
GSM8848585_TGATTTGGTCAACATCACTTTAGG-1,GSM8848585,7,Neuroendocrine-like,0.032935448,False,CNV_low_candidate
GSM8848585_TGATTTGGTCCTCCTGACTTTAGG-1,GSM8848585,11,Prostate epithelial - luminal,0.07198272,False,CNV_low_candidate
GSM8848585_TGATTTGGTGTGATGAACTTTAGG-1,GSM8848585,9,Neuroendocrine-like,0.02075162,False,CNV_low_candidate
GSM8848585_TGCAAGCCAACCGGATACTTTAGG-1,GSM8848585,8,Cycling,0.08281654,False,not_assessed
GSM8848585_TGCAAGCCAGGTCAACACTTTAGG-1,GSM8848585,8,Cycling,0.028200163,False,not_assessed
GSM8848585_TGCAAGCCATCGATAGACTTTAGG-1,GSM8848585,9,Neuroendocrine-like,0.03952806,False,CNV_low_candidate
GSM8848585_TGCAATAAGACAGACTACTTTAGG-1,GSM8848585,11,Prostate epithelial - luminal,0.097852625,False,CNV_low_candidate
GSM8848585_TGCAATAAGCAAGTTAACTTTAGG-1,GSM8848585,4,Fibroblast,0.054315194,False,reference_like
GSM8848585_TGCAATAAGTCTACCAACTTTAGG-1,GSM8848585,4,Fibroblast,0.021530727,False,reference_like
GSM8848585_TGCACACTCGCGTTACACTTTAGG-1,GSM8848585,7,Neuroendocrine-like,0.021528978,False,CNV_low_candidate
GSM8848585_TGCAGCAAGCGATGGCACTTTAGG-1,GSM8848585,13,Neuroendocrine-like,0.09210916,False,CNV_low_candidate
GSM8848585_TGCAGCAAGCTTTACGACTTTAGG-1,GSM8848585,11,Prostate epithelial - luminal,0.121062644,True,CNV_high_candidate
GSM8848585_TGCAGCAAGTGTGAGTACTTTAGG-1,GSM8848585,8,Cycling,0.044613767,False,not_assessed
GSM8848585_TGCAGGTCAAATGACTACTTTAGG-1,GSM8848585,11,Prostate epithelial - luminal,0.028462544,False,CNV_low_candidate
GSM8848585_TGCAGGTCAAGCTATGACTTTAGG-1,GSM8848585,8,Cycling,0.024297364,False,not_assessed
GSM8848585_TGCATCCAGATAATCGACTTTAGG-1,GSM8848585,9,Neuroendocrine-like,0.028006453,False,CNV_low_candidate
GSM8848585_TGCATCCAGGTTCCGTACTTTAGG-1,GSM8848585,7,Neuroendocrine-like,0.021706011,False,CNV_low_candidate
GSM8848585_TGCATCCAGTTGCAAAACTTTAGG-1,GSM8848585,11,Prostate epithelial - luminal,0.16568302,True,CNV_high_candidate
GSM8848585_TGCATTAGTACAGCAAACTTTAGG-1,GSM8848585,14,Epithelial-like - uncertain,0.058657207,False,CNV_low_candidate
GSM8848585_TGCCCATAGATAACTGACTTTAGG-1,GSM8848585,7,Neuroendocrine-like,0.022797404,False,CNV_low_candidate
GSM8848585_TGCCCATAGTATCGCCACTTTAGG-1,GSM8848585,11,Prostate epithelial - luminal,0.10892416,True,CNV_high_candidate
GSM8848585_TGCCCATAGTGCTGAGACTTTAGG-1,GSM8848585,14,Epithelial-like - uncertain,0.063477606,False,CNV_low_candidate
GSM8848585_TGCCCTGAGCTCAAGGACTTTAGG-1,GSM8848585,9,Neuroendocrine-like,0.05350923,False,CNV_low_candidate
GSM8848585_TGCCCTGAGGCAAGTTACTTTAGG-1,GSM8848585,13,Neuroendocrine-like,0.087225154,False,CNV_low_candidate
GSM8848585_TGCCCTGAGGCGATATACTTTAGG-1,GSM8848585,11,Prostate epithelial - luminal,0.06617221,False,CNV_low_candidate
GSM8848585_TGCCCTGAGTCAATAGACTTTAGG-1,GSM8848585,7,Neuroendocrine-like,0.025882987,False,CNV_low_candidate
GSM8848585_TGCCGGTGTACGGTTTACTTTAGG-1,GSM8848585,5,T/NK lymphocyte,0.072098754,False,reference_like
GSM8848585_TGCCGGTGTTAAGCTCACTTTAGG-1,GSM8848585,4,Fibroblast,0.059313323,False,reference_like
GSM8848585_TGCCGGTGTTGGATAGACTTTAGG-1,GSM8848585,4,Fibroblast,0.06877276,False,reference_like
GSM8848585_TGCCTCCTCCGAATTTACTTTAGG-1,GSM8848585,9,Neuroendocrine-like,0.061783247,False,CNV_low_candidate
GSM8848585_TGCCTCCTCTTACTCCACTTTAGG-1,GSM8848585,11,Prostate epithelial - luminal,0.022596274,False,CNV_low_candidate
GSM8848585_TGCCTTAAGTGTAATGACTTTAGG-1,GSM8848585,4,Fibroblast,0.07618371,False,reference_like
GSM8848585_TGCGATACAACTAGTGACTTTAGG-1,GSM8848585,11,Prostate epithelial - luminal,0.019715196,False,CNV_low_candidate
GSM8848585_TGCGCAGCATCACAGAACTTTAGG-1,GSM8848585,4,Fibroblast,0.052520424,False,reference_like
GSM8848585_TGCGCATTCGATATAGACTTTAGG-1,GSM8848585,13,Neuroendocrine-like,0.14038964,True,CNV_high_candidate
GSM8848585_TGCGCCATCATGGTCCACTTTAGG-1,GSM8848585,7,Neuroendocrine-like,0.060499348,False,CNV_low_candidate
GSM8848585_TGCGCCATCCTGCCAGACTTTAGG-1,GSM8848585,9,Neuroendocrine-like,0.017175158,False,CNV_low_candidate
GSM8848585_TGCGCCTCAAGATAAGACTTTAGG-1,GSM8848585,9,Neuroendocrine-like,0.028290953,False,CNV_low_candidate
GSM8848585_TGCGCCTCAGCGATCGACTTTAGG-1,GSM8848585,0,Prostate epithelial - AR high,0.041980226,False,CNV_low_candidate
GSM8848585_TGCGCTAGTTCGGTATACTTTAGG-1,GSM8848585,11,Prostate epithelial - luminal,0.13623689,True,CNV_high_candidate
GSM8848585_TGCGCTTAGGTATAGCACTTTAGG-1,GSM8848585,4,Fibroblast,0.014105776,False,reference_like
GSM8848585_TGCGCTTAGTGATGGTACTTTAGG-1,GSM8848585,11,Prostate epithelial - luminal,0.15662543,True,CNV_high_candidate
GSM8848585_TGCGGAATCACAAACAACTTTAGG-1,GSM8848585,14,Epithelial-like - uncertain,0.07697683,False,CNV_low_candidate
GSM8848585_TGCGGAATCACAGGATACTTTAGG-1,GSM8848585,8,Cycling,0.05142381,False,not_assessed
GSM8848585_TGCGGAATCCTGCCAGACTTTAGG-1,GSM8848585,8,Cycling,0.11896611,True,not_assessed
GSM8848585_TGCGGAATCTAAGTAGACTTTAGG-1,GSM8848585,9,Neuroendocrine-like,0.040539283,False,CNV_low_candidate
GSM8848585_TGCGGAATCTATCGGCACTTTAGG-1,GSM8848585,8,Cycling,0.044504944,False,not_assessed
GSM8848585_TGCGGTTTCCCAAATTACTTTAGG-1,GSM8848585,8,Cycling,0.023928529,False,not_assessed
GSM8848585_TGCGGTTTCTGGCCCAACTTTAGG-1,GSM8848585,11,Prostate epithelial - luminal,0.07668724,False,CNV_low_candidate
GSM8848585_TGCTAACGTACGGTTTACTTTAGG-1,GSM8848585,11,Prostate epithelial - luminal,0.15274662,True,CNV_high_candidate
GSM8848585_TGCTAACGTTGGGCGAACTTTAGG-1,GSM8848585,9,Neuroendocrine-like,0.015617801,False,CNV_low_candidate
GSM8848585_TGCTATTAGGCCATGAACTTTAGG-1,GSM8848585,4,Fibroblast,0.020422533,False,reference_like
GSM8848585_TGCTCCACAATAAGCTACTTTAGG-1,GSM8848585,9,Neuroendocrine-like,0.048204742,False,CNV_low_candidate
GSM8848585_TGCTGGTTCACCCTCCACTTTAGG-1,GSM8848585,14,Epithelial-like - uncertain,0.067165315,False,CNV_low_candidate
GSM8848585_TGCTGGTTCTTAAGCTACTTTAGG-1,GSM8848585,9,Neuroendocrine-like,0.026219638,False,CNV_low_candidate
GSM8848585_TGCTTAAGTACGAACAACTTTAGG-1,GSM8848585,7,Neuroendocrine-like,0.021011269,False,CNV_low_candidate
GSM8848585_TGCTTGATCATGACAAACTTTAGG-1,GSM8848585,14,Epithelial-like - uncertain,0.049551252,False,CNV_low_candidate
GSM8848585_TGCTTGATCATTGTACACTTTAGG-1,GSM8848585,11,Prostate epithelial - luminal,0.10285287,True,CNV_high_candidate
GSM8848585_TGCTTGATCCTTTCTAACTTTAGG-1,GSM8848585,11,Prostate epithelial - luminal,0.07890107,False,CNV_low_candidate
GSM8848585_TGGAAACTCCATCCTTACTTTAGG-1,GSM8848585,11,Prostate epithelial - luminal,0.07413122,False,CNV_low_candidate
GSM8848585_TGGAAACTCGCGCATTACTTTAGG-1,GSM8848585,7,Neuroendocrine-like,0.02448804,False,CNV_low_candidate
GSM8848585_TGGACAAGTATAGCGAACTTTAGG-1,GSM8848585,7,Neuroendocrine-like,0.02297832,False,CNV_low_candidate
GSM8848585_TGGACAAGTATGGGACACTTTAGG-1,GSM8848585,11,Prostate epithelial - luminal,0.04244853,False,CNV_low_candidate
GSM8848585_TGGACAAGTTACTCCCACTTTAGG-1,GSM8848585,9,Neuroendocrine-like,0.022707563,False,CNV_low_candidate
GSM8848585_TGGACAAGTTAGCATCACTTTAGG-1,GSM8848585,7,Neuroendocrine-like,0.028625721,False,CNV_low_candidate
GSM8848585_TGGACAAGTTAGGCTTACTTTAGG-1,GSM8848585,7,Neuroendocrine-like,0.08073358,False,CNV_low_candidate
GSM8848585_TGGATCGAGCAAATTGACTTTAGG-1,GSM8848585,4,Fibroblast,0.054823067,False,reference_like
GSM8848585_TGGATCGAGTGAGGAAACTTTAGG-1,GSM8848585,8,Cycling,0.1399122,True,not_assessed
GSM8848585_TGGATTAAGGTGGATTACTTTAGG-1,GSM8848585,9,Neuroendocrine-like,0.040810846,False,CNV_low_candidate
GSM8848585_TGGATTCGTCGGTTATACTTTAGG-1,GSM8848585,8,Cycling,0.02703346,False,not_assessed
GSM8848585_TGGATTCGTTAACGTCACTTTAGG-1,GSM8848585,11,Prostate epithelial - luminal,0.10305784,True,CNV_high_candidate
GSM8848585_TGGATTCGTTAATGCCACTTTAGG-1,GSM8848585,8,Cycling,0.0862036,False,not_assessed
GSM8848585_TGGCAATAGACCAGGCACTTTAGG-1,GSM8848585,8,Cycling,0.06444889,False,not_assessed
GSM8848585_TGGCAATAGATATTGGACTTTAGG-1,GSM8848585,11,Prostate epithelial - luminal,0.16519147,True,CNV_high_candidate
GSM8848585_TGGCAATAGCAAGACTACTTTAGG-1,GSM8848585,13,Neuroendocrine-like,0.03380878,False,CNV_low_candidate
GSM8848585_TGGCGGTAGATAACCAACTTTAGG-1,GSM8848585,4,Fibroblast,0.032518774,False,reference_like
GSM8848585_TGGCGGTAGGTCAATAACTTTAGG-1,GSM8848585,11,Prostate epithelial - luminal,0.030538818,False,CNV_low_candidate
GSM8848585_TGGCGGTAGTCCTGCGACTTTAGG-1,GSM8848585,7,Neuroendocrine-like,0.023420824,False,CNV_low_candidate
GSM8848585_TGGCGGTAGTCTGTGCACTTTAGG-1,GSM8848585,11,Prostate epithelial - luminal,0.07254042,False,CNV_low_candidate
GSM8848585_TGGCGTGCAGGATCCGACTTTAGG-1,GSM8848585,9,Neuroendocrine-like,0.02350119,False,CNV_low_candidate
GSM8848585_TGGCTACTCATGAATGACTTTAGG-1,GSM8848585,9,Neuroendocrine-like,0.023781719,False,CNV_low_candidate
GSM8848585_TGGCTACTCCAATGAAACTTTAGG-1,GSM8848585,13,Neuroendocrine-like,0.03473956,False,CNV_low_candidate
GSM8848585_TGGCTACTCGACCCATACTTTAGG-1,GSM8848585,4,Fibroblast,0.04560652,False,reference_like
GSM8848585_TGGCTACTCGCCTCTCACTTTAGG-1,GSM8848585,9,Neuroendocrine-like,0.06958544,False,CNV_low_candidate
GSM8848585_TGGGACATCAAGTTTCACTTTAGG-1,GSM8848585,7,Neuroendocrine-like,0.030285181,False,CNV_low_candidate
GSM8848585_TGGGACATCACGTTCAACTTTAGG-1,GSM8848585,11,Prostate epithelial - luminal,0.041192766,False,CNV_low_candidate
GSM8848585_TGGGACATCATGCGTCACTTTAGG-1,GSM8848585,9,Neuroendocrine-like,0.022375003,False,CNV_low_candidate
GSM8848585_TGGGACATCCAGAAACACTTTAGG-1,GSM8848585,11,Prostate epithelial - luminal,0.13482286,True,CNV_high_candidate
GSM8848585_TGGGACATCCTTGAGCACTTTAGG-1,GSM8848585,11,Prostate epithelial - luminal,0.066295765,False,CNV_low_candidate
GSM8848585_TGGGACATCGCCTATAACTTTAGG-1,GSM8848585,13,Neuroendocrine-like,0.075265475,False,CNV_low_candidate
GSM8848585_TGGGCCACAAGTAAGAACTTTAGG-1,GSM8848585,11,Prostate epithelial - luminal,0.1120161,True,CNV_high_candidate
GSM8848585_TGGGCCACATCGGGCAACTTTAGG-1,GSM8848585,10,Activated fibroblast,0.053286124,False,reference_like
GSM8848585_TGGGCGTAGATTATCCACTTTAGG-1,GSM8848585,9,Neuroendocrine-like,0.058327653,False,CNV_low_candidate
GSM8848585_TGGGTCCGTTAACGAGACTTTAGG-1,GSM8848585,11,Prostate epithelial - luminal,0.09459784,False,CNV_low_candidate
GSM8848585_TGGGTCCGTTACTCCCACTTTAGG-1,GSM8848585,11,Prostate epithelial - luminal,0.15597364,True,CNV_high_candidate
GSM8848585_TGGGTCCGTTGCGGCTACTTTAGG-1,GSM8848585,8,Cycling,0.030279374,False,not_assessed
GSM8848585_TGGGTTTGTTAATCCAACTTTAGG-1,GSM8848585,9,Neuroendocrine-like,0.023412945,False,CNV_low_candidate
GSM8848585_TGGTAGTAGCGCTCCAACTTTAGG-1,GSM8848585,11,Prostate epithelial - luminal,0.01899085,False,CNV_low_candidate
GSM8848585_TGGTCTATCGAAGCATACTTTAGG-1,GSM8848585,11,Prostate epithelial - luminal,0.04666114,False,CNV_low_candidate
GSM8848585_TGGTGAAGTACACCCAACTTTAGG-1,GSM8848585,7,Neuroendocrine-like,0.02062964,False,CNV_low_candidate
GSM8848585_TGGTGAAGTCATTTAGACTTTAGG-1,GSM8848585,11,Prostate epithelial - luminal,0.05791795,False,CNV_low_candidate
GSM8848585_TGGTGAGTCACGAACGACTTTAGG-1,GSM8848585,7,Neuroendocrine-like,0.013403439,False,CNV_low_candidate
GSM8848585_TGGTGAGTCATAATCCACTTTAGG-1,GSM8848585,9,Neuroendocrine-like,0.040964782,False,CNV_low_candidate
GSM8848585_TGGTGAGTCGTAGTTTACTTTAGG-1,GSM8848585,11,Prostate epithelial - luminal,0.020660812,False,CNV_low_candidate
GSM8848585_TGGTGAGTCTGTCAATACTTTAGG-1,GSM8848585,11,Prostate epithelial - luminal,0.07201364,False,CNV_low_candidate
GSM8848585_TGGTGCTTCCGTTAGCACTTTAGG-1,GSM8848585,8,Cycling,0.045326736,False,not_assessed
GSM8848585_TGGTGCTTCCTCACGGACTTTAGG-1,GSM8848585,11,Prostate epithelial - luminal,0.09154985,False,CNV_low_candidate
GSM8848585_TGGTGCTTCTGGAAACACTTTAGG-1,GSM8848585,11,Prostate epithelial - luminal,0.15871216,True,CNV_high_candidate
GSM8848585_TGGTGTGAGTCATGAAACTTTAGG-1,GSM8848585,9,Neuroendocrine-like,0.08680498,False,CNV_low_candidate
GSM8848585_TGGTGTGAGTTTGGTTACTTTAGG-1,GSM8848585,9,Neuroendocrine-like,0.05215895,False,CNV_low_candidate
GSM8848585_TGGTTAAAGACAGACTACTTTAGG-1,GSM8848585,8,Cycling,0.045589264,False,not_assessed
GSM8848585_TGGTTAAAGCCCGTTGACTTTAGG-1,GSM8848585,11,Prostate epithelial - luminal,0.15136707,True,CNV_high_candidate
GSM8848585_TGGTTAAAGGTCAATAACTTTAGG-1,GSM8848585,9,Neuroendocrine-like,0.07187224,False,CNV_low_candidate
GSM8848585_TGGTTACGTAAACCCTACTTTAGG-1,GSM8848585,7,Neuroendocrine-like,0.03132982,False,CNV_low_candidate
GSM8848585_TGGTTACGTCTCAGCAACTTTAGG-1,GSM8848585,11,Prostate epithelial - luminal,0.019863376,False,CNV_low_candidate
GSM8848585_TGGTTACGTGGCTCACACTTTAGG-1,GSM8848585,7,Neuroendocrine-like,0.024656262,False,CNV_low_candidate
GSM8848585_TGGTTAGCAGACTCAAACTTTAGG-1,GSM8848585,7,Neuroendocrine-like,0.026272139,False,CNV_low_candidate
GSM8848585_TGGTTAGCATTGTGAGACTTTAGG-1,GSM8848585,7,Neuroendocrine-like,0.03218894,False,CNV_low_candidate
GSM8848585_TGGTTCATCAGCACAGACTTTAGG-1,GSM8848585,4,Fibroblast,0.04766908,False,reference_like
GSM8848585_TGGTTCATCCTGCAACACTTTAGG-1,GSM8848585,9,Neuroendocrine-like,0.037750393,False,CNV_low_candidate
GSM8848585_TGGTTCATCTATCTGGACTTTAGG-1,GSM8848585,9,Neuroendocrine-like,0.032621186,False,CNV_low_candidate
GSM8848585_TGGTTTAGTACGGTTTACTTTAGG-1,GSM8848585,11,Prostate epithelial - luminal,0.07442198,False,CNV_low_candidate
GSM8848585_TGGTTTGTCCATCCTTACTTTAGG-1,GSM8848585,11,Prostate epithelial - luminal,0.10333834,True,CNV_high_candidate
GSM8848585_TGTAACCGTGATCCTGACTTTAGG-1,GSM8848585,9,Neuroendocrine-like,0.023578692,False,CNV_low_candidate
GSM8848585_TGTAACTTCAGGGCACACTTTAGG-1,GSM8848585,8,Cycling,0.020690408,False,not_assessed
GSM8848585_TGTAAGTCACAGCCAGACTTTAGG-1,GSM8848585,9,Neuroendocrine-like,0.025227679,False,CNV_low_candidate
GSM8848585_TGTATTGGTGCGATAAACTTTAGG-1,GSM8848585,11,Prostate epithelial - luminal,0.02460465,False,CNV_low_candidate
GSM8848585_TGTATTGGTTTGACTAACTTTAGG-1,GSM8848585,7,Neuroendocrine-like,0.018921927,False,CNV_low_candidate
GSM8848585_TGTCAGGAGATGAACCACTTTAGG-1,GSM8848585,11,Prostate epithelial - luminal,0.082515806,False,CNV_low_candidate
GSM8848585_TGTCAGGAGCATCTATACTTTAGG-1,GSM8848585,7,Neuroendocrine-like,0.084699765,False,CNV_low_candidate
GSM8848585_TGTCATCCAATCTCTAACTTTAGG-1,GSM8848585,9,Neuroendocrine-like,0.0429783,False,CNV_low_candidate
GSM8848585_TGTCATCCACCTAAAGACTTTAGG-1,GSM8848585,9,Neuroendocrine-like,0.023295589,False,CNV_low_candidate
GSM8848585_TGTCATCCATATGGTGACTTTAGG-1,GSM8848585,7,Neuroendocrine-like,0.027625596,False,CNV_low_candidate
GSM8848585_TGTCATCCATCATCACACTTTAGG-1,GSM8848585,4,Fibroblast,0.03298647,False,reference_like
GSM8848585_TGTCCAGGTTAGTAGGACTTTAGG-1,GSM8848585,9,Neuroendocrine-like,0.048823446,False,CNV_low_candidate
GSM8848585_TGTCCAGGTTCGAATCACTTTAGG-1,GSM8848585,9,Neuroendocrine-like,0.03308376,False,CNV_low_candidate
GSM8848585_TGTCCTTTCACAAATGACTTTAGG-1,GSM8848585,8,Cycling,0.12673652,True,not_assessed
GSM8848585_TGTCGAGAGCGATAACACTTTAGG-1,GSM8848585,9,Neuroendocrine-like,0.07378678,False,CNV_low_candidate
GSM8848585_TGTCGAGAGGACAAGAACTTTAGG-1,GSM8848585,14,Epithelial-like - uncertain,0.038643204,False,CNV_low_candidate
GSM8848585_TGTCGAGAGGTTCCGTACTTTAGG-1,GSM8848585,9,Neuroendocrine-like,0.038595427,False,CNV_low_candidate
GSM8848585_TGTCTTGAGACAACACACTTTAGG-1,GSM8848585,12,Stress/hypoxia-like,0.03134496,False,not_assessed
GSM8848585_TGTCTTGAGTCACACCACTTTAGG-1,GSM8848585,8,Cycling,0.038253322,False,not_assessed
GSM8848585_TGTGAGCCAATACCCTACTTTAGG-1,GSM8848585,9,Neuroendocrine-like,0.032136906,False,CNV_low_candidate
GSM8848585_TGTGAGCCAATAGAAGACTTTAGG-1,GSM8848585,14,Epithelial-like - uncertain,0.05480969,False,CNV_low_candidate
GSM8848585_TGTGAGCCAGGTATTGACTTTAGG-1,GSM8848585,11,Prostate epithelial - luminal,0.061067607,False,CNV_low_candidate
GSM8848585_TGTGAGCCATTGCCGCACTTTAGG-1,GSM8848585,8,Cycling,0.028162956,False,not_assessed
GSM8848585_TGTGAGGTCGATTAAGACTTTAGG-1,GSM8848585,8,Cycling,0.020889359,False,not_assessed
GSM8848585_TGTGAGGTCGCTTGACACTTTAGG-1,GSM8848585,8,Cycling,0.04071134,False,not_assessed
GSM8848585_TGTGCGCGTCAACATCACTTTAGG-1,GSM8848585,7,Neuroendocrine-like,0.09994237,True,CNV_high_candidate
GSM8848585_TGTGCGCGTTCCGCAAACTTTAGG-1,GSM8848585,5,T/NK lymphocyte,0.023855386,False,reference_like
GSM8848585_TGTGGCGCAAGATAAGACTTTAGG-1,GSM8848585,4,Fibroblast,0.048855584,False,reference_like
GSM8848585_TGTGGCGCACAATGGCACTTTAGG-1,GSM8848585,11,Prostate epithelial - luminal,0.045915935,False,CNV_low_candidate
GSM8848585_TGTGGCGCAGAGGCTTACTTTAGG-1,GSM8848585,9,Neuroendocrine-like,0.06123987,False,CNV_low_candidate
GSM8848585_TGTGGCGCATTTCGCGACTTTAGG-1,GSM8848585,9,Neuroendocrine-like,0.02382324,False,CNV_low_candidate
GSM8848585_TGTGGGTCAACTAGTGACTTTAGG-1,GSM8848585,9,Neuroendocrine-like,0.029323658,False,CNV_low_candidate
GSM8848585_TGTGGGTCATGCGCAGACTTTAGG-1,GSM8848585,7,Neuroendocrine-like,0.024287736,False,CNV_low_candidate
GSM8848585_TGTGGGTCATTAGTGGACTTTAGG-1,GSM8848585,9,Neuroendocrine-like,0.020406822,False,CNV_low_candidate
GSM8848585_TGTGGGTCATTGAACGACTTTAGG-1,GSM8848585,11,Prostate epithelial - luminal,0.11210439,True,CNV_high_candidate
GSM8848585_TGTGTCCAGACAACTAACTTTAGG-1,GSM8848585,9,Neuroendocrine-like,0.028170664,False,CNV_low_candidate
GSM8848585_TGTGTCCAGACTAATGACTTTAGG-1,GSM8848585,13,Neuroendocrine-like,0.069472305,False,CNV_low_candidate
GSM8848585_TGTGTCCAGAGGAGTAACTTTAGG-1,GSM8848585,9,Neuroendocrine-like,0.027593289,False,CNV_low_candidate
GSM8848585_TGTGTCCAGCGGGACTACTTTAGG-1,GSM8848585,7,Neuroendocrine-like,0.01970524,False,CNV_low_candidate
GSM8848585_TGTGTCCAGGTTAGTAACTTTAGG-1,GSM8848585,11,Prostate epithelial - luminal,0.03055508,False,CNV_low_candidate
GSM8848585_TGTGTGACAGCTGCTCACTTTAGG-1,GSM8848585,11,Prostate epithelial - luminal,0.03822539,False,CNV_low_candidate
GSM8848585_TGTGTGACAGGTTTCTACTTTAGG-1,GSM8848585,7,Neuroendocrine-like,0.050886206,False,CNV_low_candidate
GSM8848585_TGTGTGACATTTATCGACTTTAGG-1,GSM8848585,9,Neuroendocrine-like,0.0334494,False,CNV_low_candidate
GSM8848585_TGTTAGCGTTCGATGTACTTTAGG-1,GSM8848585,11,Prostate epithelial - luminal,0.1454736,True,CNV_high_candidate
GSM8848585_TGTTAGTTCAAGCGATACTTTAGG-1,GSM8848585,4,Fibroblast,0.07443116,False,reference_like
GSM8848585_TGTTAGTTCCGCTATAACTTTAGG-1,GSM8848585,14,Epithelial-like - uncertain,0.04450018,False,CNV_low_candidate
GSM8848585_TGTTAGTTCCTCACTTACTTTAGG-1,GSM8848585,8,Cycling,0.029410448,False,not_assessed
GSM8848585_TGTTAGTTCGCTCAGTACTTTAGG-1,GSM8848585,9,Neuroendocrine-like,0.017131427,False,CNV_low_candidate
GSM8848585_TGTTCAAGTGTGATGAACTTTAGG-1,GSM8848585,4,Fibroblast,0.07087821,False,reference_like
GSM8848585_TGTTCCTTCACATTCGACTTTAGG-1,GSM8848585,9,Neuroendocrine-like,0.04759129,False,CNV_low_candidate
GSM8848585_TGTTCCTTCATCGATTACTTTAGG-1,GSM8848585,11,Prostate epithelial - luminal,0.10495536,True,CNV_high_candidate
GSM8848585_TGTTCCTTCGCACACTACTTTAGG-1,GSM8848585,11,Prostate epithelial - luminal,0.098002,False,CNV_low_candidate
GSM8848585_TGTTCTTGTGCGCAAGACTTTAGG-1,GSM8848585,9,Neuroendocrine-like,0.14263424,True,CNV_high_candidate
GSM8848585_TGTTCTTGTGGCCCATACTTTAGG-1,GSM8848585,9,Neuroendocrine-like,0.025365368,False,CNV_low_candidate
GSM8848585_TGTTGACGTAATTGCCACTTTAGG-1,GSM8848585,11,Prostate epithelial - luminal,0.15514416,True,CNV_high_candidate
GSM8848585_TGTTGACGTCCAGCTAACTTTAGG-1,GSM8848585,9,Neuroendocrine-like,0.025772175,False,CNV_low_candidate
GSM8848585_TGTTGACGTCCTGAGCACTTTAGG-1,GSM8848585,8,Cycling,0.06692115,False,not_assessed
GSM8848585_TGTTGACGTGTGATGAACTTTAGG-1,GSM8848585,11,Prostate epithelial - luminal,0.10245779,True,CNV_high_candidate
GSM8848585_TGTTGAGCAATAGAAGACTTTAGG-1,GSM8848585,9,Neuroendocrine-like,0.045246657,False,CNV_low_candidate
GSM8848585_TGTTGAGCATTTCATGACTTTAGG-1,GSM8848585,7,Neuroendocrine-like,0.022131575,False,CNV_low_candidate
GSM8848585_TGTTGCATCAGTAGCGACTTTAGG-1,GSM8848585,9,Neuroendocrine-like,0.04029512,False,CNV_low_candidate
GSM8848585_TGTTGCATCCTTATGGACTTTAGG-1,GSM8848585,9,Neuroendocrine-like,0.017808715,False,CNV_low_candidate
GSM8848585_TGTTGTCCATAATGACACTTTAGG-1,GSM8848585,4,Fibroblast,0.06447832,False,reference_like
GSM8848585_TGTTGTCCATTGTGTCACTTTAGG-1,GSM8848585,4,Fibroblast,0.097337484,False,reference_like
GSM8848585_TGTTTCGAGCGGGACTACTTTAGG-1,GSM8848585,8,Cycling,0.052895695,False,not_assessed
GSM8848585_TGTTTGAGTAAGGCTAACTTTAGG-1,GSM8848585,11,Prostate epithelial - luminal,0.016304294,False,CNV_low_candidate
GSM8848585_TGTTTGAGTAGCCTTGACTTTAGG-1,GSM8848585,9,Neuroendocrine-like,0.04252921,False,CNV_low_candidate
GSM8848585_TGTTTGAGTATTGGGAACTTTAGG-1,GSM8848585,11,Prostate epithelial - luminal,0.07337429,False,CNV_low_candidate
GSM8848585_TGTTTGAGTTCGGTATACTTTAGG-1,GSM8848585,9,Neuroendocrine-like,0.08418472,False,CNV_low_candidate
GSM8848585_TTAAACCTCCATAGAAACTTTAGG-1,GSM8848585,8,Cycling,0.061273325,False,not_assessed
GSM8848585_TTAAACCTCCGAATTTACTTTAGG-1,GSM8848585,9,Neuroendocrine-like,0.019765103,False,CNV_low_candidate
GSM8848585_TTAACCGTCAAACCAAACTTTAGG-1,GSM8848585,9,Neuroendocrine-like,0.05405229,False,CNV_low_candidate
GSM8848585_TTAACCGTCCAACAGGACTTTAGG-1,GSM8848585,12,Stress/hypoxia-like,0.04528918,False,not_assessed
GSM8848585_TTAACCGTCCATAAAGACTTTAGG-1,GSM8848585,8,Cycling,0.042117048,False,not_assessed
GSM8848585_TTAACGTTCCGCCATGACTTTAGG-1,GSM8848585,11,Prostate epithelial - luminal,0.06418075,False,CNV_low_candidate
GSM8848585_TTAACGTTCGGTACAGACTTTAGG-1,GSM8848585,3,Endothelial,0.070823714,False,reference_like
GSM8848585_TTAAGGATCACAGGGCACTTTAGG-1,GSM8848585,7,Neuroendocrine-like,0.031846177,False,CNV_low_candidate
GSM8848585_TTAAGGATCACCACACACTTTAGG-1,GSM8848585,11,Prostate epithelial - luminal,0.080905855,False,CNV_low_candidate
GSM8848585_TTAAGGATCGTGATGGACTTTAGG-1,GSM8848585,11,Prostate epithelial - luminal,0.11041577,True,CNV_high_candidate
GSM8848585_TTAAGGTCAAACAATCACTTTAGG-1,GSM8848585,8,Cycling,0.045925524,False,not_assessed
GSM8848585_TTAAGGTCACCTTTGGACTTTAGG-1,GSM8848585,9,Neuroendocrine-like,0.02101196,False,CNV_low_candidate
GSM8848585_TTAAGGTCACGGTACGACTTTAGG-1,GSM8848585,9,Neuroendocrine-like,0.030184932,False,CNV_low_candidate
GSM8848585_TTACACCCACACAAATACTTTAGG-1,GSM8848585,11,Prostate epithelial - luminal,0.14954908,True,CNV_high_candidate
GSM8848585_TTACACCCACCTACTGACTTTAGG-1,GSM8848585,11,Prostate epithelial - luminal,0.10847126,True,CNV_high_candidate
GSM8848585_TTACCATAGACTAATGACTTTAGG-1,GSM8848585,11,Prostate epithelial - luminal,0.13181412,True,CNV_high_candidate
GSM8848585_TTACCATAGGGTCTAGACTTTAGG-1,GSM8848585,6,Macrophage,0.035561934,False,reference_like
GSM8848585_TTACCTTGTCCAGCTAACTTTAGG-1,GSM8848585,9,Neuroendocrine-like,0.06308681,False,CNV_low_candidate
GSM8848585_TTACGGACAGGATGCTACTTTAGG-1,GSM8848585,7,Neuroendocrine-like,0.03682487,False,CNV_low_candidate
GSM8848585_TTACGGACAGGTCAACACTTTAGG-1,GSM8848585,4,Fibroblast,0.071496904,False,reference_like
GSM8848585_TTACTTCGTACGTTACACTTTAGG-1,GSM8848585,11,Prostate epithelial - luminal,0.09211887,False,CNV_low_candidate
GSM8848585_TTACTTCGTCATGCATACTTTAGG-1,GSM8848585,5,T/NK lymphocyte,0.048535615,False,reference_like
GSM8848585_TTACTTGCAAGAAATGACTTTAGG-1,GSM8848585,6,Macrophage,0.014948248,False,reference_like
GSM8848585_TTACTTGCACCTTTGGACTTTAGG-1,GSM8848585,7,Neuroendocrine-like,0.11352672,True,CNV_high_candidate
GSM8848585_TTAGAGCAGACCAGGCACTTTAGG-1,GSM8848585,14,Epithelial-like - uncertain,0.017473733,False,CNV_low_candidate
GSM8848585_TTAGAGCAGGAACCATACTTTAGG-1,GSM8848585,7,Neuroendocrine-like,0.02482996,False,CNV_low_candidate
GSM8848585_TTAGAGCAGGAGCCGTACTTTAGG-1,GSM8848585,11,Prostate epithelial - luminal,0.023454962,False,CNV_low_candidate
GSM8848585_TTAGAGCAGTTGACCCACTTTAGG-1,GSM8848585,11,Prostate epithelial - luminal,0.1187141,True,CNV_high_candidate
GSM8848585_TTAGCCGGTAGGTTTCACTTTAGG-1,GSM8848585,9,Neuroendocrine-like,0.025929665,False,CNV_low_candidate
GSM8848585_TTAGCCGGTGGCTCACACTTTAGG-1,GSM8848585,9,Neuroendocrine-like,0.03746329,False,CNV_low_candidate
GSM8848585_TTAGCGGAGGATTATGACTTTAGG-1,GSM8848585,11,Prostate epithelial - luminal,0.088411324,False,CNV_low_candidate
GSM8848585_TTAGCGGAGTTACCCAACTTTAGG-1,GSM8848585,12,Stress/hypoxia-like,0.04262745,False,not_assessed
GSM8848585_TTAGGTTTCCGCAATCACTTTAGG-1,GSM8848585,8,Cycling,0.050930634,False,not_assessed
GSM8848585_TTAGGTTTCCGCCACAACTTTAGG-1,GSM8848585,7,Neuroendocrine-like,0.048849817,False,CNV_low_candidate
GSM8848585_TTAGGTTTCGATGAACACTTTAGG-1,GSM8848585,11,Prostate epithelial - luminal,0.08192052,False,CNV_low_candidate
GSM8848585_TTAGGTTTCGCTTCAAACTTTAGG-1,GSM8848585,9,Neuroendocrine-like,0.021703519,False,CNV_low_candidate
GSM8848585_TTAGTCGTCAGCACGAACTTTAGG-1,GSM8848585,5,T/NK lymphocyte,0.043162752,False,reference_like
GSM8848585_TTAGTCGTCGAAGCATACTTTAGG-1,GSM8848585,7,Neuroendocrine-like,0.024317756,False,CNV_low_candidate
GSM8848585_TTAGTTGGTATAGCGAACTTTAGG-1,GSM8848585,9,Neuroendocrine-like,0.039775733,False,CNV_low_candidate
GSM8848585_TTAGTTGGTGTGACCCACTTTAGG-1,GSM8848585,4,Fibroblast,0.05909079,False,reference_like
GSM8848585_TTAGTTGGTTTACCGGACTTTAGG-1,GSM8848585,7,Neuroendocrine-like,0.02579034,False,CNV_low_candidate
GSM8848585_TTATCACAGACCTTTGACTTTAGG-1,GSM8848585,7,Neuroendocrine-like,0.030512616,False,CNV_low_candidate
GSM8848585_TTATCCTGTGCAATAGACTTTAGG-1,GSM8848585,8,Cycling,0.05008659,False,not_assessed
GSM8848585_TTATCGCCACCACATTACTTTAGG-1,GSM8848585,4,Fibroblast,0.07083165,False,reference_like
GSM8848585_TTATCGCCATATCGCTACTTTAGG-1,GSM8848585,8,Cycling,0.052059375,False,not_assessed
GSM8848585_TTATGTCAGGTATGGTACTTTAGG-1,GSM8848585,14,Epithelial-like - uncertain,0.08022725,False,CNV_low_candidate
GSM8848585_TTATGTCAGGTGCACAACTTTAGG-1,GSM8848585,9,Neuroendocrine-like,0.06548019,False,CNV_low_candidate
GSM8848585_TTATGTCAGTCGAAGTACTTTAGG-1,GSM8848585,13,Neuroendocrine-like,0.063724995,False,CNV_low_candidate
GSM8848585_TTATTGCAGGTGAATCACTTTAGG-1,GSM8848585,11,Prostate epithelial - luminal,0.05950423,False,CNV_low_candidate
GSM8848585_TTATTGGGTCAATACCACTTTAGG-1,GSM8848585,7,Neuroendocrine-like,0.023457164,False,CNV_low_candidate
GSM8848585_TTATTGGGTCCTCCATACTTTAGG-1,GSM8848585,11,Prostate epithelial - luminal,0.08199376,False,CNV_low_candidate
GSM8848585_TTATTGGGTTAAGCTCACTTTAGG-1,GSM8848585,11,Prostate epithelial - luminal,0.045481704,False,CNV_low_candidate
GSM8848585_TTCAACTAGCTGGGTAACTTTAGG-1,GSM8848585,4,Fibroblast,0.12783828,True,reference_like
GSM8848585_TTCAAGCGTCTGTGATACTTTAGG-1,GSM8848585,11,Prostate epithelial - luminal,0.062952414,False,CNV_low_candidate
GSM8848585_TTCAAGCGTTAGCATCACTTTAGG-1,GSM8848585,11,Prostate epithelial - luminal,0.057305645,False,CNV_low_candidate
GSM8848585_TTCATGAGTACCGCACACTTTAGG-1,GSM8848585,11,Prostate epithelial - luminal,0.07861064,False,CNV_low_candidate
GSM8848585_TTCATGAGTTAACGAGACTTTAGG-1,GSM8848585,7,Neuroendocrine-like,0.026259894,False,CNV_low_candidate
GSM8848585_TTCATGAGTTACTCCCACTTTAGG-1,GSM8848585,7,Neuroendocrine-like,0.047863744,False,CNV_low_candidate
GSM8848585_TTCATGCCATCCAAGAACTTTAGG-1,GSM8848585,11,Prostate epithelial - luminal,0.12609231,True,CNV_high_candidate
GSM8848585_TTCCAAAGTACGTTCGACTTTAGG-1,GSM8848585,8,Cycling,0.036418673,False,not_assessed
GSM8848585_TTCCAAAGTACTTATGACTTTAGG-1,GSM8848585,8,Cycling,0.04483587,False,not_assessed
GSM8848585_TTCCAAAGTCAAAGATACTTTAGG-1,GSM8848585,14,Epithelial-like - uncertain,0.04828956,False,CNV_low_candidate
GSM8848585_TTCCAAAGTGCGATAAACTTTAGG-1,GSM8848585,8,Cycling,0.13266298,True,not_assessed
GSM8848585_TTCCAACCAGATTGCAACTTTAGG-1,GSM8848585,9,Neuroendocrine-like,0.04732573,False,CNV_low_candidate
GSM8848585_TTCCATTGTAAGGCCGACTTTAGG-1,GSM8848585,9,Neuroendocrine-like,0.0231463,False,CNV_low_candidate
GSM8848585_TTCCATTGTGTTGCTGACTTTAGG-1,GSM8848585,8,Cycling,0.057561666,False,not_assessed
GSM8848585_TTCCGCACACACAAATACTTTAGG-1,GSM8848585,7,Neuroendocrine-like,0.03132856,False,CNV_low_candidate
GSM8848585_TTCCGCACACACTAAGACTTTAGG-1,GSM8848585,8,Cycling,0.081410296,False,not_assessed
GSM8848585_TTCCTCAGTCTCAGCAACTTTAGG-1,GSM8848585,11,Prostate epithelial - luminal,0.05134206,False,CNV_low_candidate
GSM8848585_TTCCTCAGTGGTGAGTACTTTAGG-1,GSM8848585,9,Neuroendocrine-like,0.06732344,False,CNV_low_candidate
GSM8848585_TTCCTCGTCAATCCTGACTTTAGG-1,GSM8848585,8,Cycling,0.055793073,False,not_assessed
GSM8848585_TTCCTCGTCCGGACAAACTTTAGG-1,GSM8848585,9,Neuroendocrine-like,0.03969331,False,CNV_low_candidate
GSM8848585_TTCCTCGTCTGGCTACACTTTAGG-1,GSM8848585,8,Cycling,0.04594534,False,not_assessed
GSM8848585_TTCCTCTAGGACTTGGACTTTAGG-1,GSM8848585,8,Cycling,0.04948946,False,not_assessed
GSM8848585_TTCCTCTAGTCATAAGACTTTAGG-1,GSM8848585,11,Prostate epithelial - luminal,0.06574627,False,CNV_low_candidate
GSM8848585_TTCCTCTAGTCGAAACACTTTAGG-1,GSM8848585,8,Cycling,0.08066099,False,not_assessed
GSM8848585_TTCCTTTCACTTCGATACTTTAGG-1,GSM8848585,9,Neuroendocrine-like,0.031112492,False,CNV_low_candidate
GSM8848585_TTCGAGGAGTAACGTAACTTTAGG-1,GSM8848585,7,Neuroendocrine-like,0.026322603,False,CNV_low_candidate
GSM8848585_TTCGATAGTTGCACGCACTTTAGG-1,GSM8848585,8,Cycling,0.051284567,False,not_assessed
GSM8848585_TTCGATGTCAGCATGGACTTTAGG-1,GSM8848585,9,Neuroendocrine-like,0.037016977,False,CNV_low_candidate
GSM8848585_TTCGATGTCATAATGGACTTTAGG-1,GSM8848585,4,Fibroblast,0.024759836,False,reference_like
GSM8848585_TTCGATGTCTCAAGAAACTTTAGG-1,GSM8848585,9,Neuroendocrine-like,0.019182952,False,CNV_low_candidate
GSM8848585_TTCGATGTCTGTCAGCACTTTAGG-1,GSM8848585,14,Epithelial-like - uncertain,0.021051856,False,CNV_low_candidate
GSM8848585_TTCGATTAGTGTAATGACTTTAGG-1,GSM8848585,9,Neuroendocrine-like,0.029146591,False,CNV_low_candidate
GSM8848585_TTCGCCACAAAGGTAAACTTTAGG-1,GSM8848585,9,Neuroendocrine-like,0.039594784,False,CNV_low_candidate
GSM8848585_TTCGCCACACCTTCAGACTTTAGG-1,GSM8848585,8,Cycling,0.05979656,False,not_assessed
GSM8848585_TTCGCCACACCTTCTCACTTTAGG-1,GSM8848585,13,Neuroendocrine-like,0.04575802,False,CNV_low_candidate
GSM8848585_TTCGCCACACGGTAACACTTTAGG-1,GSM8848585,4,Fibroblast,0.06521248,False,reference_like
GSM8848585_TTCGCCACACTCAATCACTTTAGG-1,GSM8848585,11,Prostate epithelial - luminal,0.13222945,True,CNV_high_candidate
GSM8848585_TTCGCCACAGTTATCCACTTTAGG-1,GSM8848585,4,Fibroblast,0.042545795,False,reference_like
GSM8848585_TTCGCCTGTGGACCCTACTTTAGG-1,GSM8848585,9,Neuroendocrine-like,0.030181201,False,CNV_low_candidate
GSM8848585_TTCGCCTGTTAAGGATACTTTAGG-1,GSM8848585,11,Prostate epithelial - luminal,0.10734336,True,CNV_high_candidate
GSM8848585_TTCGCGCCAACTAAACACTTTAGG-1,GSM8848585,8,Cycling,0.072446086,False,not_assessed
GSM8848585_TTCGCGCCATATAGGTACTTTAGG-1,GSM8848585,8,Cycling,0.087158814,False,not_assessed
GSM8848585_TTCGGTCAGATTCATCACTTTAGG-1,GSM8848585,7,Neuroendocrine-like,0.022503166,False,CNV_low_candidate
GSM8848585_TTCGGTCAGGCCTCTGACTTTAGG-1,GSM8848585,7,Neuroendocrine-like,0.14009361,True,CNV_high_candidate
GSM8848585_TTCGGTCAGTTTCGGCACTTTAGG-1,GSM8848585,11,Prostate epithelial - luminal,0.030226978,False,CNV_low_candidate
GSM8848585_TTCGTTCTCAAGGTACACTTTAGG-1,GSM8848585,14,Epithelial-like - uncertain,0.06600882,False,CNV_low_candidate
GSM8848585_TTCGTTCTCACAAATGACTTTAGG-1,GSM8848585,9,Neuroendocrine-like,0.026676266,False,CNV_low_candidate
GSM8848585_TTCGTTCTCACCTGTAACTTTAGG-1,GSM8848585,14,Epithelial-like - uncertain,0.07419919,False,CNV_low_candidate
GSM8848585_TTCGTTCTCAGGCATGACTTTAGG-1,GSM8848585,10,Activated fibroblast,0.079332106,False,reference_like
GSM8848585_TTCGTTCTCATCCCAAACTTTAGG-1,GSM8848585,11,Prostate epithelial - luminal,0.11991789,True,CNV_high_candidate
GSM8848585_TTCGTTCTCGCAAATAACTTTAGG-1,GSM8848585,9,Neuroendocrine-like,0.03006569,False,CNV_low_candidate
GSM8848585_TTCTAAGGTACTGCCAACTTTAGG-1,GSM8848585,9,Neuroendocrine-like,0.056930374,False,CNV_low_candidate
GSM8848585_TTCTAAGGTAGTAACGACTTTAGG-1,GSM8848585,11,Prostate epithelial - luminal,0.040648106,False,CNV_low_candidate
GSM8848585_TTCTAAGGTATTCGTAACTTTAGG-1,GSM8848585,13,Neuroendocrine-like,0.042347454,False,CNV_low_candidate
GSM8848585_TTCTAAGGTGAAGCACACTTTAGG-1,GSM8848585,11,Prostate epithelial - luminal,0.058408484,False,CNV_low_candidate
GSM8848585_TTCTATCGTAGGTTTCACTTTAGG-1,GSM8848585,4,Fibroblast,0.07718433,False,reference_like
GSM8848585_TTCTATCGTGAACGTAACTTTAGG-1,GSM8848585,12,Stress/hypoxia-like,0.029375615,False,not_assessed
GSM8848585_TTCTATCGTGTGTCGCACTTTAGG-1,GSM8848585,9,Neuroendocrine-like,0.047547523,False,CNV_low_candidate
GSM8848585_TTCTCACTCCTTATGGACTTTAGG-1,GSM8848585,8,Cycling,0.054923125,False,not_assessed
GSM8848585_TTCTGGCAGCATGTGGACTTTAGG-1,GSM8848585,9,Neuroendocrine-like,0.0242567,False,CNV_low_candidate
GSM8848585_TTCTGGCAGGCCATTCACTTTAGG-1,GSM8848585,8,Cycling,0.0886086,False,not_assessed
GSM8848585_TTCTGGCAGGTAATTGACTTTAGG-1,GSM8848585,4,Fibroblast,0.12827906,True,reference_like
GSM8848585_TTCTGGCAGTGATTAGACTTTAGG-1,GSM8848585,3,Endothelial,0.034475077,False,reference_like
GSM8848585_TTCTGTGAGAAGCAAGACTTTAGG-1,GSM8848585,9,Neuroendocrine-like,0.04055581,False,CNV_low_candidate
GSM8848585_TTCTGTGAGCCCGTTGACTTTAGG-1,GSM8848585,8,Cycling,0.01870887,False,not_assessed
GSM8848585_TTCTGTGAGCTTCCTTACTTTAGG-1,GSM8848585,11,Prostate epithelial - luminal,0.15440993,True,CNV_high_candidate
GSM8848585_TTCTGTGAGGCGGATCACTTTAGG-1,GSM8848585,7,Neuroendocrine-like,0.04902723,False,CNV_low_candidate
GSM8848585_TTCTTGCTCAAAGGGAACTTTAGG-1,GSM8848585,14,Epithelial-like - uncertain,0.06685002,False,CNV_low_candidate
GSM8848585_TTCTTGCTCATAATGGACTTTAGG-1,GSM8848585,8,Cycling,0.02428961,False,not_assessed
GSM8848585_TTCTTGCTCGAACCGAACTTTAGG-1,GSM8848585,12,Stress/hypoxia-like,0.03107863,False,not_assessed
GSM8848585_TTCTTGCTCGTAACTTACTTTAGG-1,GSM8848585,8,Cycling,0.038949143,False,not_assessed
GSM8848585_TTGAAAGTCAATACAGACTTTAGG-1,GSM8848585,9,Neuroendocrine-like,0.023962105,False,CNV_low_candidate
GSM8848585_TTGAACAAGACAACACACTTTAGG-1,GSM8848585,11,Prostate epithelial - luminal,0.16955858,True,CNV_high_candidate
GSM8848585_TTGAACAAGTAATGGCACTTTAGG-1,GSM8848585,4,Fibroblast,0.10263772,True,reference_like
GSM8848585_TTGAACAAGTGCCCTGACTTTAGG-1,GSM8848585,6,Macrophage,0.048120104,False,reference_like
GSM8848585_TTGAACAAGTTTCGGCACTTTAGG-1,GSM8848585,11,Prostate epithelial - luminal,0.023897503,False,CNV_low_candidate
GSM8848585_TTGAATCTCCATCCAAACTTTAGG-1,GSM8848585,8,Cycling,0.032851778,False,not_assessed
GSM8848585_TTGAATCTCCTGGAAGACTTTAGG-1,GSM8848585,7,Neuroendocrine-like,0.03399722,False,CNV_low_candidate
GSM8848585_TTGACATTCACCCTCCACTTTAGG-1,GSM8848585,7,Neuroendocrine-like,0.047138136,False,CNV_low_candidate
GSM8848585_TTGACATTCTGGTCTAACTTTAGG-1,GSM8848585,8,Cycling,0.025272027,False,not_assessed
GSM8848585_TTGAGCGAGAAGCAAGACTTTAGG-1,GSM8848585,9,Neuroendocrine-like,0.030323433,False,CNV_low_candidate
GSM8848585_TTGAGCGAGGAACCTGACTTTAGG-1,GSM8848585,4,Fibroblast,0.06550176,False,reference_like
GSM8848585_TTGAGCGAGGTAGTTAACTTTAGG-1,GSM8848585,7,Neuroendocrine-like,0.024727259,False,CNV_low_candidate
GSM8848585_TTGAGGTAGGCTTAGGACTTTAGG-1,GSM8848585,9,Neuroendocrine-like,0.026394432,False,CNV_low_candidate
GSM8848585_TTGAGTAAGACAACTAACTTTAGG-1,GSM8848585,9,Neuroendocrine-like,0.02920082,False,CNV_low_candidate
GSM8848585_TTGAGTAAGGTTATCTACTTTAGG-1,GSM8848585,8,Cycling,0.021678118,False,not_assessed
GSM8848585_TTGATCAGTACTTATGACTTTAGG-1,GSM8848585,7,Neuroendocrine-like,0.01801784,False,CNV_low_candidate
GSM8848585_TTGCACGGTGGTTCTGACTTTAGG-1,GSM8848585,11,Prostate epithelial - luminal,0.04930373,False,CNV_low_candidate
GSM8848585_TTGCATCCACAATGGCACTTTAGG-1,GSM8848585,5,T/NK lymphocyte,0.03419295,False,reference_like
GSM8848585_TTGCATCCACGTAAATACTTTAGG-1,GSM8848585,7,Neuroendocrine-like,0.028054522,False,CNV_low_candidate
GSM8848585_TTGCGCAGTTTCCAAAACTTTAGG-1,GSM8848585,11,Prostate epithelial - luminal,0.0652459,False,CNV_low_candidate
GSM8848585_TTGCGCTAGGTAGACTACTTTAGG-1,GSM8848585,4,Fibroblast,0.018301772,False,reference_like
GSM8848585_TTGCGGGCAAGATAAGACTTTAGG-1,GSM8848585,4,Fibroblast,0.02223703,False,reference_like
GSM8848585_TTGCGGGCAGAAAGGTACTTTAGG-1,GSM8848585,8,Cycling,0.11071351,True,not_assessed
GSM8848585_TTGCGGTTCAGCCCTGACTTTAGG-1,GSM8848585,11,Prostate epithelial - luminal,0.057528205,False,CNV_low_candidate
GSM8848585_TTGCGGTTCCATTAACACTTTAGG-1,GSM8848585,6,Macrophage,0.015683573,False,reference_like
GSM8848585_TTGCGGTTCCTTTCGTACTTTAGG-1,GSM8848585,11,Prostate epithelial - luminal,0.1401761,True,CNV_high_candidate
GSM8848585_TTGCTCAAGCATGTGGACTTTAGG-1,GSM8848585,8,Cycling,0.0368176,False,not_assessed
GSM8848585_TTGCTCAAGGCGAGAGACTTTAGG-1,GSM8848585,11,Prostate epithelial - luminal,0.16925406,True,CNV_high_candidate
GSM8848585_TTGCTCAAGTACCAGGACTTTAGG-1,GSM8848585,7,Neuroendocrine-like,0.11219424,True,CNV_high_candidate
GSM8848585_TTGGCCAGTCATGCATACTTTAGG-1,GSM8848585,13,Neuroendocrine-like,0.08031821,False,CNV_low_candidate
GSM8848585_TTGGTCATCATGACAAACTTTAGG-1,GSM8848585,14,Epithelial-like - uncertain,0.040529627,False,CNV_low_candidate
GSM8848585_TTGGTCATCCGTCCAGACTTTAGG-1,GSM8848585,7,Neuroendocrine-like,0.04141735,False,CNV_low_candidate
GSM8848585_TTGGTTAGTCCACAATACTTTAGG-1,GSM8848585,8,Cycling,0.051912535,False,not_assessed
GSM8848585_TTGGTTAGTGAGAAGGACTTTAGG-1,GSM8848585,9,Neuroendocrine-like,0.067858644,False,CNV_low_candidate
GSM8848585_TTGGTTAGTTTGTTGAACTTTAGG-1,GSM8848585,7,Neuroendocrine-like,0.022203974,False,CNV_low_candidate
GSM8848585_TTGTACGTCGACCGTTACTTTAGG-1,GSM8848585,7,Neuroendocrine-like,0.048133902,False,CNV_low_candidate
GSM8848585_TTGTACGTCGAGCTAGACTTTAGG-1,GSM8848585,9,Neuroendocrine-like,0.094262555,False,CNV_low_candidate
GSM8848585_TTGTACGTCGATTATCACTTTAGG-1,GSM8848585,14,Epithelial-like - uncertain,0.050534092,False,CNV_low_candidate
GSM8848585_TTGTACGTCTATTCGGACTTTAGG-1,GSM8848585,6,Macrophage,0.020631172,False,reference_like
GSM8848585_TTGTCAGTCAATTTGCACTTTAGG-1,GSM8848585,8,Cycling,0.035893273,False,not_assessed
GSM8848585_TTGTGAGCAGCTCGAGACTTTAGG-1,GSM8848585,11,Prostate epithelial - luminal,0.063639075,False,CNV_low_candidate
GSM8848585_TTGTGAGCAGCTTTCGACTTTAGG-1,GSM8848585,8,Cycling,0.051342316,False,not_assessed
GSM8848585_TTGTGGACAAGAACAAACTTTAGG-1,GSM8848585,7,Neuroendocrine-like,0.035635497,False,CNV_low_candidate
GSM8848585_TTGTGGACAGCTAGACACTTTAGG-1,GSM8848585,8,Cycling,0.03890559,False,not_assessed
GSM8848585_TTGTGGACAGGCAACTACTTTAGG-1,GSM8848585,4,Fibroblast,0.029879827,False,reference_like
GSM8848585_TTGTGGACATCCTTGGACTTTAGG-1,GSM8848585,9,Neuroendocrine-like,0.08516333,False,CNV_low_candidate
GSM8848585_TTGTGGACATTCGGTTACTTTAGG-1,GSM8848585,8,Cycling,0.037853647,False,not_assessed
GSM8848585_TTGTTGTAGATGCTAAACTTTAGG-1,GSM8848585,9,Neuroendocrine-like,0.02714657,False,CNV_low_candidate
GSM8848585_TTGTTGTAGGTTAGACACTTTAGG-1,GSM8848585,8,Cycling,0.019239986,False,not_assessed
GSM8848585_TTGTTGTAGTCATCATACTTTAGG-1,GSM8848585,4,Fibroblast,0.021176191,False,reference_like
GSM8848585_TTGTTGTAGTGGACCAACTTTAGG-1,GSM8848585,11,Prostate epithelial - luminal,0.112290196,True,CNV_high_candidate
GSM8848585_TTTAACGGTTGTTGTAACTTTAGG-1,GSM8848585,4,Fibroblast,0.12993173,True,reference_like
GSM8848585_TTTACTGCATGCGCAGACTTTAGG-1,GSM8848585,9,Neuroendocrine-like,0.022018805,False,CNV_low_candidate
GSM8848585_TTTAGTCAGAGGTTTAACTTTAGG-1,GSM8848585,8,Cycling,0.11823355,True,not_assessed
GSM8848585_TTTAGTCAGCTTGAGGACTTTAGG-1,GSM8848585,9,Neuroendocrine-like,0.03696336,False,CNV_low_candidate
GSM8848585_TTTAGTCAGTCTTGCAACTTTAGG-1,GSM8848585,7,Neuroendocrine-like,0.046233036,False,CNV_low_candidate
GSM8848585_TTTAGTCAGTTTGCATACTTTAGG-1,GSM8848585,9,Neuroendocrine-like,0.05791169,False,CNV_low_candidate
GSM8848585_TTTATGGGTAAAGCATACTTTAGG-1,GSM8848585,4,Fibroblast,0.03395773,False,reference_like
GSM8848585_TTTATGGGTCGTTATAACTTTAGG-1,GSM8848585,8,Cycling,0.021841269,False,not_assessed
GSM8848585_TTTATGGGTTAGGCGGACTTTAGG-1,GSM8848585,8,Cycling,0.039408356,False,not_assessed
GSM8848585_TTTATGGGTTTCTAAGACTTTAGG-1,GSM8848585,6,Macrophage,0.028100165,False,reference_like
GSM8848585_TTTCAAGGTAGGAGGAACTTTAGG-1,GSM8848585,8,Cycling,0.04444355,False,not_assessed
GSM8848585_TTTCAAGGTGTTTGGTACTTTAGG-1,GSM8848585,9,Neuroendocrine-like,0.03556735,False,CNV_low_candidate
GSM8848585_TTTCACCTCCGGATAGACTTTAGG-1,GSM8848585,11,Prostate epithelial - luminal,0.07450995,False,CNV_low_candidate
GSM8848585_TTTCACCTCCTCACTTACTTTAGG-1,GSM8848585,4,Fibroblast,0.09191217,False,reference_like
GSM8848585_TTTCACCTCGCCTATAACTTTAGG-1,GSM8848585,9,Neuroendocrine-like,0.0837015,False,CNV_low_candidate
GSM8848585_TTTCAGTAGAGCAAGAACTTTAGG-1,GSM8848585,8,Cycling,0.12642792,True,not_assessed
GSM8848585_TTTCAGTAGCTTCCTTACTTTAGG-1,GSM8848585,7,Neuroendocrine-like,0.032642916,False,CNV_low_candidate
GSM8848585_TTTCAGTAGGACAACTACTTTAGG-1,GSM8848585,11,Prostate epithelial - luminal,0.13491622,True,CNV_high_candidate
GSM8848585_TTTCAGTAGGTTGTGGACTTTAGG-1,GSM8848585,4,Fibroblast,0.06464476,False,reference_like
GSM8848585_TTTCATCGTCATTACAACTTTAGG-1,GSM8848585,11,Prostate epithelial - luminal,0.029959429,False,CNV_low_candidate
GSM8848585_TTTCATCGTCATTTAGACTTTAGG-1,GSM8848585,7,Neuroendocrine-like,0.0270971,False,CNV_low_candidate
GSM8848585_TTTCATCGTTCATTGAACTTTAGG-1,GSM8848585,4,Fibroblast,0.10446374,True,reference_like
GSM8848585_TTTCATGCAGAAAGGTACTTTAGG-1,GSM8848585,11,Prostate epithelial - luminal,0.02195178,False,CNV_low_candidate
GSM8848585_TTTCCTGGTAAATAGCACTTTAGG-1,GSM8848585,11,Prostate epithelial - luminal,0.08239555,False,CNV_low_candidate
GSM8848585_TTTCGCGCAAACCGTAACTTTAGG-1,GSM8848585,11,Prostate epithelial - luminal,0.05960634,False,CNV_low_candidate
GSM8848585_TTTCGCGCACAACAATACTTTAGG-1,GSM8848585,7,Neuroendocrine-like,0.031084564,False,CNV_low_candidate
GSM8848585_TTTGAGAAGTCCTGCGACTTTAGG-1,GSM8848585,9,Neuroendocrine-like,0.029865835,False,CNV_low_candidate
GSM8848585_TTTGCCCGTAAGTCGAACTTTAGG-1,GSM8848585,12,Stress/hypoxia-like,0.034457937,False,not_assessed
GSM8848585_TTTGCGCAGTTTGAGAACTTTAGG-1,GSM8848585,9,Neuroendocrine-like,0.022563046,False,CNV_low_candidate
GSM8848585_TTTGCGGGTCCGGTACACTTTAGG-1,GSM8848585,8,Cycling,0.06981973,False,not_assessed
GSM8848585_TTTGCGGGTTGTCCAGACTTTAGG-1,GSM8848585,9,Neuroendocrine-like,0.12063405,True,CNV_high_candidate
GSM8848585_TTTGCGGGTTTGGCCAACTTTAGG-1,GSM8848585,5,T/NK lymphocyte,0.058595873,False,reference_like
GSM8848585_TTTGCTCTCAAGGTCGACTTTAGG-1,GSM8848585,8,Cycling,0.07250683,False,not_assessed
GSM8848585_TTTGCTCTCGCAACGAACTTTAGG-1,GSM8848585,9,Neuroendocrine-like,0.03814462,False,CNV_low_candidate
GSM8848585_TTTGCTGAGATAGCCGACTTTAGG-1,GSM8848585,9,Neuroendocrine-like,0.10063658,True,CNV_high_candidate
GSM8848585_TTTGGACGTTCTGGCAACTTTAGG-1,GSM8848585,7,Neuroendocrine-like,0.02758787,False,CNV_low_candidate
GSM8848585_TTTGGCGGTCAATTGCACTTTAGG-1,GSM8848585,11,Prostate epithelial - luminal,0.07329677,False,CNV_low_candidate
GSM8848585_TTTGTGAGTATGGTAGACTTTAGG-1,GSM8848585,9,Neuroendocrine-like,0.025594594,False,CNV_low_candidate
GSM8848585_TTTGTGAGTCCGTGACACTTTAGG-1,GSM8848585,9,Neuroendocrine-like,0.02576561,False,CNV_low_candidate
GSM8848585_TTTGTGAGTTAAGTCCACTTTAGG-1,GSM8848585,7,Neuroendocrine-like,0.027256781,False,CNV_low_candidate
GSM8848586_AAACAAGCAGGATCCGAACGGGAA-1,GSM8848586,10,Activated fibroblast,0.1311607,True,reference_like
GSM8848586_AAACCAGGTTTGGCCAAACGGGAA-1,GSM8848586,10,Activated fibroblast,0.05129795,False,reference_like
GSM8848586_AAACGTTCACAAGCGTAACGGGAA-1,GSM8848586,10,Activated fibroblast,0.031153766,False,reference_like
GSM8848586_AAAGCCTAGCGCTTACAACGGGAA-1,GSM8848586,10,Activated fibroblast,0.047445275,False,reference_like
GSM8848586_AAAGCCTAGTGGACCAAACGGGAA-1,GSM8848586,6,Macrophage,0.027796675,False,reference_like
GSM8848586_AAAGGGATCCTTTGGAAACGGGAA-1,GSM8848586,10,Activated fibroblast,0.03369377,False,reference_like
GSM8848586_AAATCGATCGATTGAAAACGGGAA-1,GSM8848586,11,Prostate epithelial - luminal,0.05800962,False,CNV_low_candidate
GSM8848586_AAATCGATCTAATGAGAACGGGAA-1,GSM8848586,10,Activated fibroblast,0.04298122,False,reference_like
GSM8848586_AAATGAGCATAAGCCAAACGGGAA-1,GSM8848586,13,Neuroendocrine-like,0.040093426,False,CNV_low_candidate
GSM8848586_AAATGGTGTGTCCAGCAACGGGAA-1,GSM8848586,13,Neuroendocrine-like,0.07486867,False,CNV_low_candidate
GSM8848586_AACACTAAGTGGCTTCAACGGGAA-1,GSM8848586,8,Cycling,0.085098736,False,not_assessed
GSM8848586_AACACTAAGTTAGGCGAACGGGAA-1,GSM8848586,3,Endothelial,0.053855456,False,reference_like
GSM8848586_AACATTGAGACCATGGAACGGGAA-1,GSM8848586,13,Neuroendocrine-like,0.052325338,False,CNV_low_candidate
GSM8848586_AACCAGGTCTAATCGTAACGGGAA-1,GSM8848586,6,Macrophage,0.07698179,False,reference_like
GSM8848586_AACCCGGCAATCAAACAACGGGAA-1,GSM8848586,11,Prostate epithelial - luminal,0.031622857,False,CNV_low_candidate
GSM8848586_AACCTAAAGCTTGAGGAACGGGAA-1,GSM8848586,6,Macrophage,0.03126086,False,reference_like
GSM8848586_AACCTCATCATAATGGAACGGGAA-1,GSM8848586,6,Macrophage,0.021019008,False,reference_like
GSM8848586_AACGGCTCACTTTACAAACGGGAA-1,GSM8848586,6,Macrophage,0.02310785,False,reference_like
GSM8848586_AACGGCTCATTGCATCAACGGGAA-1,GSM8848586,10,Activated fibroblast,0.08661499,False,reference_like
GSM8848586_AACGGTTAGCCACTCGAACGGGAA-1,GSM8848586,10,Activated fibroblast,0.07260531,False,reference_like
GSM8848586_AACGTTAAGGAACCATAACGGGAA-1,GSM8848586,10,Activated fibroblast,0.05599876,False,reference_like
GSM8848586_AACTAACCACATGCTTAACGGGAA-1,GSM8848586,6,Macrophage,0.03774573,False,reference_like
GSM8848586_AACTCGCTCGAAGCATAACGGGAA-1,GSM8848586,10,Activated fibroblast,0.028917681,False,reference_like
GSM8848586_AACTGAATCAGGCATGAACGGGAA-1,GSM8848586,10,Activated fibroblast,0.03320479,False,reference_like
GSM8848586_AAGCCTGAGAGCCGGTAACGGGAA-1,GSM8848586,10,Activated fibroblast,0.06698274,False,reference_like
GSM8848586_AAGCCTGAGGAACTTAAACGGGAA-1,GSM8848586,11,Prostate epithelial - luminal,0.06217617,False,CNV_low_candidate
GSM8848586_AAGCGATTCTTGAAAGAACGGGAA-1,GSM8848586,10,Activated fibroblast,0.041597556,False,reference_like
GSM8848586_AAGCGGCTCGCCTCGAAACGGGAA-1,GSM8848586,10,Activated fibroblast,0.04971903,False,reference_like
GSM8848586_AAGGAACCACATAGATAACGGGAA-1,GSM8848586,10,Activated fibroblast,0.04259711,False,reference_like
GSM8848586_AAGGACAAGGACACGCAACGGGAA-1,GSM8848586,6,Macrophage,0.050837185,False,reference_like
GSM8848586_AAGGACAAGTAAGTGCAACGGGAA-1,GSM8848586,10,Activated fibroblast,0.074421175,False,reference_like
GSM8848586_AAGGCCATCACCTAATAACGGGAA-1,GSM8848586,6,Macrophage,0.025704995,False,reference_like
GSM8848586_AAGGCTGTCGGGCAGTAACGGGAA-1,GSM8848586,10,Activated fibroblast,0.03727985,False,reference_like
GSM8848586_AAGGTATGTTAACGGAAACGGGAA-1,GSM8848586,3,Endothelial,0.02023538,False,reference_like
GSM8848586_AAGGTTATCCGCTATAAACGGGAA-1,GSM8848586,10,Activated fibroblast,0.05376189,False,reference_like
GSM8848586_AAGTCATCAAGTGGCTAACGGGAA-1,GSM8848586,10,Activated fibroblast,0.10102365,True,reference_like
GSM8848586_AAGTCATCATAGCCTTAACGGGAA-1,GSM8848586,10,Activated fibroblast,0.058025636,False,reference_like
GSM8848586_AAGTTGCAGGGTTTCCAACGGGAA-1,GSM8848586,9,Neuroendocrine-like,0.046698693,False,CNV_low_candidate
GSM8848586_AATAGCATCTGTGACCAACGGGAA-1,GSM8848586,6,Macrophage,0.06141081,False,reference_like
GSM8848586_AATATGGTCCGCCATGAACGGGAA-1,GSM8848586,11,Prostate epithelial - luminal,0.028241951,False,CNV_low_candidate
GSM8848586_AATCCGGAGAGGATAGAACGGGAA-1,GSM8848586,10,Activated fibroblast,0.021853976,False,reference_like
GSM8848586_AATCCGTGTATATTCGAACGGGAA-1,GSM8848586,11,Prostate epithelial - luminal,0.07978721,False,CNV_low_candidate
GSM8848586_AATCGCACACTAGTCTAACGGGAA-1,GSM8848586,10,Activated fibroblast,0.06824988,False,reference_like
GSM8848586_AATCGCACATCCAAGAAACGGGAA-1,GSM8848586,6,Macrophage,0.045925546,False,reference_like
GSM8848586_AATCGCGAGTACGGGCAACGGGAA-1,GSM8848586,10,Activated fibroblast,0.05450406,False,reference_like
GSM8848586_AATCGGCCAATTCGGAAACGGGAA-1,GSM8848586,10,Activated fibroblast,0.0513961,False,reference_like
GSM8848586_AATCGTTTCTATGGCCAACGGGAA-1,GSM8848586,10,Activated fibroblast,0.026320979,False,reference_like
GSM8848586_AATCTCTAGAAGTAGGAACGGGAA-1,GSM8848586,10,Activated fibroblast,0.08109284,False,reference_like
GSM8848586_AATTACCTCGAAATGCAACGGGAA-1,GSM8848586,10,Activated fibroblast,0.035703354,False,reference_like
GSM8848586_ACAAACCAGCTAACTTAACGGGAA-1,GSM8848586,10,Activated fibroblast,0.024624664,False,reference_like
GSM8848586_ACAAAGGAGAAACTCAAACGGGAA-1,GSM8848586,5,T/NK lymphocyte,0.052927684,False,reference_like
GSM8848586_ACAAAGGAGGACAAGAAACGGGAA-1,GSM8848586,6,Macrophage,0.07916533,False,reference_like
GSM8848586_ACAAAGGAGTCTAATCAACGGGAA-1,GSM8848586,10,Activated fibroblast,0.032197796,False,reference_like
GSM8848586_ACAACATCAAGATGCCAACGGGAA-1,GSM8848586,6,Macrophage,0.06415626,False,reference_like
GSM8848586_ACAACATCATGAGCTAAACGGGAA-1,GSM8848586,10,Activated fibroblast,0.030551203,False,reference_like
GSM8848586_ACAACCTGTCTAACCGAACGGGAA-1,GSM8848586,10,Activated fibroblast,0.0339883,False,reference_like
GSM8848586_ACAACTTTCATTAGCTAACGGGAA-1,GSM8848586,5,T/NK lymphocyte,0.06454338,False,reference_like
GSM8848586_ACAAGGCGTTCACCAGAACGGGAA-1,GSM8848586,8,Cycling,0.03508934,False,not_assessed
GSM8848586_ACAAGGCGTTCGAATCAACGGGAA-1,GSM8848586,10,Activated fibroblast,0.0358038,False,reference_like
GSM8848586_ACAAGTATCACTCGCGAACGGGAA-1,GSM8848586,13,Neuroendocrine-like,0.07954902,False,CNV_low_candidate
GSM8848586_ACAAGTATCCAGAAACAACGGGAA-1,GSM8848586,8,Cycling,0.055722397,False,not_assessed
GSM8848586_ACAATGTCAACTATCCAACGGGAA-1,GSM8848586,10,Activated fibroblast,0.123632714,True,reference_like
GSM8848586_ACAATGTCACCGTTTGAACGGGAA-1,GSM8848586,10,Activated fibroblast,0.041873,False,reference_like
GSM8848586_ACAATTGAGACAACTAAACGGGAA-1,GSM8848586,10,Activated fibroblast,0.04644075,False,reference_like
GSM8848586_ACAATTGAGATAGCTAAACGGGAA-1,GSM8848586,5,T/NK lymphocyte,0.06899414,False,reference_like
GSM8848586_ACACCAACACACTAAGAACGGGAA-1,GSM8848586,3,Endothelial,0.023646396,False,reference_like
GSM8848586_ACACCAACACCTGGTCAACGGGAA-1,GSM8848586,3,Endothelial,0.016616598,False,reference_like
GSM8848586_ACACCTATCGAACCTCAACGGGAA-1,GSM8848586,10,Activated fibroblast,0.03186585,False,reference_like
GSM8848586_ACACGCGCAGATTCGAAACGGGAA-1,GSM8848586,0,Prostate epithelial - AR high,0.08078265,False,CNV_low_candidate
GSM8848586_ACAGCACCATTGAACGAACGGGAA-1,GSM8848586,8,Cycling,0.021870496,False,not_assessed
GSM8848586_ACAGGCATCGAGGCGTAACGGGAA-1,GSM8848586,6,Macrophage,0.071789965,False,reference_like
GSM8848586_ACAGGTAGTAGGAGGAAACGGGAA-1,GSM8848586,10,Activated fibroblast,0.045878816,False,reference_like
GSM8848586_ACATAGTCAGGCTATAAACGGGAA-1,GSM8848586,10,Activated fibroblast,0.017451592,False,reference_like
GSM8848586_ACATTACTCAAGTTAGAACGGGAA-1,GSM8848586,10,Activated fibroblast,0.081813045,False,reference_like
GSM8848586_ACCCAACTCAACCTATAACGGGAA-1,GSM8848586,6,Macrophage,0.023530442,False,reference_like
GSM8848586_ACCCGCTCAGAAACTTAACGGGAA-1,GSM8848586,10,Activated fibroblast,0.019973869,False,reference_like
GSM8848586_ACCCGTTAGACCTTGCAACGGGAA-1,GSM8848586,10,Activated fibroblast,0.03728115,False,reference_like
GSM8848586_ACCCGTTAGGTCAAGTAACGGGAA-1,GSM8848586,9,Neuroendocrine-like,0.055398952,False,CNV_low_candidate
GSM8848586_ACCCTCCTCGTGATTTAACGGGAA-1,GSM8848586,10,Activated fibroblast,0.025287848,False,reference_like
GSM8848586_ACCCTGGTCAGCGAATAACGGGAA-1,GSM8848586,6,Macrophage,0.041739825,False,reference_like
GSM8848586_ACCCTGGTCCATCCTTAACGGGAA-1,GSM8848586,11,Prostate epithelial - luminal,0.025753986,False,CNV_low_candidate
GSM8848586_ACCGAAGTCAAACCGGAACGGGAA-1,GSM8848586,10,Activated fibroblast,0.061146352,False,reference_like
GSM8848586_ACCGGCTGTCTCACTCAACGGGAA-1,GSM8848586,10,Activated fibroblast,0.07594363,False,reference_like
GSM8848586_ACCGGCTGTTCTTGAAAACGGGAA-1,GSM8848586,10,Activated fibroblast,0.023469878,False,reference_like
GSM8848586_ACCGGCTGTTGCCTGAAACGGGAA-1,GSM8848586,10,Activated fibroblast,0.0349697,False,reference_like
GSM8848586_ACCGTTATCACAATGAAACGGGAA-1,GSM8848586,10,Activated fibroblast,0.048628725,False,reference_like
GSM8848586_ACCTAGTGTAGCGGATAACGGGAA-1,GSM8848586,10,Activated fibroblast,0.058192767,False,reference_like
GSM8848586_ACCTAGTGTCATGATCAACGGGAA-1,GSM8848586,10,Activated fibroblast,0.029007817,False,reference_like
GSM8848586_ACCTATCCACATAAACAACGGGAA-1,GSM8848586,10,Activated fibroblast,0.03849193,False,reference_like
GSM8848586_ACCTATCCAGGCTAACAACGGGAA-1,GSM8848586,11,Prostate epithelial - luminal,0.026070908,False,CNV_low_candidate
GSM8848586_ACCTCACAGATAGCTAAACGGGAA-1,GSM8848586,10,Activated fibroblast,0.055268846,False,reference_like
GSM8848586_ACCTCATCAGAAACTTAACGGGAA-1,GSM8848586,10,Activated fibroblast,0.029600495,False,reference_like
GSM8848586_ACCTCCCTCAATTTGCAACGGGAA-1,GSM8848586,6,Macrophage,0.018236032,False,reference_like
GSM8848586_ACCTCCCTCGCCTGCAAACGGGAA-1,GSM8848586,8,Cycling,0.022050578,False,not_assessed
GSM8848586_ACCTGGAAGGTCGAGCAACGGGAA-1,GSM8848586,10,Activated fibroblast,0.049474902,False,reference_like
GSM8848586_ACGATTGCATTTCGACAACGGGAA-1,GSM8848586,10,Activated fibroblast,0.021700801,False,reference_like
GSM8848586_ACGCCACGTCTTACTTAACGGGAA-1,GSM8848586,10,Activated fibroblast,0.03293318,False,reference_like
GSM8848586_ACGGAACGTTTGGGCCAACGGGAA-1,GSM8848586,10,Activated fibroblast,0.040338308,False,reference_like
GSM8848586_ACGGATAGTACGTTACAACGGGAA-1,GSM8848586,6,Macrophage,0.059169117,False,reference_like
GSM8848586_ACGGATTAGACTCAAAAACGGGAA-1,GSM8848586,10,Activated fibroblast,0.031390246,False,reference_like
GSM8848586_ACGGTAAGTTAACGGAAACGGGAA-1,GSM8848586,10,Activated fibroblast,0.10774927,True,reference_like
GSM8848586_ACGTAATCACGTGCTCAACGGGAA-1,GSM8848586,10,Activated fibroblast,0.021566901,False,reference_like
GSM8848586_ACGTAGCCAAATCACGAACGGGAA-1,GSM8848586,10,Activated fibroblast,0.04128275,False,reference_like
GSM8848586_ACGTTCGGTTTGGGCCAACGGGAA-1,GSM8848586,10,Activated fibroblast,0.019252533,False,reference_like
GSM8848586_ACTAATGAGCGAGGGAAACGGGAA-1,GSM8848586,6,Macrophage,0.07809434,False,reference_like
GSM8848586_ACTACAAAGATGGATCAACGGGAA-1,GSM8848586,10,Activated fibroblast,0.08102333,False,reference_like
GSM8848586_ACTAGTTTCCGAAAGTAACGGGAA-1,GSM8848586,10,Activated fibroblast,0.04900498,False,reference_like
GSM8848586_ACTCAATTCAGGTCGAAACGGGAA-1,GSM8848586,10,Activated fibroblast,0.031934462,False,reference_like
GSM8848586_ACTCAATTCCTAATCGAACGGGAA-1,GSM8848586,6,Macrophage,0.05651715,False,reference_like
GSM8848586_ACTCCCACATCAAGCAAACGGGAA-1,GSM8848586,10,Activated fibroblast,0.0981253,False,reference_like
GSM8848586_ACTCGAACACCTTTGGAACGGGAA-1,GSM8848586,5,T/NK lymphocyte,0.08248073,False,reference_like
GSM8848586_ACTCGAACACTCAATCAACGGGAA-1,GSM8848586,6,Macrophage,0.06644487,False,reference_like
GSM8848586_ACTCGCCCATCACAGAAACGGGAA-1,GSM8848586,5,T/NK lymphocyte,0.054610807,False,reference_like
GSM8848586_ACTCGCCCATTTCGCGAACGGGAA-1,GSM8848586,10,Activated fibroblast,0.040199693,False,reference_like
GSM8848586_ACTGGCTTCCAAACGGAACGGGAA-1,GSM8848586,10,Activated fibroblast,0.058094393,False,reference_like
GSM8848586_ACTGGGTCAGCCATTTAACGGGAA-1,GSM8848586,10,Activated fibroblast,0.041170705,False,reference_like
GSM8848586_ACTTATGGTTCGAATCAACGGGAA-1,GSM8848586,10,Activated fibroblast,0.017521495,False,reference_like
GSM8848586_ACTTGAAAGGGCCTTTAACGGGAA-1,GSM8848586,10,Activated fibroblast,0.023690304,False,reference_like
GSM8848586_ACTTGAAAGGTTTCGCAACGGGAA-1,GSM8848586,10,Activated fibroblast,0.062846325,False,reference_like
GSM8848586_ACTTGCGGTAGGTGACAACGGGAA-1,GSM8848586,10,Activated fibroblast,0.026944907,False,reference_like
GSM8848586_AGAAGCAAGCGCTACTAACGGGAA-1,GSM8848586,10,Activated fibroblast,0.049726382,False,reference_like
GSM8848586_AGACACTAGGTAACTAAACGGGAA-1,GSM8848586,3,Endothelial,0.051348884,False,reference_like
GSM8848586_AGACACTAGTAACGTAAACGGGAA-1,GSM8848586,10,Activated fibroblast,0.03841842,False,reference_like
GSM8848586_AGACACTAGTTTGCATAACGGGAA-1,GSM8848586,6,Macrophage,0.023092961,False,reference_like
GSM8848586_AGACCCGCAATGTGGCAACGGGAA-1,GSM8848586,6,Macrophage,0.080292866,False,reference_like
GSM8848586_AGACCCGCATCCAAGAAACGGGAA-1,GSM8848586,10,Activated fibroblast,0.046841975,False,reference_like
GSM8848586_AGACTGAGTAAGCGTAAACGGGAA-1,GSM8848586,10,Activated fibroblast,0.07295231,False,reference_like
GSM8848586_AGAGGAATCAGCTACCAACGGGAA-1,GSM8848586,10,Activated fibroblast,0.02215051,False,reference_like
GSM8848586_AGAGGAATCCCGCTGAAACGGGAA-1,GSM8848586,13,Neuroendocrine-like,0.025567425,False,CNV_low_candidate
GSM8848586_AGATGCCCAACTAGTGAACGGGAA-1,GSM8848586,10,Activated fibroblast,0.05149445,False,reference_like
GSM8848586_AGATTAGTCATAACCTAACGGGAA-1,GSM8848586,10,Activated fibroblast,0.03633895,False,reference_like
GSM8848586_AGATTAGTCCCTCGTCAACGGGAA-1,GSM8848586,5,T/NK lymphocyte,0.08518102,False,reference_like
GSM8848586_AGATTGATCGGCTAGAAACGGGAA-1,GSM8848586,3,Endothelial,0.08148751,False,reference_like
GSM8848586_AGCAGGCTCCCATAGCAACGGGAA-1,GSM8848586,11,Prostate epithelial - luminal,0.08277875,False,CNV_low_candidate
GSM8848586_AGCATTAAGCCACTCGAACGGGAA-1,GSM8848586,10,Activated fibroblast,0.055673175,False,reference_like
GSM8848586_AGCATTAAGGGTTAACAACGGGAA-1,GSM8848586,3,Endothelial,0.073295005,False,reference_like
GSM8848586_AGCCCTGTCAAGGTACAACGGGAA-1,GSM8848586,5,T/NK lymphocyte,0.07210229,False,reference_like
GSM8848586_AGCCTCTAGCCATCGTAACGGGAA-1,GSM8848586,10,Activated fibroblast,0.05092406,False,reference_like
GSM8848586_AGCCTTCAGGCTACTCAACGGGAA-1,GSM8848586,10,Activated fibroblast,0.045070924,False,reference_like
GSM8848586_AGCGAACGTTCATTAGAACGGGAA-1,GSM8848586,6,Macrophage,0.016879514,False,reference_like
GSM8848586_AGCGACTCATTTGGAGAACGGGAA-1,GSM8848586,8,Cycling,0.09430193,False,not_assessed
GSM8848586_AGCGATCCAAGGAATAAACGGGAA-1,GSM8848586,10,Activated fibroblast,0.055680014,False,reference_like
GSM8848586_AGCGATCCAGAGAGCAAACGGGAA-1,GSM8848586,6,Macrophage,0.061134912,False,reference_like
GSM8848586_AGCTAATCACTCAAAGAACGGGAA-1,GSM8848586,10,Activated fibroblast,0.11048345,True,reference_like
GSM8848586_AGCTGCAAGGAGGATAAACGGGAA-1,GSM8848586,10,Activated fibroblast,0.10227428,True,reference_like
GSM8848586_AGCTGCAAGTCACCTAAACGGGAA-1,GSM8848586,10,Activated fibroblast,0.058961105,False,reference_like
GSM8848586_AGCTGGCAGGCTTATTAACGGGAA-1,GSM8848586,8,Cycling,0.026677215,False,not_assessed
GSM8848586_AGCTGGCAGGGTTGCAAACGGGAA-1,GSM8848586,10,Activated fibroblast,0.065048225,False,reference_like
GSM8848586_AGCTTCTCAAATAACCAACGGGAA-1,GSM8848586,8,Cycling,0.04322286,False,not_assessed
GSM8848586_AGGATCAGTATGGGACAACGGGAA-1,GSM8848586,10,Activated fibroblast,0.039874848,False,reference_like
GSM8848586_AGGATCAGTTGGCCACAACGGGAA-1,GSM8848586,10,Activated fibroblast,0.049908984,False,reference_like
GSM8848586_AGGCCATCAATGTTCCAACGGGAA-1,GSM8848586,10,Activated fibroblast,0.03632861,False,reference_like
GSM8848586_AGGCCTAAGCAAGACTAACGGGAA-1,GSM8848586,10,Activated fibroblast,0.058568943,False,reference_like
GSM8848586_AGGCGCAGTAATTGCCAACGGGAA-1,GSM8848586,10,Activated fibroblast,0.04562226,False,reference_like
GSM8848586_AGGCGCAGTTAGGTGAAACGGGAA-1,GSM8848586,6,Macrophage,0.06588446,False,reference_like
GSM8848586_AGGCGCTAGAAACTCAAACGGGAA-1,GSM8848586,5,T/NK lymphocyte,0.08196651,False,reference_like
GSM8848586_AGGGCTTCAACTGTTCAACGGGAA-1,GSM8848586,10,Activated fibroblast,0.03241503,False,reference_like
GSM8848586_AGGGTCCAGTCTAATCAACGGGAA-1,GSM8848586,6,Macrophage,0.079817034,False,reference_like
GSM8848586_AGGTGGGAGGTGAGGGAACGGGAA-1,GSM8848586,5,T/NK lymphocyte,0.073259525,False,reference_like
GSM8848586_AGGTTGAGTAGCCCGTAACGGGAA-1,GSM8848586,6,Macrophage,0.03739165,False,reference_like
GSM8848586_AGTAACCAGTCGAAACAACGGGAA-1,GSM8848586,6,Macrophage,0.06084266,False,reference_like
GSM8848586_AGTACTGCATCAGGTAAACGGGAA-1,GSM8848586,11,Prostate epithelial - luminal,0.0684227,False,CNV_low_candidate
GSM8848586_AGTACTGCATCTATGCAACGGGAA-1,GSM8848586,10,Activated fibroblast,0.067759186,False,reference_like
GSM8848586_AGTCAATCAATCAAGTAACGGGAA-1,GSM8848586,10,Activated fibroblast,0.078076035,False,reference_like
GSM8848586_AGTCGTTGTTAGGTGAAACGGGAA-1,GSM8848586,6,Macrophage,0.046499606,False,reference_like
GSM8848586_AGTGATTCACCACAAAAACGGGAA-1,GSM8848586,10,Activated fibroblast,0.039950963,False,reference_like
GSM8848586_AGTGCGGGTCAATGTCAACGGGAA-1,GSM8848586,10,Activated fibroblast,0.033606157,False,reference_like
GSM8848586_AGTGCTGAGAATGGCTAACGGGAA-1,GSM8848586,10,Activated fibroblast,0.027715515,False,reference_like
GSM8848586_AGTGGCGGTAAACTGGAACGGGAA-1,GSM8848586,6,Macrophage,0.057683825,False,reference_like
GSM8848586_AGTGGGTGTCCTCATCAACGGGAA-1,GSM8848586,13,Neuroendocrine-like,0.07886886,False,CNV_low_candidate
GSM8848586_AGTTAGGGTAGTAGGCAACGGGAA-1,GSM8848586,6,Macrophage,0.0726962,False,reference_like
GSM8848586_AGTTCCTCAGGATTGCAACGGGAA-1,GSM8848586,10,Activated fibroblast,0.0435009,False,reference_like
GSM8848586_AGTTGCCTCAGCACGAAACGGGAA-1,GSM8848586,3,Endothelial,0.062274266,False,reference_like
GSM8848586_ATAAGCCAGTCGTTCAAACGGGAA-1,GSM8848586,10,Activated fibroblast,0.034275215,False,reference_like
GSM8848586_ATACTGTTCCATCCTTAACGGGAA-1,GSM8848586,6,Macrophage,0.042342838,False,reference_like
GSM8848586_ATCATCAGTGCGCAAGAACGGGAA-1,GSM8848586,10,Activated fibroblast,0.027012836,False,reference_like
GSM8848586_ATCCATCCAAACTTCCAACGGGAA-1,GSM8848586,6,Macrophage,0.07531888,False,reference_like
GSM8848586_ATCCCAATCGTTCGTAAACGGGAA-1,GSM8848586,6,Macrophage,0.047102623,False,reference_like
GSM8848586_ATCCTTGAGTTTCAGTAACGGGAA-1,GSM8848586,10,Activated fibroblast,0.032424856,False,reference_like
GSM8848586_ATCGTTAGTAATGAACAACGGGAA-1,GSM8848586,11,Prostate epithelial - luminal,0.052550424,False,CNV_low_candidate
GSM8848586_ATCGTTAGTACAAAGTAACGGGAA-1,GSM8848586,10,Activated fibroblast,0.07981144,False,reference_like
GSM8848586_ATCTAGCGTTAGAGGCAACGGGAA-1,GSM8848586,10,Activated fibroblast,0.0625519,False,reference_like
GSM8848586_ATCTAGCGTTGTGACTAACGGGAA-1,GSM8848586,10,Activated fibroblast,0.050772984,False,reference_like
GSM8848586_ATGAAAGCAGTAATACAACGGGAA-1,GSM8848586,10,Activated fibroblast,0.0600662,False,reference_like
GSM8848586_ATGAGGAAGCTGGGTAAACGGGAA-1,GSM8848586,6,Macrophage,0.05861833,False,reference_like
GSM8848586_ATGCATTTCCATAAAGAACGGGAA-1,GSM8848586,10,Activated fibroblast,0.08355576,False,reference_like
GSM8848586_ATGCGCAAGTGAGGAAAACGGGAA-1,GSM8848586,10,Activated fibroblast,0.10019063,True,reference_like
GSM8848586_ATGCGTCTCCCGCTGAAACGGGAA-1,GSM8848586,11,Prostate epithelial - luminal,0.06851163,False,CNV_low_candidate
GSM8848586_ATGGATTCACAGGCTGAACGGGAA-1,GSM8848586,6,Macrophage,0.06096535,False,reference_like
GSM8848586_ATGGCAGTCACGTTCAAACGGGAA-1,GSM8848586,10,Activated fibroblast,0.021605875,False,reference_like
GSM8848586_ATGGCAGTCTAATGAGAACGGGAA-1,GSM8848586,10,Activated fibroblast,0.10609288,True,reference_like
GSM8848586_ATGGGTTAGTGTGCAGAACGGGAA-1,GSM8848586,13,Neuroendocrine-like,0.07604777,False,CNV_low_candidate
GSM8848586_ATGGTGAGTGCGGCAAAACGGGAA-1,GSM8848586,10,Activated fibroblast,0.038753614,False,reference_like
GSM8848586_ATGGTGAGTTAACGAGAACGGGAA-1,GSM8848586,10,Activated fibroblast,0.022187531,False,reference_like
GSM8848586_ATGTGAGGTAACGTGAAACGGGAA-1,GSM8848586,10,Activated fibroblast,0.04867498,False,reference_like
GSM8848586_ATGTGGGTCACAAACAAACGGGAA-1,GSM8848586,10,Activated fibroblast,0.077100284,False,reference_like
GSM8848586_ATTATGGAGACTTAAGAACGGGAA-1,GSM8848586,13,Neuroendocrine-like,0.081581324,False,CNV_low_candidate
GSM8848586_ATTCGTAGTAAGGCTAAACGGGAA-1,GSM8848586,3,Endothelial,0.059719697,False,reference_like
GSM8848586_ATTCGTAGTTGTCAGTAACGGGAA-1,GSM8848586,10,Activated fibroblast,0.032480303,False,reference_like
GSM8848586_ATTCGTCCAATTCGGAAACGGGAA-1,GSM8848586,6,Macrophage,0.067643665,False,reference_like
GSM8848586_ATTCGTTAGCGCAAGCAACGGGAA-1,GSM8848586,6,Macrophage,0.0425704,False,reference_like
GSM8848586_ATTGCACGTTTCCTGCAACGGGAA-1,GSM8848586,10,Activated fibroblast,0.10706807,True,reference_like
GSM8848586_ATTGGCGAGGTTCATTAACGGGAA-1,GSM8848586,6,Macrophage,0.05409815,False,reference_like
GSM8848586_ATTGGCTGTTTACCGGAACGGGAA-1,GSM8848586,10,Activated fibroblast,0.11476588,True,reference_like
GSM8848586_ATTGGCTGTTTGTCAAAACGGGAA-1,GSM8848586,11,Prostate epithelial - luminal,0.070492305,False,CNV_low_candidate
GSM8848586_ATTTCGAGTGCTGAAAAACGGGAA-1,GSM8848586,6,Macrophage,0.051637646,False,reference_like
GSM8848586_ATTTCGAGTTTACTGAAACGGGAA-1,GSM8848586,6,Macrophage,0.03385911,False,reference_like
GSM8848586_ATTTGTCAGAGGTTCGAACGGGAA-1,GSM8848586,10,Activated fibroblast,0.020686433,False,reference_like
GSM8848586_CAAATCAAGGTGTCCTAACGGGAA-1,GSM8848586,13,Neuroendocrine-like,0.081425905,False,CNV_low_candidate
GSM8848586_CAACCAACAAGTTCCTAACGGGAA-1,GSM8848586,10,Activated fibroblast,0.018860223,False,reference_like
GSM8848586_CAACCTGGTACTTATGAACGGGAA-1,GSM8848586,13,Neuroendocrine-like,0.033935677,False,CNV_low_candidate
GSM8848586_CAACCTGGTGTGAGTAAACGGGAA-1,GSM8848586,0,Prostate epithelial - AR high,0.03497251,False,CNV_low_candidate
GSM8848586_CAACCTTCATAACCAGAACGGGAA-1,GSM8848586,5,T/NK lymphocyte,0.055319358,False,reference_like
GSM8848586_CAACTAAAGAGGAGGTAACGGGAA-1,GSM8848586,10,Activated fibroblast,0.020825928,False,reference_like
GSM8848586_CAAGACTAGCCTAAGGAACGGGAA-1,GSM8848586,6,Macrophage,0.07203266,False,reference_like
GSM8848586_CAAGGTTAGGACTTAAAACGGGAA-1,GSM8848586,6,Macrophage,0.0295912,False,reference_like
GSM8848586_CAAGTCGAGACATAGCAACGGGAA-1,GSM8848586,6,Macrophage,0.021506857,False,reference_like
GSM8848586_CAAGTCGAGTAATTGGAACGGGAA-1,GSM8848586,10,Activated fibroblast,0.07696811,False,reference_like
GSM8848586_CAATAAGTCAGGTAACAACGGGAA-1,GSM8848586,10,Activated fibroblast,0.025540741,False,reference_like
GSM8848586_CAATAAGTCCAGATAAAACGGGAA-1,GSM8848586,10,Activated fibroblast,0.020072455,False,reference_like
GSM8848586_CAATAAGTCGTTAGGGAACGGGAA-1,GSM8848586,10,Activated fibroblast,0.033600334,False,reference_like
GSM8848586_CAATGGGTCGAAATGCAACGGGAA-1,GSM8848586,10,Activated fibroblast,0.060701307,False,reference_like
GSM8848586_CAATGTTTCTCGCCTCAACGGGAA-1,GSM8848586,10,Activated fibroblast,0.06469895,False,reference_like
GSM8848586_CACAAAGGTGTGTCGCAACGGGAA-1,GSM8848586,10,Activated fibroblast,0.026772665,False,reference_like
GSM8848586_CACAATAAGCACCTTAAACGGGAA-1,GSM8848586,8,Cycling,0.039689563,False,not_assessed
GSM8848586_CACAGCAAGCATCTTGAACGGGAA-1,GSM8848586,6,Macrophage,0.052674912,False,reference_like
GSM8848586_CACATAAAGGCTTAAAAACGGGAA-1,GSM8848586,10,Activated fibroblast,0.047266565,False,reference_like
GSM8848586_CACCCATAGACATAGCAACGGGAA-1,GSM8848586,10,Activated fibroblast,0.024940068,False,reference_like
GSM8848586_CACGCATTCTCCATCTAACGGGAA-1,GSM8848586,8,Cycling,0.024739372,False,not_assessed
GSM8848586_CACGTTATCATGCGGAAACGGGAA-1,GSM8848586,10,Activated fibroblast,0.049234588,False,reference_like
GSM8848586_CACTATGTCAATCCTGAACGGGAA-1,GSM8848586,6,Macrophage,0.03919023,False,reference_like
GSM8848586_CACTATGTCGCTTGACAACGGGAA-1,GSM8848586,6,Macrophage,0.07190925,False,reference_like
GSM8848586_CAGCAATAGGGATTTAAACGGGAA-1,GSM8848586,10,Activated fibroblast,0.057977624,False,reference_like
GSM8848586_CAGCCAGCAGGTATTGAACGGGAA-1,GSM8848586,10,Activated fibroblast,0.025877798,False,reference_like
GSM8848586_CAGCTAGAGAGCCGGTAACGGGAA-1,GSM8848586,10,Activated fibroblast,0.025346808,False,reference_like
GSM8848586_CAGGATAGTAATCCGTAACGGGAA-1,GSM8848586,10,Activated fibroblast,0.045010675,False,reference_like
GSM8848586_CAGGCGAGTATGTTGCAACGGGAA-1,GSM8848586,5,T/NK lymphocyte,0.065445825,False,reference_like
GSM8848586_CAGGCTAAGGTCTTTGAACGGGAA-1,GSM8848586,8,Cycling,0.026737664,False,not_assessed
GSM8848586_CAGGTAAGTACCGTTGAACGGGAA-1,GSM8848586,6,Macrophage,0.045365956,False,reference_like
GSM8848586_CAGGTATAGCAGGTCAAACGGGAA-1,GSM8848586,6,Macrophage,0.05640454,False,reference_like
GSM8848586_CAGGTTCTCACAAACAAACGGGAA-1,GSM8848586,9,Neuroendocrine-like,0.063317716,False,CNV_low_candidate
GSM8848586_CAGGTTCTCCCGCTGAAACGGGAA-1,GSM8848586,10,Activated fibroblast,0.025414763,False,reference_like
GSM8848586_CAGGTTGAGCGAATACAACGGGAA-1,GSM8848586,6,Macrophage,0.07510149,False,reference_like
GSM8848586_CAGTGAAGTTAACGGAAACGGGAA-1,GSM8848586,6,Macrophage,0.046944954,False,reference_like
GSM8848586_CAGTGTGAGGTTACTTAACGGGAA-1,GSM8848586,10,Activated fibroblast,0.05908481,False,reference_like
GSM8848586_CATAAACCACAACAATAACGGGAA-1,GSM8848586,6,Macrophage,0.07343335,False,reference_like
GSM8848586_CATAAACCATCATCACAACGGGAA-1,GSM8848586,6,Macrophage,0.017259318,False,reference_like
GSM8848586_CATACCGGTTGGAGCGAACGGGAA-1,GSM8848586,10,Activated fibroblast,0.054275166,False,reference_like
GSM8848586_CATACCGGTTTCTAAGAACGGGAA-1,GSM8848586,6,Macrophage,0.077871345,False,reference_like
GSM8848586_CATAGCTGTCAACAAGAACGGGAA-1,GSM8848586,10,Activated fibroblast,0.08191055,False,reference_like
GSM8848586_CATAGGCCAGAATCGCAACGGGAA-1,GSM8848586,10,Activated fibroblast,0.051698588,False,reference_like
GSM8848586_CATAGGTAGCTATATCAACGGGAA-1,GSM8848586,10,Activated fibroblast,0.070507415,False,reference_like
GSM8848586_CATATTGGTGTGAGGTAACGGGAA-1,GSM8848586,10,Activated fibroblast,0.027682405,False,reference_like
GSM8848586_CATATTGGTTACTTCTAACGGGAA-1,GSM8848586,10,Activated fibroblast,0.019844415,False,reference_like
GSM8848586_CATCAAGCATTTGCTAAACGGGAA-1,GSM8848586,5,T/NK lymphocyte,0.064816855,False,reference_like
GSM8848586_CATCATGTCCGTCCAGAACGGGAA-1,GSM8848586,10,Activated fibroblast,0.04743376,False,reference_like
GSM8848586_CATCCTTTCTAATTGCAACGGGAA-1,GSM8848586,13,Neuroendocrine-like,0.06618308,False,CNV_low_candidate
GSM8848586_CATCTTGAGCGAGGGAAACGGGAA-1,GSM8848586,10,Activated fibroblast,0.05320105,False,reference_like
GSM8848586_CATGCTCAGCGCTACTAACGGGAA-1,GSM8848586,10,Activated fibroblast,0.024324581,False,reference_like
GSM8848586_CATGCTCAGTAAGTGCAACGGGAA-1,GSM8848586,6,Macrophage,0.049214173,False,reference_like
GSM8848586_CATGCTGGTATCCGCAAACGGGAA-1,GSM8848586,10,Activated fibroblast,0.04252688,False,reference_like
GSM8848586_CATGCTTCATGGGTTAAACGGGAA-1,GSM8848586,6,Macrophage,0.05318578,False,reference_like
GSM8848586_CATTAGCGTACGAATGAACGGGAA-1,GSM8848586,10,Activated fibroblast,0.04071404,False,reference_like
GSM8848586_CATTAGCGTTTGTTTCAACGGGAA-1,GSM8848586,10,Activated fibroblast,0.053808786,False,reference_like
GSM8848586_CATTCCTTCTCACTAGAACGGGAA-1,GSM8848586,10,Activated fibroblast,0.06579497,False,reference_like
GSM8848586_CATTCGCAGTCAACTTAACGGGAA-1,GSM8848586,6,Macrophage,0.035935376,False,reference_like
GSM8848586_CATTTCGAGCTTAAAGAACGGGAA-1,GSM8848586,10,Activated fibroblast,0.05754554,False,reference_like
GSM8848586_CCAAACCTCACAATGAAACGGGAA-1,GSM8848586,10,Activated fibroblast,0.05868041,False,reference_like
GSM8848586_CCAAACTGTTTATCGAAACGGGAA-1,GSM8848586,10,Activated fibroblast,0.059735097,False,reference_like
GSM8848586_CCAAAGCCAGCCAGCAAACGGGAA-1,GSM8848586,8,Cycling,0.050205685,False,not_assessed
GSM8848586_CCAAGACCAAGGGTCTAACGGGAA-1,GSM8848586,10,Activated fibroblast,0.047184058,False,reference_like
GSM8848586_CCACTAATCACTTGATAACGGGAA-1,GSM8848586,6,Macrophage,0.07540012,False,reference_like
GSM8848586_CCACTATCAAACAATCAACGGGAA-1,GSM8848586,6,Macrophage,0.050868046,False,reference_like
GSM8848586_CCAGAACCATTGACTCAACGGGAA-1,GSM8848586,10,Activated fibroblast,0.034069516,False,reference_like
GSM8848586_CCAGGTTTCGGGATGCAACGGGAA-1,GSM8848586,10,Activated fibroblast,0.051363084,False,reference_like
GSM8848586_CCATCATCATTCGGTTAACGGGAA-1,GSM8848586,6,Macrophage,0.07348681,False,reference_like
GSM8848586_CCATCCCTCACCAGCTAACGGGAA-1,GSM8848586,10,Activated fibroblast,0.1320128,True,reference_like
GSM8848586_CCATTAAGTAACTTGCAACGGGAA-1,GSM8848586,10,Activated fibroblast,0.08131043,False,reference_like
GSM8848586_CCATTAAGTTTGTCCCAACGGGAA-1,GSM8848586,6,Macrophage,0.038029384,False,reference_like
GSM8848586_CCCAACTAGCCAAACGAACGGGAA-1,GSM8848586,10,Activated fibroblast,0.07669512,False,reference_like
GSM8848586_CCCATAATCGATATGAAACGGGAA-1,GSM8848586,11,Prostate epithelial - luminal,0.07816136,False,CNV_low_candidate
GSM8848586_CCCATAGGTAGCGGATAACGGGAA-1,GSM8848586,10,Activated fibroblast,0.028653318,False,reference_like
GSM8848586_CCCATTAAGCAGGTCAAACGGGAA-1,GSM8848586,10,Activated fibroblast,0.09212452,False,reference_like
GSM8848586_CCCATTCGTAAAGCGCAACGGGAA-1,GSM8848586,10,Activated fibroblast,0.0534069,False,reference_like
GSM8848586_CCCATTCGTTTGCAACAACGGGAA-1,GSM8848586,10,Activated fibroblast,0.021093847,False,reference_like
GSM8848586_CCCGCAATCTCACCTTAACGGGAA-1,GSM8848586,10,Activated fibroblast,0.026436528,False,reference_like
GSM8848586_CCCGTAAGTATGTTTGAACGGGAA-1,GSM8848586,10,Activated fibroblast,0.07027542,False,reference_like
GSM8848586_CCCGTAAGTCACTAGTAACGGGAA-1,GSM8848586,10,Activated fibroblast,0.028399521,False,reference_like
GSM8848586_CCCGTAAGTTAGGTAGAACGGGAA-1,GSM8848586,10,Activated fibroblast,0.07248462,False,reference_like
GSM8848586_CCCGTAGTCACCATATAACGGGAA-1,GSM8848586,10,Activated fibroblast,0.076446794,False,reference_like
GSM8848586_CCCGTAGTCCTTAGATAACGGGAA-1,GSM8848586,10,Activated fibroblast,0.023252847,False,reference_like
GSM8848586_CCCTAAGGTACAGCAAAACGGGAA-1,GSM8848586,3,Endothelial,0.046888195,False,reference_like
GSM8848586_CCCTAAGGTGCATCGCAACGGGAA-1,GSM8848586,10,Activated fibroblast,0.03573371,False,reference_like
GSM8848586_CCCTGAGTCCTTTGGAAACGGGAA-1,GSM8848586,10,Activated fibroblast,0.037555367,False,reference_like
GSM8848586_CCCTGATAGATGCTAAAACGGGAA-1,GSM8848586,10,Activated fibroblast,0.024961218,False,reference_like
GSM8848586_CCCTGGATCGGTTCCGAACGGGAA-1,GSM8848586,10,Activated fibroblast,0.035386436,False,reference_like
GSM8848586_CCCTGTGAGAAGGTTCAACGGGAA-1,GSM8848586,3,Endothelial,0.052663725,False,reference_like
GSM8848586_CCGAAAGTCAACCGCTAACGGGAA-1,GSM8848586,10,Activated fibroblast,0.1091835,True,reference_like
GSM8848586_CCGATTGGTAACTAGGAACGGGAA-1,GSM8848586,10,Activated fibroblast,0.046730198,False,reference_like
GSM8848586_CCGCATTAGTGATTAGAACGGGAA-1,GSM8848586,8,Cycling,0.028742645,False,not_assessed
GSM8848586_CCGCTATAGACGCATGAACGGGAA-1,GSM8848586,6,Macrophage,0.07059897,False,reference_like
GSM8848586_CCGCTTACACTTTACAAACGGGAA-1,GSM8848586,6,Macrophage,0.046128765,False,reference_like
GSM8848586_CCGTACGTCTAAGTCTAACGGGAA-1,GSM8848586,10,Activated fibroblast,0.050690547,False,reference_like
GSM8848586_CCGTCAAGTGTTTGGTAACGGGAA-1,GSM8848586,0,Prostate epithelial - AR high,0.0743135,False,CNV_low_candidate
GSM8848586_CCTAACCAGAAAGGCAAACGGGAA-1,GSM8848586,6,Macrophage,0.037007708,False,reference_like
GSM8848586_CCTAAGCTCGCCTGCAAACGGGAA-1,GSM8848586,10,Activated fibroblast,0.031437907,False,reference_like
GSM8848586_CCTAAGCTCGTTAGGGAACGGGAA-1,GSM8848586,10,Activated fibroblast,0.037445813,False,reference_like
GSM8848586_CCTACTTTCGGTAAACAACGGGAA-1,GSM8848586,10,Activated fibroblast,0.07023366,False,reference_like
GSM8848586_CCTACTTTCTAAATCCAACGGGAA-1,GSM8848586,6,Macrophage,0.048623923,False,reference_like
GSM8848586_CCTATGGGTTAGTCTAAACGGGAA-1,GSM8848586,10,Activated fibroblast,0.02320931,False,reference_like
GSM8848586_CCTATTGAGTGTCCACAACGGGAA-1,GSM8848586,10,Activated fibroblast,0.0333702,False,reference_like
GSM8848586_CCTCAATCAAACTTGGAACGGGAA-1,GSM8848586,10,Activated fibroblast,0.029038867,False,reference_like
GSM8848586_CCTCACACATTGTGAGAACGGGAA-1,GSM8848586,10,Activated fibroblast,0.076265946,False,reference_like
GSM8848586_CCTCAGCCACTCAAAGAACGGGAA-1,GSM8848586,10,Activated fibroblast,0.01705892,False,reference_like
GSM8848586_CCTCATCGTACCGCACAACGGGAA-1,GSM8848586,10,Activated fibroblast,0.026856901,False,reference_like
GSM8848586_CCTGGTAGTAAGGCTAAACGGGAA-1,GSM8848586,10,Activated fibroblast,0.06282843,False,reference_like
GSM8848586_CCTGTTGCATCAAGTGAACGGGAA-1,GSM8848586,10,Activated fibroblast,0.07628804,False,reference_like
GSM8848586_CCTTCCATCCGGATAGAACGGGAA-1,GSM8848586,10,Activated fibroblast,0.034773555,False,reference_like
GSM8848586_CCTTCCATCGATATAGAACGGGAA-1,GSM8848586,6,Macrophage,0.028990638,False,reference_like
GSM8848586_CGAACCAAGTGTGATAAACGGGAA-1,GSM8848586,10,Activated fibroblast,0.066278055,False,reference_like
GSM8848586_CGAAGAAAGACAAAGGAACGGGAA-1,GSM8848586,6,Macrophage,0.059455886,False,reference_like
GSM8848586_CGACATTGTGACACAAAACGGGAA-1,GSM8848586,6,Macrophage,0.056340575,False,reference_like
GSM8848586_CGACCGTGTGCTTCGAAACGGGAA-1,GSM8848586,6,Macrophage,0.028874138,False,reference_like
GSM8848586_CGACTCCCACTCAAAGAACGGGAA-1,GSM8848586,11,Prostate epithelial - luminal,0.062077705,False,CNV_low_candidate
GSM8848586_CGACTTATCACCTTTCAACGGGAA-1,GSM8848586,10,Activated fibroblast,0.041152522,False,reference_like
GSM8848586_CGAGAGGAGACAACACAACGGGAA-1,GSM8848586,10,Activated fibroblast,0.03785681,False,reference_like
GSM8848586_CGAGAGGAGAGGCGAGAACGGGAA-1,GSM8848586,6,Macrophage,0.040497802,False,reference_like
GSM8848586_CGAGAGGAGCGCAAGCAACGGGAA-1,GSM8848586,6,Macrophage,0.038017854,False,reference_like
GSM8848586_CGATAAATCTATTGGTAACGGGAA-1,GSM8848586,10,Activated fibroblast,0.06729075,False,reference_like
GSM8848586_CGATAAATCTTTGGATAACGGGAA-1,GSM8848586,10,Activated fibroblast,0.040201735,False,reference_like
GSM8848586_CGATAGCCAAACCGGTAACGGGAA-1,GSM8848586,6,Macrophage,0.045568403,False,reference_like
GSM8848586_CGATAGGTCGCTTGCGAACGGGAA-1,GSM8848586,6,Macrophage,0.04284365,False,reference_like
GSM8848586_CGATATGCATCAGGTAAACGGGAA-1,GSM8848586,10,Activated fibroblast,0.040157486,False,reference_like
GSM8848586_CGATATGCATGGCCGAAACGGGAA-1,GSM8848586,11,Prostate epithelial - luminal,0.073664896,False,CNV_low_candidate
GSM8848586_CGATGAAGTAATGGTGAACGGGAA-1,GSM8848586,10,Activated fibroblast,0.056435693,False,reference_like
GSM8848586_CGATGTTGTAAGCTAGAACGGGAA-1,GSM8848586,3,Endothelial,0.022065567,False,reference_like
GSM8848586_CGATTCATCACTCGCGAACGGGAA-1,GSM8848586,5,T/NK lymphocyte,0.084807254,False,reference_like
GSM8848586_CGATTCATCATTGCATAACGGGAA-1,GSM8848586,10,Activated fibroblast,0.02970243,False,reference_like
GSM8848586_CGCAACTTCAGCGAATAACGGGAA-1,GSM8848586,10,Activated fibroblast,0.037473947,False,reference_like
GSM8848586_CGCACAAAGATAGCCGAACGGGAA-1,GSM8848586,10,Activated fibroblast,0.07522292,False,reference_like
GSM8848586_CGCACATTCAGCACCTAACGGGAA-1,GSM8848586,6,Macrophage,0.018472133,False,reference_like
GSM8848586_CGCAGGTAGATTATCCAACGGGAA-1,GSM8848586,10,Activated fibroblast,0.042782784,False,reference_like
GSM8848586_CGCAGGTAGTCGTTCAAACGGGAA-1,GSM8848586,10,Activated fibroblast,0.016500548,False,reference_like
GSM8848586_CGCATAACAGCTCGAGAACGGGAA-1,GSM8848586,10,Activated fibroblast,0.029542342,False,reference_like
GSM8848586_CGCATCCCATAGGGTCAACGGGAA-1,GSM8848586,5,T/NK lymphocyte,0.08234178,False,reference_like
GSM8848586_CGCATTTCAAATGACTAACGGGAA-1,GSM8848586,10,Activated fibroblast,0.04740248,False,reference_like
GSM8848586_CGCATTTCATCCCAATAACGGGAA-1,GSM8848586,10,Activated fibroblast,0.037970185,False,reference_like
GSM8848586_CGCCATCCAAGCTCAAAACGGGAA-1,GSM8848586,10,Activated fibroblast,0.040322416,False,reference_like
GSM8848586_CGCGACACAACCTGTTAACGGGAA-1,GSM8848586,10,Activated fibroblast,0.018602181,False,reference_like
GSM8848586_CGCTGGACAGGATGCTAACGGGAA-1,GSM8848586,10,Activated fibroblast,0.059736744,False,reference_like
GSM8848586_CGCTTTAAGCGCTACTAACGGGAA-1,GSM8848586,10,Activated fibroblast,0.038992994,False,reference_like
GSM8848586_CGGCTAAAGTTGACGGAACGGGAA-1,GSM8848586,10,Activated fibroblast,0.045759786,False,reference_like
GSM8848586_CGGCTAAAGTTTGAGAAACGGGAA-1,GSM8848586,10,Activated fibroblast,0.03296966,False,reference_like
GSM8848586_CGGGATGGTGCTCCTTAACGGGAA-1,GSM8848586,10,Activated fibroblast,0.032693997,False,reference_like
GSM8848586_CGGGTTGCACCACATTAACGGGAA-1,GSM8848586,10,Activated fibroblast,0.03944696,False,reference_like
GSM8848586_CGGTGAGGTATTCGACAACGGGAA-1,GSM8848586,10,Activated fibroblast,0.10461514,True,reference_like
GSM8848586_CGGTGTGCAATAACCGAACGGGAA-1,GSM8848586,10,Activated fibroblast,0.14041908,True,reference_like
GSM8848586_CGGTTAGAGGGTTGCAAACGGGAA-1,GSM8848586,10,Activated fibroblast,0.03558147,False,reference_like
GSM8848586_CGTAACGAGCAACTTTAACGGGAA-1,GSM8848586,6,Macrophage,0.037646826,False,reference_like
GSM8848586_CGTAACGAGCTGGGTAAACGGGAA-1,GSM8848586,10,Activated fibroblast,0.074637145,False,reference_like
GSM8848586_CGTAATTTCAAGCTCCAACGGGAA-1,GSM8848586,10,Activated fibroblast,0.045703266,False,reference_like
GSM8848586_CGTACGTTCACTAGGGAACGGGAA-1,GSM8848586,9,Neuroendocrine-like,0.07361721,False,CNV_low_candidate
GSM8848586_CGTACTTCAAATACCGAACGGGAA-1,GSM8848586,10,Activated fibroblast,0.10268336,True,reference_like
GSM8848586_CGTACTTCATTTGGAGAACGGGAA-1,GSM8848586,10,Activated fibroblast,0.023496224,False,reference_like
GSM8848586_CGTGAACCACCTAAAGAACGGGAA-1,GSM8848586,3,Endothelial,0.028753454,False,reference_like
GSM8848586_CGTGAGGGTCAAGCTTAACGGGAA-1,GSM8848586,10,Activated fibroblast,0.028840944,False,reference_like
GSM8848586_CGTGCGTGTACGGGCAAACGGGAA-1,GSM8848586,6,Macrophage,0.04445853,False,reference_like
GSM8848586_CGTTACATCGTTATGTAACGGGAA-1,GSM8848586,0,Prostate epithelial - AR high,0.041480638,False,CNV_low_candidate
GSM8848586_CGTTATAGTAAGCGTAAACGGGAA-1,GSM8848586,10,Activated fibroblast,0.063698836,False,reference_like
GSM8848586_CGTTATGTCCGAATTTAACGGGAA-1,GSM8848586,10,Activated fibroblast,0.037868246,False,reference_like
GSM8848586_CGTTATGTCTTGAATCAACGGGAA-1,GSM8848586,10,Activated fibroblast,0.04864649,False,reference_like
GSM8848586_CGTTCAATCATCAGCCAACGGGAA-1,GSM8848586,13,Neuroendocrine-like,0.04000162,False,CNV_low_candidate
GSM8848586_CGTTGCGTCTGGCCATAACGGGAA-1,GSM8848586,10,Activated fibroblast,0.07193248,False,reference_like
GSM8848586_CGTTTGGGTAATTGCCAACGGGAA-1,GSM8848586,6,Macrophage,0.035560608,False,reference_like
GSM8848586_CTAACAGCATTCCTTTAACGGGAA-1,GSM8848586,6,Macrophage,0.05404307,False,reference_like
GSM8848586_CTAAGATCAAATCACGAACGGGAA-1,GSM8848586,10,Activated fibroblast,0.07167804,False,reference_like
GSM8848586_CTAAGGCCAAGAACAAAACGGGAA-1,GSM8848586,10,Activated fibroblast,0.06972251,False,reference_like
GSM8848586_CTAAGGGTCAATGTTCAACGGGAA-1,GSM8848586,10,Activated fibroblast,0.074933924,False,reference_like
GSM8848586_CTAAGGGTCAGCCCTGAACGGGAA-1,GSM8848586,10,Activated fibroblast,0.051068336,False,reference_like
GSM8848586_CTACCAGGTAATTTCGAACGGGAA-1,GSM8848586,6,Macrophage,0.04423502,False,reference_like
GSM8848586_CTACCAGGTCGTTATAAACGGGAA-1,GSM8848586,10,Activated fibroblast,0.08105053,False,reference_like
GSM8848586_CTACCATCATAACCGAAACGGGAA-1,GSM8848586,10,Activated fibroblast,0.06972892,False,reference_like
GSM8848586_CTACCCACATGAGCTAAACGGGAA-1,GSM8848586,6,Macrophage,0.04494258,False,reference_like
GSM8848586_CTACCTAAGGATGCATAACGGGAA-1,GSM8848586,11,Prostate epithelial - luminal,0.047885455,False,CNV_low_candidate
GSM8848586_CTACTGATCTGTGACCAACGGGAA-1,GSM8848586,10,Activated fibroblast,0.031489734,False,reference_like
GSM8848586_CTAGGCTTCTAACCATAACGGGAA-1,GSM8848586,6,Macrophage,0.083118774,False,reference_like
GSM8848586_CTAGTCTCAGCTCATTAACGGGAA-1,GSM8848586,7,Neuroendocrine-like,0.08159075,False,CNV_low_candidate
GSM8848586_CTATAGGCAAAGCTCAAACGGGAA-1,GSM8848586,3,Endothelial,0.045681983,False,reference_like
GSM8848586_CTATCCGCACGTAAATAACGGGAA-1,GSM8848586,10,Activated fibroblast,0.122532494,True,reference_like
GSM8848586_CTATGTCCATCCGGAGAACGGGAA-1,GSM8848586,10,Activated fibroblast,0.023306483,False,reference_like
GSM8848586_CTATTACAGACCAGGCAACGGGAA-1,GSM8848586,6,Macrophage,0.017769828,False,reference_like
GSM8848586_CTATTGAGTCTATCTTAACGGGAA-1,GSM8848586,10,Activated fibroblast,0.07587729,False,reference_like
GSM8848586_CTCAAGACAGTAAGTTAACGGGAA-1,GSM8848586,5,T/NK lymphocyte,0.08365315,False,reference_like
GSM8848586_CTCAAGACATTGTGTCAACGGGAA-1,GSM8848586,10,Activated fibroblast,0.06491791,False,reference_like
GSM8848586_CTCAATAGTGCTCCTTAACGGGAA-1,GSM8848586,10,Activated fibroblast,0.03142132,False,reference_like
GSM8848586_CTCAGCTAGACTCCTAAACGGGAA-1,GSM8848586,10,Activated fibroblast,0.14166188,True,reference_like
GSM8848586_CTCATGATCATGAGGTAACGGGAA-1,GSM8848586,6,Macrophage,0.06215411,False,reference_like
GSM8848586_CTCATGATCGTCCCGAAACGGGAA-1,GSM8848586,10,Activated fibroblast,0.027770935,False,reference_like
GSM8848586_CTCCATCGTGCATCGCAACGGGAA-1,GSM8848586,13,Neuroendocrine-like,0.03902542,False,CNV_low_candidate
GSM8848586_CTCCTAAAGAAGTACCAACGGGAA-1,GSM8848586,10,Activated fibroblast,0.065567926,False,reference_like
GSM8848586_CTCGATTCATATAGGTAACGGGAA-1,GSM8848586,6,Macrophage,0.0476419,False,reference_like
GSM8848586_CTCGATTCATTTGTTGAACGGGAA-1,GSM8848586,10,Activated fibroblast,0.030969694,False,reference_like
GSM8848586_CTCTAACCACGTAGGTAACGGGAA-1,GSM8848586,6,Macrophage,0.04642896,False,reference_like
GSM8848586_CTCTCAGCAAGCCAGTAACGGGAA-1,GSM8848586,5,T/NK lymphocyte,0.07924463,False,reference_like
GSM8848586_CTCTCGACAGGATGCTAACGGGAA-1,GSM8848586,5,T/NK lymphocyte,0.067166604,False,reference_like
GSM8848586_CTGACCAGTCTACCTCAACGGGAA-1,GSM8848586,10,Activated fibroblast,0.06552253,False,reference_like
GSM8848586_CTGCAAACAACTAGTGAACGGGAA-1,GSM8848586,6,Macrophage,0.043029625,False,reference_like
GSM8848586_CTGCAAACAATTGCGAAACGGGAA-1,GSM8848586,6,Macrophage,0.06189471,False,reference_like
GSM8848586_CTGCAACTCCCTCGCTAACGGGAA-1,GSM8848586,10,Activated fibroblast,0.12094595,True,reference_like
GSM8848586_CTGGTCAGTGTGGCTCAACGGGAA-1,GSM8848586,10,Activated fibroblast,0.022278724,False,reference_like
GSM8848586_CTGTCAATCGAGGCACAACGGGAA-1,GSM8848586,10,Activated fibroblast,0.038398795,False,reference_like
GSM8848586_CTGTCATCACTTTATGAACGGGAA-1,GSM8848586,6,Macrophage,0.081269674,False,reference_like
GSM8848586_CTGTGGCGTGTGAGGTAACGGGAA-1,GSM8848586,10,Activated fibroblast,0.12032938,True,reference_like
GSM8848586_CTGTTGCAGGACAACTAACGGGAA-1,GSM8848586,10,Activated fibroblast,0.08242314,False,reference_like
GSM8848586_CTTAACAGTAACTACCAACGGGAA-1,GSM8848586,10,Activated fibroblast,0.049429137,False,reference_like
GSM8848586_CTTAACGTCAGGCATGAACGGGAA-1,GSM8848586,10,Activated fibroblast,0.027392786,False,reference_like
GSM8848586_CTTAAGCGTTCACTCCAACGGGAA-1,GSM8848586,5,T/NK lymphocyte,0.070911296,False,reference_like
GSM8848586_CTTAATGGTACGTTACAACGGGAA-1,GSM8848586,11,Prostate epithelial - luminal,0.03618886,False,CNV_low_candidate
GSM8848586_CTTACCGCATCACAGAAACGGGAA-1,GSM8848586,10,Activated fibroblast,0.04392228,False,reference_like
GSM8848586_CTTACCGCATCATAGGAACGGGAA-1,GSM8848586,5,T/NK lymphocyte,0.071799286,False,reference_like
GSM8848586_CTTAGTGTCACAATGAAACGGGAA-1,GSM8848586,3,Endothelial,0.02758157,False,reference_like
GSM8848586_CTTCAATAGCATCCCGAACGGGAA-1,GSM8848586,6,Macrophage,0.0682143,False,reference_like
GSM8848586_CTTCAATAGGAGGATAAACGGGAA-1,GSM8848586,6,Macrophage,0.028632188,False,reference_like
GSM8848586_CTTCCTCCAAACGGGAAACGGGAA-1,GSM8848586,11,Prostate epithelial - luminal,0.068413824,False,CNV_low_candidate
GSM8848586_CTTCCTCCAAGATAAGAACGGGAA-1,GSM8848586,6,Macrophage,0.03404719,False,reference_like
GSM8848586_CTTCGCCTCCGGCTCAAACGGGAA-1,GSM8848586,5,T/NK lymphocyte,0.066280745,False,reference_like
GSM8848586_CTTGATGTCAAGCTCCAACGGGAA-1,GSM8848586,10,Activated fibroblast,0.01783398,False,reference_like
GSM8848586_CTTGATGTCCCATAGCAACGGGAA-1,GSM8848586,5,T/NK lymphocyte,0.07976643,False,reference_like
GSM8848586_CTTGCACAGTACCAGGAACGGGAA-1,GSM8848586,13,Neuroendocrine-like,0.018547798,False,CNV_low_candidate
GSM8848586_CTTGCTGCAGCCATTTAACGGGAA-1,GSM8848586,10,Activated fibroblast,0.020090261,False,reference_like
GSM8848586_CTTGGTTCAGCCAGCAAACGGGAA-1,GSM8848586,10,Activated fibroblast,0.0471326,False,reference_like
GSM8848586_CTTGTGATCGAGCTAGAACGGGAA-1,GSM8848586,6,Macrophage,0.03632473,False,reference_like
GSM8848586_CTTTCATGTCATGATCAACGGGAA-1,GSM8848586,10,Activated fibroblast,0.033931028,False,reference_like
GSM8848586_CTTTGGATCGTTCAATAACGGGAA-1,GSM8848586,10,Activated fibroblast,0.055174116,False,reference_like
GSM8848586_GAAATACGTGCCCTTTAACGGGAA-1,GSM8848586,6,Macrophage,0.07924342,False,reference_like
GSM8848586_GAACTTAAGCGAGTTGAACGGGAA-1,GSM8848586,10,Activated fibroblast,0.06760263,False,reference_like
GSM8848586_GAACTTAAGGAACCATAACGGGAA-1,GSM8848586,10,Activated fibroblast,0.06699079,False,reference_like
GSM8848586_GAAGTATGTAGCCACCAACGGGAA-1,GSM8848586,6,Macrophage,0.040493537,False,reference_like
GSM8848586_GAAGTATGTTGTTTAGAACGGGAA-1,GSM8848586,3,Endothelial,0.06301373,False,reference_like
GSM8848586_GAATCGGTCTCGCCTCAACGGGAA-1,GSM8848586,11,Prostate epithelial - luminal,0.07851362,False,CNV_low_candidate
GSM8848586_GAATGCGTCCAGAACGAACGGGAA-1,GSM8848586,10,Activated fibroblast,0.03359488,False,reference_like
GSM8848586_GAATGTCAGTTGCGCTAACGGGAA-1,GSM8848586,10,Activated fibroblast,0.04171854,False,reference_like
GSM8848586_GACAACTAGATAACTGAACGGGAA-1,GSM8848586,10,Activated fibroblast,0.039786458,False,reference_like
GSM8848586_GACAACTAGGGTTTGGAACGGGAA-1,GSM8848586,10,Activated fibroblast,0.045541774,False,reference_like
GSM8848586_GACAACTAGGTAGACTAACGGGAA-1,GSM8848586,10,Activated fibroblast,0.043179397,False,reference_like
GSM8848586_GACAGGGAGGAACCTGAACGGGAA-1,GSM8848586,10,Activated fibroblast,0.11556364,True,reference_like
GSM8848586_GACATAATCAAACCAAAACGGGAA-1,GSM8848586,10,Activated fibroblast,0.025894305,False,reference_like
GSM8848586_GACATTCGTTGTGACTAACGGGAA-1,GSM8848586,0,Prostate epithelial - AR high,0.03606262,False,CNV_low_candidate
GSM8848586_GACCAAGTCCATCCGGAACGGGAA-1,GSM8848586,6,Macrophage,0.044547215,False,reference_like
GSM8848586_GACCGTGCAAAGAACAAACGGGAA-1,GSM8848586,10,Activated fibroblast,0.08776304,False,reference_like
GSM8848586_GACCGTGCAGTAAGGGAACGGGAA-1,GSM8848586,5,T/NK lymphocyte,0.06146015,False,reference_like
GSM8848586_GACCTCAGTCGAATCTAACGGGAA-1,GSM8848586,6,Macrophage,0.057192765,False,reference_like
GSM8848586_GACCTGAAGCGCTACTAACGGGAA-1,GSM8848586,10,Activated fibroblast,0.06326436,False,reference_like
GSM8848586_GACCTTCAGTCGAAGTAACGGGAA-1,GSM8848586,10,Activated fibroblast,0.029552441,False,reference_like
GSM8848586_GACGAGGAGACAACTAAACGGGAA-1,GSM8848586,0,Prostate epithelial - AR high,0.07726665,False,CNV_low_candidate
GSM8848586_GACTAAATCGTTGCACAACGGGAA-1,GSM8848586,6,Macrophage,0.050264508,False,reference_like
GSM8848586_GAGACCCAGCGCGAACAACGGGAA-1,GSM8848586,10,Activated fibroblast,0.07280075,False,reference_like
GSM8848586_GAGCCTGCATTTGGAGAACGGGAA-1,GSM8848586,8,Cycling,0.024076344,False,not_assessed
GSM8848586_GAGCTATAGCTATCGCAACGGGAA-1,GSM8848586,10,Activated fibroblast,0.060182225,False,reference_like
GSM8848586_GAGCTTTGTAGCTATCAACGGGAA-1,GSM8848586,10,Activated fibroblast,0.02947155,False,reference_like
GSM8848586_GAGGCAACAAGATAAGAACGGGAA-1,GSM8848586,10,Activated fibroblast,0.08552647,False,reference_like
GSM8848586_GAGTGACGTAATGAACAACGGGAA-1,GSM8848586,6,Macrophage,0.037627634,False,reference_like
GSM8848586_GATAGGTTCAACCTCAAACGGGAA-1,GSM8848586,3,Endothelial,0.033906013,False,reference_like
GSM8848586_GATAGGTTCACCTAATAACGGGAA-1,GSM8848586,10,Activated fibroblast,0.025762403,False,reference_like
GSM8848586_GATCTTAGTTCATTAGAACGGGAA-1,GSM8848586,6,Macrophage,0.06122477,False,reference_like
GSM8848586_GATGACAGTCGAAGGTAACGGGAA-1,GSM8848586,10,Activated fibroblast,0.08665847,False,reference_like
GSM8848586_GATGCCCGTTAACGAGAACGGGAA-1,GSM8848586,10,Activated fibroblast,0.04815814,False,reference_like
GSM8848586_GATGGAGCATCCGGAGAACGGGAA-1,GSM8848586,10,Activated fibroblast,0.023068277,False,reference_like
GSM8848586_GATTAACCATAGACCAAACGGGAA-1,GSM8848586,10,Activated fibroblast,0.039026514,False,reference_like
GSM8848586_GATTACCGTAATAGGTAACGGGAA-1,GSM8848586,10,Activated fibroblast,0.025524728,False,reference_like
GSM8848586_GATTAGTCAAGCCACGAACGGGAA-1,GSM8848586,10,Activated fibroblast,0.06901027,False,reference_like
GSM8848586_GATTATCTCGAAGGCCAACGGGAA-1,GSM8848586,10,Activated fibroblast,0.04499854,False,reference_like
GSM8848586_GATTCGCTCACAGGGCAACGGGAA-1,GSM8848586,6,Macrophage,0.06124214,False,reference_like
GSM8848586_GATTGATCACATGCTTAACGGGAA-1,GSM8848586,3,Endothelial,0.0475162,False,reference_like
GSM8848586_GATTGCACAGGAGCAAAACGGGAA-1,GSM8848586,6,Macrophage,0.05190297,False,reference_like
GSM8848586_GATTGGCCAGTGAGGAAACGGGAA-1,GSM8848586,6,Macrophage,0.051505435,False,reference_like
GSM8848586_GATTGTGCACGGGCTAAACGGGAA-1,GSM8848586,10,Activated fibroblast,0.030257093,False,reference_like
GSM8848586_GCAAACCCAGATAGCCAACGGGAA-1,GSM8848586,6,Macrophage,0.05006831,False,reference_like
GSM8848586_GCAAACCCATTTGGAGAACGGGAA-1,GSM8848586,10,Activated fibroblast,0.047011998,False,reference_like
GSM8848586_GCAAACTAGAGCAAGAAACGGGAA-1,GSM8848586,6,Macrophage,0.064478405,False,reference_like
GSM8848586_GCAAATGGTTTGACTAAACGGGAA-1,GSM8848586,9,Neuroendocrine-like,0.026136616,False,CNV_low_candidate
GSM8848586_GCAACTTGTTTCCACCAACGGGAA-1,GSM8848586,11,Prostate epithelial - luminal,0.088805065,False,CNV_low_candidate
GSM8848586_GCACACCGTACCTTAAAACGGGAA-1,GSM8848586,10,Activated fibroblast,0.041558348,False,reference_like
GSM8848586_GCACAGCAGGATGAAGAACGGGAA-1,GSM8848586,6,Macrophage,0.046044208,False,reference_like
GSM8848586_GCACAGCAGGTATAGCAACGGGAA-1,GSM8848586,11,Prostate epithelial - luminal,0.036353532,False,CNV_low_candidate
GSM8848586_GCACAGCAGTCGCGAAAACGGGAA-1,GSM8848586,10,Activated fibroblast,0.030278267,False,reference_like
GSM8848586_GCACTTGGTACACCCAAACGGGAA-1,GSM8848586,10,Activated fibroblast,0.10088923,True,reference_like
GSM8848586_GCAGCAATCGGTCAAGAACGGGAA-1,GSM8848586,6,Macrophage,0.076095566,False,reference_like
GSM8848586_GCAGTAAGTAATGCGAAACGGGAA-1,GSM8848586,3,Endothelial,0.05725266,False,reference_like
GSM8848586_GCAGTTTGTAATAGGTAACGGGAA-1,GSM8848586,7,Neuroendocrine-like,0.08446114,False,CNV_low_candidate
GSM8848586_GCAGTTTGTAGCTATCAACGGGAA-1,GSM8848586,6,Macrophage,0.054915216,False,reference_like
GSM8848586_GCAGTTTGTTGGGCGAAACGGGAA-1,GSM8848586,6,Macrophage,0.04757109,False,reference_like
GSM8848586_GCATAAATCATTACCGAACGGGAA-1,GSM8848586,6,Macrophage,0.06863375,False,reference_like
GSM8848586_GCATAAATCGCTCAGTAACGGGAA-1,GSM8848586,10,Activated fibroblast,0.024865018,False,reference_like
GSM8848586_GCATAATCACATTGAGAACGGGAA-1,GSM8848586,6,Macrophage,0.06400741,False,reference_like
GSM8848586_GCATCTATCCATAGAAAACGGGAA-1,GSM8848586,5,T/NK lymphocyte,0.07730897,False,reference_like
GSM8848586_GCATGAGTCACGGACAAACGGGAA-1,GSM8848586,10,Activated fibroblast,0.03063066,False,reference_like
GSM8848586_GCATGCAAGGCGCATAAACGGGAA-1,GSM8848586,10,Activated fibroblast,0.03600424,False,reference_like
GSM8848586_GCATGGATCGGGATGCAACGGGAA-1,GSM8848586,10,Activated fibroblast,0.026958339,False,reference_like
GSM8848586_GCATTACGTTTATCGAAACGGGAA-1,GSM8848586,10,Activated fibroblast,0.033951014,False,reference_like
GSM8848586_GCCAACAAGGCCAACAAACGGGAA-1,GSM8848586,10,Activated fibroblast,0.06642668,False,reference_like
GSM8848586_GCCATAACATGTTTCAAACGGGAA-1,GSM8848586,10,Activated fibroblast,0.08880693,False,reference_like
GSM8848586_GCCATTTCAATTAGCGAACGGGAA-1,GSM8848586,6,Macrophage,0.04657768,False,reference_like
GSM8848586_GCCATTTCAGGCGAAAAACGGGAA-1,GSM8848586,13,Neuroendocrine-like,0.036156725,False,CNV_low_candidate
GSM8848586_GCCCAATTCCAAACAAAACGGGAA-1,GSM8848586,6,Macrophage,0.03070849,False,reference_like
GSM8848586_GCCCAGTGTAACGTGAAACGGGAA-1,GSM8848586,6,Macrophage,0.04447271,False,reference_like
GSM8848586_GCCCTGATCGATTAAGAACGGGAA-1,GSM8848586,6,Macrophage,0.041754868,False,reference_like
GSM8848586_GCCCTGATCGCCTCTCAACGGGAA-1,GSM8848586,10,Activated fibroblast,0.050786585,False,reference_like
GSM8848586_GCCCTTGAGCCTAGTCAACGGGAA-1,GSM8848586,10,Activated fibroblast,0.043007355,False,reference_like
GSM8848586_GCCGTGACATCGTTCGAACGGGAA-1,GSM8848586,10,Activated fibroblast,0.055012345,False,reference_like
GSM8848586_GCCTAATGTGCAGCTCAACGGGAA-1,GSM8848586,8,Cycling,0.07970069,False,not_assessed
GSM8848586_GCCTCATAGGAAACTCAACGGGAA-1,GSM8848586,3,Endothelial,0.03504907,False,reference_like
GSM8848586_GCCTCATAGGGTCTAGAACGGGAA-1,GSM8848586,10,Activated fibroblast,0.051100563,False,reference_like
GSM8848586_GCCTGAGCAATAGCTGAACGGGAA-1,GSM8848586,10,Activated fibroblast,0.08674546,False,reference_like
GSM8848586_GCCTGCATCAGTTTACAACGGGAA-1,GSM8848586,10,Activated fibroblast,0.02667595,False,reference_like
GSM8848586_GCGAGCTAGTGGACCAAACGGGAA-1,GSM8848586,10,Activated fibroblast,0.034380294,False,reference_like
GSM8848586_GCGAGGTTCATTAGTCAACGGGAA-1,GSM8848586,10,Activated fibroblast,0.040739737,False,reference_like
GSM8848586_GCGATAAGTGTGATGAAACGGGAA-1,GSM8848586,10,Activated fibroblast,0.023469554,False,reference_like
GSM8848586_GCGCAACAGCTCAACCAACGGGAA-1,GSM8848586,10,Activated fibroblast,0.030711325,False,reference_like
GSM8848586_GCGCACACACTAACGAAACGGGAA-1,GSM8848586,6,Macrophage,0.048408914,False,reference_like
GSM8848586_GCGCTAAAGTACCAGGAACGGGAA-1,GSM8848586,6,Macrophage,0.021479545,False,reference_like
GSM8848586_GCGCTACGTTAACGGAAACGGGAA-1,GSM8848586,6,Macrophage,0.026097437,False,reference_like
GSM8848586_GCGGATTCACTCAATCAACGGGAA-1,GSM8848586,6,Macrophage,0.06315528,False,reference_like
GSM8848586_GCGGGTTAGGTAGACTAACGGGAA-1,GSM8848586,10,Activated fibroblast,0.047889113,False,reference_like
GSM8848586_GCGGTTCGTTAGTCTAAACGGGAA-1,GSM8848586,10,Activated fibroblast,0.10641651,True,reference_like
GSM8848586_GCGGTTCGTTATGAGGAACGGGAA-1,GSM8848586,13,Neuroendocrine-like,0.08263273,False,CNV_low_candidate
GSM8848586_GCGTGTTTCCTAAAGAAACGGGAA-1,GSM8848586,6,Macrophage,0.049702603,False,reference_like
GSM8848586_GCGTTATGTATAGCGAAACGGGAA-1,GSM8848586,5,T/NK lymphocyte,0.045376875,False,reference_like
GSM8848586_GCGTTATGTGAGTAATAACGGGAA-1,GSM8848586,5,T/NK lymphocyte,0.07016188,False,reference_like
GSM8848586_GCGTTTGGTTGCGAAAAACGGGAA-1,GSM8848586,6,Macrophage,0.051867038,False,reference_like
GSM8848586_GCGTTTGGTTGTTTAGAACGGGAA-1,GSM8848586,10,Activated fibroblast,0.041317582,False,reference_like
GSM8848586_GCGTTTGGTTTGACTAAACGGGAA-1,GSM8848586,10,Activated fibroblast,0.068532564,False,reference_like
GSM8848586_GCTAAATCATCATGCTAACGGGAA-1,GSM8848586,10,Activated fibroblast,0.032435097,False,reference_like
GSM8848586_GCTAACTGTTAGGCGGAACGGGAA-1,GSM8848586,10,Activated fibroblast,0.032605622,False,reference_like
GSM8848586_GCTACAACAGCACGTGAACGGGAA-1,GSM8848586,10,Activated fibroblast,0.031363044,False,reference_like
GSM8848586_GCTACAACATCCAAGAAACGGGAA-1,GSM8848586,10,Activated fibroblast,0.054171063,False,reference_like
GSM8848586_GCTACTATCGCAGCAAAACGGGAA-1,GSM8848586,6,Macrophage,0.05709389,False,reference_like
GSM8848586_GCTATAAAGCACTACCAACGGGAA-1,GSM8848586,10,Activated fibroblast,0.05393373,False,reference_like
GSM8848586_GCTATAAAGTTATGGAAACGGGAA-1,GSM8848586,10,Activated fibroblast,0.049989186,False,reference_like
GSM8848586_GCTATCCAGTTTCCAGAACGGGAA-1,GSM8848586,10,Activated fibroblast,0.05665281,False,reference_like
GSM8848586_GCTCCTGAGATAACGCAACGGGAA-1,GSM8848586,10,Activated fibroblast,0.033018168,False,reference_like
GSM8848586_GCTCGTTAGCTTAGTTAACGGGAA-1,GSM8848586,6,Macrophage,0.016089862,False,reference_like
GSM8848586_GCTGCTCCAACAGGCTAACGGGAA-1,GSM8848586,10,Activated fibroblast,0.07237827,False,reference_like
GSM8848586_GCTGGGTAGACAAAGGAACGGGAA-1,GSM8848586,10,Activated fibroblast,0.044922166,False,reference_like
GSM8848586_GCTGGGTAGGTGAGTTAACGGGAA-1,GSM8848586,10,Activated fibroblast,0.11474137,True,reference_like
GSM8848586_GCTGGTAAGCTGATGGAACGGGAA-1,GSM8848586,10,Activated fibroblast,0.04484654,False,reference_like
GSM8848586_GCTTAGGAGCTAAACAAACGGGAA-1,GSM8848586,10,Activated fibroblast,0.028253997,False,reference_like
GSM8848586_GCTTATTAGCCCTTGGAACGGGAA-1,GSM8848586,6,Macrophage,0.07486472,False,reference_like
GSM8848586_GCTTATTAGTGATTTCAACGGGAA-1,GSM8848586,6,Macrophage,0.046600875,False,reference_like
GSM8848586_GCTTCGGTCATTAGTCAACGGGAA-1,GSM8848586,8,Cycling,0.07486728,False,not_assessed
GSM8848586_GCTTCTAAGCTTATCGAACGGGAA-1,GSM8848586,11,Prostate epithelial - luminal,0.044032834,False,CNV_low_candidate
GSM8848586_GCTTCTAAGTTTCGGCAACGGGAA-1,GSM8848586,6,Macrophage,0.06200922,False,reference_like
GSM8848586_GCTTTCAAGGATGCATAACGGGAA-1,GSM8848586,13,Neuroendocrine-like,0.05679779,False,CNV_low_candidate
GSM8848586_GGAAATTGTCCGTGACAACGGGAA-1,GSM8848586,10,Activated fibroblast,0.036415823,False,reference_like
GSM8848586_GGAAATTGTCCTCATCAACGGGAA-1,GSM8848586,6,Macrophage,0.06334056,False,reference_like
GSM8848586_GGAACCTCAGCCTTCAAACGGGAA-1,GSM8848586,10,Activated fibroblast,0.09832268,False,reference_like
GSM8848586_GGAAGCCTCCGCAATCAACGGGAA-1,GSM8848586,10,Activated fibroblast,0.12903766,True,reference_like
GSM8848586_GGAAGCCTCGCTTGGTAACGGGAA-1,GSM8848586,5,T/NK lymphocyte,0.08263219,False,reference_like
GSM8848586_GGACATAGTCGTAATCAACGGGAA-1,GSM8848586,6,Macrophage,0.06456771,False,reference_like
GSM8848586_GGACATCCAAACAATCAACGGGAA-1,GSM8848586,6,Macrophage,0.021745596,False,reference_like
GSM8848586_GGACCAGGTGCTCCTTAACGGGAA-1,GSM8848586,11,Prostate epithelial - luminal,0.022766512,False,CNV_low_candidate
GSM8848586_GGACTAAGTTCCTTCAAACGGGAA-1,GSM8848586,5,T/NK lymphocyte,0.026541695,False,reference_like
GSM8848586_GGAGCATGTCAAACTCAACGGGAA-1,GSM8848586,10,Activated fibroblast,0.041590303,False,reference_like
GSM8848586_GGAGCGAAGGGAGGATAACGGGAA-1,GSM8848586,6,Macrophage,0.03457954,False,reference_like
GSM8848586_GGAGCGAAGTAAAGGGAACGGGAA-1,GSM8848586,6,Macrophage,0.03446102,False,reference_like
GSM8848586_GGAGCTATCCGCAATCAACGGGAA-1,GSM8848586,10,Activated fibroblast,0.09269475,False,reference_like
GSM8848586_GGAGGTACAGGACTACAACGGGAA-1,GSM8848586,10,Activated fibroblast,0.047466785,False,reference_like
GSM8848586_GGAGTCATCATGGAACAACGGGAA-1,GSM8848586,6,Macrophage,0.020557512,False,reference_like
GSM8848586_GGAGTCATCGTCCATAAACGGGAA-1,GSM8848586,5,T/NK lymphocyte,0.07857237,False,reference_like
GSM8848586_GGATAGGCAGCTCGCTAACGGGAA-1,GSM8848586,0,Prostate epithelial - AR high,0.07991128,False,CNV_low_candidate
GSM8848586_GGCAAGCTCCTTTAGGAACGGGAA-1,GSM8848586,10,Activated fibroblast,0.05305094,False,reference_like
GSM8848586_GGCAATCCAGCCCTTAAACGGGAA-1,GSM8848586,6,Macrophage,0.033141073,False,reference_like
GSM8848586_GGCACAATCCTTGAGCAACGGGAA-1,GSM8848586,5,T/NK lymphocyte,0.057744678,False,reference_like
GSM8848586_GGCACGTAGCAGGTCAAACGGGAA-1,GSM8848586,6,Macrophage,0.027877722,False,reference_like
GSM8848586_GGCACTAAGCGAAGCCAACGGGAA-1,GSM8848586,10,Activated fibroblast,0.029063152,False,reference_like
GSM8848586_GGCATGATCCCAAATTAACGGGAA-1,GSM8848586,10,Activated fibroblast,0.048631668,False,reference_like
GSM8848586_GGCATGTCAACAGGGAAACGGGAA-1,GSM8848586,10,Activated fibroblast,0.02374488,False,reference_like
GSM8848586_GGCATTACAATTGAGTAACGGGAA-1,GSM8848586,13,Neuroendocrine-like,0.02918586,False,CNV_low_candidate
GSM8848586_GGCATTTGTCAATTCAAACGGGAA-1,GSM8848586,8,Cycling,0.057891805,False,not_assessed
GSM8848586_GGCCTAAAGCGCTCCAAACGGGAA-1,GSM8848586,6,Macrophage,0.045056246,False,reference_like
GSM8848586_GGCCTATTCGACTTGCAACGGGAA-1,GSM8848586,10,Activated fibroblast,0.042191528,False,reference_like
GSM8848586_GGCCTTTAGGCCAACAAACGGGAA-1,GSM8848586,10,Activated fibroblast,0.026007792,False,reference_like
GSM8848586_GGCGAAACAATTGCGAAACGGGAA-1,GSM8848586,10,Activated fibroblast,0.04865657,False,reference_like
GSM8848586_GGCGAATGTAGTCATCAACGGGAA-1,GSM8848586,11,Prostate epithelial - luminal,0.08523376,False,CNV_low_candidate
GSM8848586_GGCGATTCAAACAAGAAACGGGAA-1,GSM8848586,10,Activated fibroblast,0.06814733,False,reference_like
GSM8848586_GGCGATTCATAGACGCAACGGGAA-1,GSM8848586,8,Cycling,0.022005936,False,not_assessed
GSM8848586_GGCGATTCATTGGGTAAACGGGAA-1,GSM8848586,10,Activated fibroblast,0.0771401,False,reference_like
GSM8848586_GGCGCAAGTGGGTGTGAACGGGAA-1,GSM8848586,10,Activated fibroblast,0.08709362,False,reference_like
GSM8848586_GGCTATTGTAAACTGGAACGGGAA-1,GSM8848586,8,Cycling,0.025164206,False,not_assessed
GSM8848586_GGCTATTGTTTGTCAAAACGGGAA-1,GSM8848586,10,Activated fibroblast,0.040722705,False,reference_like
GSM8848586_GGCTCAAAGCCCTTGGAACGGGAA-1,GSM8848586,6,Macrophage,0.048855685,False,reference_like
GSM8848586_GGCTCAAAGTGCAACGAACGGGAA-1,GSM8848586,8,Cycling,0.02318701,False,not_assessed
GSM8848586_GGCTGATCAATAGAAGAACGGGAA-1,GSM8848586,10,Activated fibroblast,0.038661893,False,reference_like
GSM8848586_GGCTTAGAGGCACTAGAACGGGAA-1,GSM8848586,13,Neuroendocrine-like,0.08111701,False,CNV_low_candidate
GSM8848586_GGCTTGCGTGTTAGTCAACGGGAA-1,GSM8848586,6,Macrophage,0.05301464,False,reference_like
GSM8848586_GGGAAGTAGCAAGACTAACGGGAA-1,GSM8848586,10,Activated fibroblast,0.03742863,False,reference_like
GSM8848586_GGGACAACATCCCTCTAACGGGAA-1,GSM8848586,10,Activated fibroblast,0.025938664,False,reference_like
GSM8848586_GGGAGTGAGAGCCGGTAACGGGAA-1,GSM8848586,10,Activated fibroblast,0.030111302,False,reference_like
GSM8848586_GGGATTTAGCCATTTGAACGGGAA-1,GSM8848586,11,Prostate epithelial - luminal,0.042700063,False,CNV_low_candidate
GSM8848586_GGGATTTAGGTGAGTTAACGGGAA-1,GSM8848586,6,Macrophage,0.046145223,False,reference_like
GSM8848586_GGGCAATGTATGGTGAAACGGGAA-1,GSM8848586,10,Activated fibroblast,0.032760907,False,reference_like
GSM8848586_GGGCTTAAGTCATGAAAACGGGAA-1,GSM8848586,10,Activated fibroblast,0.03180719,False,reference_like
GSM8848586_GGGTTAGTCATCAAGAAACGGGAA-1,GSM8848586,6,Macrophage,0.0697274,False,reference_like
GSM8848586_GGGTTATAGACTAATGAACGGGAA-1,GSM8848586,10,Activated fibroblast,0.024475778,False,reference_like
GSM8848586_GGGTTATAGAGCCGGTAACGGGAA-1,GSM8848586,10,Activated fibroblast,0.070332296,False,reference_like
GSM8848586_GGGTTGGGTAATGAACAACGGGAA-1,GSM8848586,10,Activated fibroblast,0.022571297,False,reference_like
GSM8848586_GGTAACCCAATACTGGAACGGGAA-1,GSM8848586,6,Macrophage,0.059454437,False,reference_like
GSM8848586_GGTAACCCACTTTATGAACGGGAA-1,GSM8848586,6,Macrophage,0.05115788,False,reference_like
GSM8848586_GGTAAGGCATCACAGAAACGGGAA-1,GSM8848586,10,Activated fibroblast,0.022061221,False,reference_like
GSM8848586_GGTAGTTAGTAGCTAAAACGGGAA-1,GSM8848586,10,Activated fibroblast,0.03870584,False,reference_like
GSM8848586_GGTCACGCATAATGACAACGGGAA-1,GSM8848586,10,Activated fibroblast,0.037621137,False,reference_like
GSM8848586_GGTCACGCATACCTTAAACGGGAA-1,GSM8848586,5,T/NK lymphocyte,0.062485576,False,reference_like
GSM8848586_GGTGCTGCAGAAACTTAACGGGAA-1,GSM8848586,8,Cycling,0.037287027,False,not_assessed
GSM8848586_GGTGCTTTCATGCGTCAACGGGAA-1,GSM8848586,10,Activated fibroblast,0.04096291,False,reference_like
GSM8848586_GGTGGATGTTCACCAGAACGGGAA-1,GSM8848586,10,Activated fibroblast,0.084225796,False,reference_like
GSM8848586_GGTTACCTCAGCATGGAACGGGAA-1,GSM8848586,10,Activated fibroblast,0.03912333,False,reference_like
GSM8848586_GTAAACCAGGATGCATAACGGGAA-1,GSM8848586,6,Macrophage,0.04816343,False,reference_like
GSM8848586_GTAAAGGAGATGGATCAACGGGAA-1,GSM8848586,3,Endothelial,0.032354154,False,reference_like
GSM8848586_GTAAAGGAGTACCAGGAACGGGAA-1,GSM8848586,13,Neuroendocrine-like,0.033302784,False,CNV_low_candidate
GSM8848586_GTAACCACAGGATGCTAACGGGAA-1,GSM8848586,6,Macrophage,0.065301955,False,reference_like
GSM8848586_GTAAGAACAATACCCTAACGGGAA-1,GSM8848586,10,Activated fibroblast,0.042635515,False,reference_like
GSM8848586_GTAAGAACAGCTTTCGAACGGGAA-1,GSM8848586,3,Endothelial,0.065394744,False,reference_like
GSM8848586_GTAATCCGTCATCATAAACGGGAA-1,GSM8848586,11,Prostate epithelial - luminal,0.071961954,False,CNV_low_candidate
GSM8848586_GTACCTATCGCCTCGAAACGGGAA-1,GSM8848586,10,Activated fibroblast,0.03149235,False,reference_like
GSM8848586_GTACCTATCTAACTACAACGGGAA-1,GSM8848586,10,Activated fibroblast,0.03903729,False,reference_like
GSM8848586_GTACTTAGTCTTACTTAACGGGAA-1,GSM8848586,5,T/NK lymphocyte,0.0769197,False,reference_like
GSM8848586_GTACTTAGTGCGGTTCAACGGGAA-1,GSM8848586,3,Endothelial,0.051581148,False,reference_like
GSM8848586_GTATGTAAGGGTTTCCAACGGGAA-1,GSM8848586,10,Activated fibroblast,0.027121834,False,reference_like
GSM8848586_GTATTCGTCACAGCCTAACGGGAA-1,GSM8848586,5,T/NK lymphocyte,0.067734204,False,reference_like
GSM8848586_GTCAAAGGTTCACCTCAACGGGAA-1,GSM8848586,10,Activated fibroblast,0.10947066,True,reference_like
GSM8848586_GTCAAGCCAGATAGCCAACGGGAA-1,GSM8848586,10,Activated fibroblast,0.035241235,False,reference_like
GSM8848586_GTCAAGCCAGCAAGCTAACGGGAA-1,GSM8848586,6,Macrophage,0.08073365,False,reference_like
GSM8848586_GTCACACTCATGATGAAACGGGAA-1,GSM8848586,6,Macrophage,0.064650625,False,reference_like
GSM8848586_GTCACACTCCTCACGGAACGGGAA-1,GSM8848586,10,Activated fibroblast,0.061821792,False,reference_like
GSM8848586_GTCACACTCTGGAACGAACGGGAA-1,GSM8848586,10,Activated fibroblast,0.085970186,False,reference_like
GSM8848586_GTCACTCAGGCTACTCAACGGGAA-1,GSM8848586,10,Activated fibroblast,0.11038671,True,reference_like
GSM8848586_GTCACTCAGGGCGGTTAACGGGAA-1,GSM8848586,10,Activated fibroblast,0.057308268,False,reference_like
GSM8848586_GTCATCCAGCACCTTAAACGGGAA-1,GSM8848586,6,Macrophage,0.0589445,False,reference_like
GSM8848586_GTCCGTAGTTTCACCCAACGGGAA-1,GSM8848586,10,Activated fibroblast,0.022387723,False,reference_like
GSM8848586_GTCCTTAAGGAACCTGAACGGGAA-1,GSM8848586,6,Macrophage,0.069947235,False,reference_like
GSM8848586_GTCGATTGTTGGCGAGAACGGGAA-1,GSM8848586,10,Activated fibroblast,0.029265124,False,reference_like
GSM8848586_GTCTTGCAGCATCCCGAACGGGAA-1,GSM8848586,10,Activated fibroblast,0.06297703,False,reference_like
GSM8848586_GTCTTGCAGTGATCAAAACGGGAA-1,GSM8848586,6,Macrophage,0.036795534,False,reference_like
GSM8848586_GTCTTGCAGTGCCCTGAACGGGAA-1,GSM8848586,6,Macrophage,0.061723594,False,reference_like
GSM8848586_GTGAGTTAGACCATGGAACGGGAA-1,GSM8848586,10,Activated fibroblast,0.02425134,False,reference_like
GSM8848586_GTGCCTTAGGTGAATCAACGGGAA-1,GSM8848586,10,Activated fibroblast,0.045718856,False,reference_like
GSM8848586_GTGGAAGCAACTTCGTAACGGGAA-1,GSM8848586,10,Activated fibroblast,0.03861064,False,reference_like
GSM8848586_GTGGATTAGCGCTTACAACGGGAA-1,GSM8848586,10,Activated fibroblast,0.027288502,False,reference_like
GSM8848586_GTGGATTAGTGATTAGAACGGGAA-1,GSM8848586,5,T/NK lymphocyte,0.07825997,False,reference_like
GSM8848586_GTGGCGTAGGACAAGAAACGGGAA-1,GSM8848586,10,Activated fibroblast,0.056964595,False,reference_like
GSM8848586_GTGGCGTAGTCCTCAAAACGGGAA-1,GSM8848586,10,Activated fibroblast,0.022339907,False,reference_like
GSM8848586_GTGGGAACAACAGGCTAACGGGAA-1,GSM8848586,10,Activated fibroblast,0.09926338,False,reference_like
GSM8848586_GTGTGCGCACTAACTCAACGGGAA-1,GSM8848586,11,Prostate epithelial - luminal,0.026183365,False,CNV_low_candidate
GSM8848586_GTGTTAAAGATTCCCAAACGGGAA-1,GSM8848586,10,Activated fibroblast,0.07204788,False,reference_like
GSM8848586_GTGTTAAAGGTTAGTAAACGGGAA-1,GSM8848586,10,Activated fibroblast,0.023387149,False,reference_like
GSM8848586_GTTAGCGAGGGATTTAAACGGGAA-1,GSM8848586,6,Macrophage,0.039752197,False,reference_like
GSM8848586_GTTCACCAGTGTCCACAACGGGAA-1,GSM8848586,11,Prostate epithelial - luminal,0.03573054,False,CNV_low_candidate
GSM8848586_GTTCGGGCAAATCACGAACGGGAA-1,GSM8848586,10,Activated fibroblast,0.0350417,False,reference_like
GSM8848586_GTTCTGTCAGCTCGCTAACGGGAA-1,GSM8848586,10,Activated fibroblast,0.0340055,False,reference_like
GSM8848586_GTTGAGCCACATAGATAACGGGAA-1,GSM8848586,10,Activated fibroblast,0.0472194,False,reference_like
GSM8848586_GTTGGGTCAGAATGAAAACGGGAA-1,GSM8848586,10,Activated fibroblast,0.0506886,False,reference_like
GSM8848586_GTTTAGCGTACAAAGTAACGGGAA-1,GSM8848586,10,Activated fibroblast,0.04589315,False,reference_like
GSM8848586_GTTTAGTTCCGGCTCAAACGGGAA-1,GSM8848586,10,Activated fibroblast,0.03360553,False,reference_like
GSM8848586_GTTTGAGCATTTGGGAAACGGGAA-1,GSM8848586,6,Macrophage,0.07104202,False,reference_like
GSM8848586_GTTTGGACAATGGGAGAACGGGAA-1,GSM8848586,10,Activated fibroblast,0.032637168,False,reference_like
GSM8848586_GTTTGGTGTACTTACAAACGGGAA-1,GSM8848586,6,Macrophage,0.04142964,False,reference_like
GSM8848586_TAAACTGAGTGTTTCGAACGGGAA-1,GSM8848586,10,Activated fibroblast,0.09651817,False,reference_like
GSM8848586_TAAAGCCAGTTAACAGAACGGGAA-1,GSM8848586,10,Activated fibroblast,0.12208383,True,reference_like
GSM8848586_TAAAGGGAGTGAGGAAAACGGGAA-1,GSM8848586,10,Activated fibroblast,0.06822166,False,reference_like
GSM8848586_TAAATCGAGCAGGTCAAACGGGAA-1,GSM8848586,10,Activated fibroblast,0.06601382,False,reference_like
GSM8848586_TAACCAAAGATTGAGCAACGGGAA-1,GSM8848586,10,Activated fibroblast,0.06973692,False,reference_like
GSM8848586_TAACCAAAGTGAGTCGAACGGGAA-1,GSM8848586,10,Activated fibroblast,0.10339893,True,reference_like
GSM8848586_TAACCCTCAATCTCTAAACGGGAA-1,GSM8848586,6,Macrophage,0.06345688,False,reference_like
GSM8848586_TAACCGCTCTTGATCGAACGGGAA-1,GSM8848586,10,Activated fibroblast,0.03123133,False,reference_like
GSM8848586_TAACCGTGTTAGAGGCAACGGGAA-1,GSM8848586,10,Activated fibroblast,0.038685378,False,reference_like
GSM8848586_TAACCGTGTTGGTTACAACGGGAA-1,GSM8848586,9,Neuroendocrine-like,0.046047684,False,CNV_low_candidate
GSM8848586_TAACGAATCAATGGGTAACGGGAA-1,GSM8848586,6,Macrophage,0.053520054,False,reference_like
GSM8848586_TAACGAATCTTTGGTGAACGGGAA-1,GSM8848586,10,Activated fibroblast,0.09774345,False,reference_like
GSM8848586_TAACGCCTCGATTACTAACGGGAA-1,GSM8848586,13,Neuroendocrine-like,0.043376762,False,CNV_low_candidate
GSM8848586_TAACTGTTCCTGGATCAACGGGAA-1,GSM8848586,10,Activated fibroblast,0.060498822,False,reference_like
GSM8848586_TAAGAAGCAGATTGCAAACGGGAA-1,GSM8848586,10,Activated fibroblast,0.0671313,False,reference_like
GSM8848586_TAATAGCCATCACGCCAACGGGAA-1,GSM8848586,10,Activated fibroblast,0.06946391,False,reference_like
GSM8848586_TAATGCGCATCCCAATAACGGGAA-1,GSM8848586,5,T/NK lymphocyte,0.078883424,False,reference_like
GSM8848586_TAATGTGAGCTTTACGAACGGGAA-1,GSM8848586,10,Activated fibroblast,0.084498405,False,reference_like
GSM8848586_TAATGTGAGGTATAGCAACGGGAA-1,GSM8848586,10,Activated fibroblast,0.06614574,False,reference_like
GSM8848586_TACAAACCACGGTTCCAACGGGAA-1,GSM8848586,10,Activated fibroblast,0.06123613,False,reference_like
GSM8848586_TACAACAAGGCTTTATAACGGGAA-1,GSM8848586,10,Activated fibroblast,0.06916332,False,reference_like
GSM8848586_TACAGAATCGTCCATAAACGGGAA-1,GSM8848586,0,Prostate epithelial - AR high,0.08309775,False,CNV_low_candidate
GSM8848586_TACCATCCAACAGAGGAACGGGAA-1,GSM8848586,10,Activated fibroblast,0.022726465,False,reference_like
GSM8848586_TACCATCCAACCATTCAACGGGAA-1,GSM8848586,0,Prostate epithelial - AR high,0.07824899,False,CNV_low_candidate
GSM8848586_TACCATCCAATTAGGTAACGGGAA-1,GSM8848586,10,Activated fibroblast,0.04448444,False,reference_like
GSM8848586_TACCGGCGTGTGAGTAAACGGGAA-1,GSM8848586,10,Activated fibroblast,0.034870137,False,reference_like
GSM8848586_TACCTGCAGTTACACTAACGGGAA-1,GSM8848586,10,Activated fibroblast,0.07140303,False,reference_like
GSM8848586_TACGCAACATTGGACAAACGGGAA-1,GSM8848586,10,Activated fibroblast,0.026675796,False,reference_like
GSM8848586_TACGGGCAGTCTATGTAACGGGAA-1,GSM8848586,10,Activated fibroblast,0.09145205,False,reference_like
GSM8848586_TACGTTAGTAACTACCAACGGGAA-1,GSM8848586,6,Macrophage,0.066460066,False,reference_like
GSM8848586_TACGTTCCATCCGCTAAACGGGAA-1,GSM8848586,6,Macrophage,0.019964807,False,reference_like
GSM8848586_TACTTTCGTACTTCAAAACGGGAA-1,GSM8848586,10,Activated fibroblast,0.043548413,False,reference_like
GSM8848586_TACTTTCGTTGCGAAAAACGGGAA-1,GSM8848586,5,T/NK lymphocyte,0.074857526,False,reference_like
GSM8848586_TAGAAACGTTCCGGGTAACGGGAA-1,GSM8848586,10,Activated fibroblast,0.04309762,False,reference_like
GSM8848586_TAGAAAGCAGAGAGCAAACGGGAA-1,GSM8848586,6,Macrophage,0.056012724,False,reference_like
GSM8848586_TAGAGGCGTACGCACCAACGGGAA-1,GSM8848586,8,Cycling,0.070208505,False,not_assessed
GSM8848586_TAGAGGCGTGCGTACCAACGGGAA-1,GSM8848586,10,Activated fibroblast,0.10093578,True,reference_like
GSM8848586_TAGCGGATCATAGGCGAACGGGAA-1,GSM8848586,10,Activated fibroblast,0.02370757,False,reference_like
GSM8848586_TAGCGGATCCCGTTGGAACGGGAA-1,GSM8848586,10,Activated fibroblast,0.04639485,False,reference_like
GSM8848586_TAGCTAAAGGGCGGAAAACGGGAA-1,GSM8848586,6,Macrophage,0.04964925,False,reference_like
GSM8848586_TAGCTGCTCCTCAATGAACGGGAA-1,GSM8848586,11,Prostate epithelial - luminal,0.05000986,False,CNV_low_candidate
GSM8848586_TAGCTGCTCTTAATGCAACGGGAA-1,GSM8848586,6,Macrophage,0.03797609,False,reference_like
GSM8848586_TAGGCTGAGTGATTAGAACGGGAA-1,GSM8848586,5,T/NK lymphocyte,0.06781634,False,reference_like
GSM8848586_TAGTGGCCATGAAGCCAACGGGAA-1,GSM8848586,10,Activated fibroblast,0.08936596,False,reference_like
GSM8848586_TAGTGTGCATGAGCTAAACGGGAA-1,GSM8848586,10,Activated fibroblast,0.028601265,False,reference_like
GSM8848586_TAGTTTCAGCACGGTAAACGGGAA-1,GSM8848586,10,Activated fibroblast,0.05408246,False,reference_like
GSM8848586_TAGTTTGGTTTATGGCAACGGGAA-1,GSM8848586,5,T/NK lymphocyte,0.08919514,False,reference_like
GSM8848586_TATATGCTCATCAAGAAACGGGAA-1,GSM8848586,6,Macrophage,0.053851962,False,reference_like
GSM8848586_TATCGAGCAGAAACTTAACGGGAA-1,GSM8848586,10,Activated fibroblast,0.078617394,False,reference_like
GSM8848586_TATCGATTCGCAGCAAAACGGGAA-1,GSM8848586,10,Activated fibroblast,0.03658957,False,reference_like
GSM8848586_TATCGATTCGCGCATTAACGGGAA-1,GSM8848586,10,Activated fibroblast,0.052522432,False,reference_like
GSM8848586_TATCGCTCAATAGCTGAACGGGAA-1,GSM8848586,5,T/NK lymphocyte,0.05854176,False,reference_like
GSM8848586_TATCGCTCATTGCCGCAACGGGAA-1,GSM8848586,10,Activated fibroblast,0.0492064,False,reference_like
GSM8848586_TATGACTTCAGGGATTAACGGGAA-1,GSM8848586,9,Neuroendocrine-like,0.051105786,False,CNV_low_candidate
GSM8848586_TATGACTTCTTGATCGAACGGGAA-1,GSM8848586,10,Activated fibroblast,0.03561929,False,reference_like
GSM8848586_TATGATGAGAAGGTTCAACGGGAA-1,GSM8848586,10,Activated fibroblast,0.07187582,False,reference_like
GSM8848586_TATTACCAGGCTCCATAACGGGAA-1,GSM8848586,4,Fibroblast,0.06183701,False,reference_like
GSM8848586_TATTACCAGTTTGACTAACGGGAA-1,GSM8848586,3,Endothelial,0.019836131,False,reference_like
GSM8848586_TATTGCCCAATCAAACAACGGGAA-1,GSM8848586,10,Activated fibroblast,0.035993923,False,reference_like
GSM8848586_TATTGGCGTGCTTCGAAACGGGAA-1,GSM8848586,10,Activated fibroblast,0.020444524,False,reference_like
GSM8848586_TATTTGCAGGTGAGTTAACGGGAA-1,GSM8848586,13,Neuroendocrine-like,0.06763097,False,CNV_low_candidate
GSM8848586_TCAACAAAGAGGTTCGAACGGGAA-1,GSM8848586,10,Activated fibroblast,0.036035236,False,reference_like
GSM8848586_TCAACCATCCATCCTTAACGGGAA-1,GSM8848586,6,Macrophage,0.055284064,False,reference_like
GSM8848586_TCAACCATCCTAATCGAACGGGAA-1,GSM8848586,4,Fibroblast,0.06273689,False,reference_like
GSM8848586_TCAACCGGTGTGATGAAACGGGAA-1,GSM8848586,10,Activated fibroblast,0.056770977,False,reference_like
GSM8848586_TCAACTAGTCATTATGAACGGGAA-1,GSM8848586,5,T/NK lymphocyte,0.075324595,False,reference_like
GSM8848586_TCAAGCGAGCTCAAGGAACGGGAA-1,GSM8848586,10,Activated fibroblast,0.12049945,True,reference_like
GSM8848586_TCAAGCGAGTCACCTAAACGGGAA-1,GSM8848586,8,Cycling,0.02927696,False,not_assessed
GSM8848586_TCAAGGTAGATTGCAAAACGGGAA-1,GSM8848586,10,Activated fibroblast,0.07412082,False,reference_like
GSM8848586_TCAAGTTTCTATTCGGAACGGGAA-1,GSM8848586,6,Macrophage,0.06529037,False,reference_like
GSM8848586_TCAATGTTCAGCGAATAACGGGAA-1,GSM8848586,7,Neuroendocrine-like,0.044227786,False,CNV_low_candidate
GSM8848586_TCACCCTGTAATCCGTAACGGGAA-1,GSM8848586,10,Activated fibroblast,0.05029017,False,reference_like
GSM8848586_TCACGTTCAAGGTGTCAACGGGAA-1,GSM8848586,10,Activated fibroblast,0.11341653,True,reference_like
GSM8848586_TCACGTTCAATCCACTAACGGGAA-1,GSM8848586,10,Activated fibroblast,0.048063677,False,reference_like
GSM8848586_TCACTCGCAATCAAGTAACGGGAA-1,GSM8848586,10,Activated fibroblast,0.11204534,True,reference_like
GSM8848586_TCACTGTCAAGAAATGAACGGGAA-1,GSM8848586,10,Activated fibroblast,0.033849496,False,reference_like
GSM8848586_TCACTGTCACCTAAGAAACGGGAA-1,GSM8848586,8,Cycling,0.030014746,False,not_assessed
GSM8848586_TCAGCCAGTGTGATGAAACGGGAA-1,GSM8848586,10,Activated fibroblast,0.05647654,False,reference_like
GSM8848586_TCATCAGTCAAAGGGAAACGGGAA-1,GSM8848586,10,Activated fibroblast,0.12616058,True,reference_like
GSM8848586_TCATCAGTCCCTCGTCAACGGGAA-1,GSM8848586,10,Activated fibroblast,0.08257496,False,reference_like
GSM8848586_TCATCAGTCTTTAAGCAACGGGAA-1,GSM8848586,10,Activated fibroblast,0.05036473,False,reference_like
GSM8848586_TCATGAAAGTGTTTCGAACGGGAA-1,GSM8848586,11,Prostate epithelial - luminal,0.022312475,False,CNV_low_candidate
GSM8848586_TCATGGTGTGAACCAAAACGGGAA-1,GSM8848586,10,Activated fibroblast,0.031182569,False,reference_like
GSM8848586_TCATTACAGATAATCGAACGGGAA-1,GSM8848586,10,Activated fibroblast,0.01797512,False,reference_like
GSM8848586_TCCATTTGTAGTTGTCAACGGGAA-1,GSM8848586,6,Macrophage,0.052603632,False,reference_like
GSM8848586_TCCCATAAGGCGCGATAACGGGAA-1,GSM8848586,7,Neuroendocrine-like,0.029866537,False,CNV_low_candidate
GSM8848586_TCCCTTTAGGTGAGAAAACGGGAA-1,GSM8848586,10,Activated fibroblast,0.030316789,False,reference_like
GSM8848586_TCCCTTTAGTTTGACTAACGGGAA-1,GSM8848586,10,Activated fibroblast,0.022199789,False,reference_like
GSM8848586_TCCGAATGTATTCGTAAACGGGAA-1,GSM8848586,13,Neuroendocrine-like,0.068495534,False,CNV_low_candidate
GSM8848586_TCCGGAGCAGATTGCAAACGGGAA-1,GSM8848586,6,Macrophage,0.02086767,False,reference_like
GSM8848586_TCCTAAGTCCATAAAGAACGGGAA-1,GSM8848586,10,Activated fibroblast,0.028894559,False,reference_like
GSM8848586_TCCTGGTAGTGAGTTAAACGGGAA-1,GSM8848586,10,Activated fibroblast,0.028175626,False,reference_like
GSM8848586_TCCTTGAAGGCAGGCTAACGGGAA-1,GSM8848586,6,Macrophage,0.02052619,False,reference_like
GSM8848586_TCCTTTCAGGTCAATAAACGGGAA-1,GSM8848586,13,Neuroendocrine-like,0.029137146,False,CNV_low_candidate
GSM8848586_TCGATATTCCATAGGGAACGGGAA-1,GSM8848586,10,Activated fibroblast,0.03459409,False,reference_like
GSM8848586_TCGATATTCCCTCAAAAACGGGAA-1,GSM8848586,10,Activated fibroblast,0.04068587,False,reference_like
GSM8848586_TCGATGACATCAAGTGAACGGGAA-1,GSM8848586,8,Cycling,0.021563854,False,not_assessed
GSM8848586_TCGCGCTCACATAGATAACGGGAA-1,GSM8848586,0,Prostate epithelial - AR high,0.08144528,False,CNV_low_candidate
GSM8848586_TCGCGCTCACCTACTGAACGGGAA-1,GSM8848586,6,Macrophage,0.030337362,False,reference_like
GSM8848586_TCGCGCTCACTGACAAAACGGGAA-1,GSM8848586,10,Activated fibroblast,0.044644598,False,reference_like
GSM8848586_TCGCGGACAGAGGCTTAACGGGAA-1,GSM8848586,10,Activated fibroblast,0.050025,False,reference_like
GSM8848586_TCGCTCGAGCCTAGTCAACGGGAA-1,GSM8848586,10,Activated fibroblast,0.06716455,False,reference_like
GSM8848586_TCGGCCATCCAATACTAACGGGAA-1,GSM8848586,6,Macrophage,0.018221064,False,reference_like
GSM8848586_TCGGCCATCCAATTACAACGGGAA-1,GSM8848586,6,Macrophage,0.05590611,False,reference_like
GSM8848586_TCGGCTAGTTCCGTGAAACGGGAA-1,GSM8848586,3,Endothelial,0.025562923,False,reference_like
GSM8848586_TCGTTCGCAGCCCTTAAACGGGAA-1,GSM8848586,6,Macrophage,0.059553944,False,reference_like
GSM8848586_TCTAACTAGGCCCATTAACGGGAA-1,GSM8848586,10,Activated fibroblast,0.044089332,False,reference_like
GSM8848586_TCTAACTAGTGTTTGTAACGGGAA-1,GSM8848586,6,Macrophage,0.055063114,False,reference_like
GSM8848586_TCTAATCAGCAATCCCAACGGGAA-1,GSM8848586,6,Macrophage,0.027460475,False,reference_like
GSM8848586_TCTACCTTCATAGGTAAACGGGAA-1,GSM8848586,10,Activated fibroblast,0.07824694,False,reference_like
GSM8848586_TCTATCGAGGTCAAGTAACGGGAA-1,GSM8848586,10,Activated fibroblast,0.08038591,False,reference_like
GSM8848586_TCTCAATAGCAATCCCAACGGGAA-1,GSM8848586,10,Activated fibroblast,0.024517495,False,reference_like
GSM8848586_TCTCTATGTGATCCTGAACGGGAA-1,GSM8848586,10,Activated fibroblast,0.063361384,False,reference_like
GSM8848586_TCTGCCACACGAACGTAACGGGAA-1,GSM8848586,10,Activated fibroblast,0.053787693,False,reference_like
GSM8848586_TCTGGCCCACCACATTAACGGGAA-1,GSM8848586,11,Prostate epithelial - luminal,0.05495642,False,CNV_low_candidate
GSM8848586_TCTGGGCGTCATTACAAACGGGAA-1,GSM8848586,10,Activated fibroblast,0.04322261,False,reference_like
GSM8848586_TCTGTGATCCGCCTCTAACGGGAA-1,GSM8848586,10,Activated fibroblast,0.035160188,False,reference_like
GSM8848586_TCTTACTGTGACCTATAACGGGAA-1,GSM8848586,10,Activated fibroblast,0.07260105,False,reference_like
GSM8848586_TCTTAGGTCCTTTAGGAACGGGAA-1,GSM8848586,10,Activated fibroblast,0.03950918,False,reference_like
GSM8848586_TCTTGCTTCTGGAAACAACGGGAA-1,GSM8848586,10,Activated fibroblast,0.07813344,False,reference_like
GSM8848586_TCTTTGGAGGCGCAGTAACGGGAA-1,GSM8848586,10,Activated fibroblast,0.04581878,False,reference_like
GSM8848586_TCTTTGGAGGTTGCTCAACGGGAA-1,GSM8848586,6,Macrophage,0.07071271,False,reference_like
GSM8848586_TCTTTGTGTCTCACTCAACGGGAA-1,GSM8848586,5,T/NK lymphocyte,0.06558465,False,reference_like
GSM8848586_TGAAAGGAGGAAGCAAAACGGGAA-1,GSM8848586,6,Macrophage,0.021046644,False,reference_like
GSM8848586_TGAATCGCACCTATCGAACGGGAA-1,GSM8848586,5,T/NK lymphocyte,0.07781884,False,reference_like
GSM8848586_TGAATCTTCAATGGGTAACGGGAA-1,GSM8848586,10,Activated fibroblast,0.046006378,False,reference_like
GSM8848586_TGAATGTCACCTAAGAAACGGGAA-1,GSM8848586,6,Macrophage,0.051525183,False,reference_like
GSM8848586_TGACCTATCCGAATTTAACGGGAA-1,GSM8848586,10,Activated fibroblast,0.031073207,False,reference_like
GSM8848586_TGACCTATCCGCAATCAACGGGAA-1,GSM8848586,5,T/NK lymphocyte,0.08751216,False,reference_like
GSM8848586_TGACGGATCATCCAGCAACGGGAA-1,GSM8848586,10,Activated fibroblast,0.06248489,False,reference_like
GSM8848586_TGACTATTCCACAACCAACGGGAA-1,GSM8848586,6,Macrophage,0.08249787,False,reference_like
GSM8848586_TGAGCTTGTTGGATGAAACGGGAA-1,GSM8848586,11,Prostate epithelial - luminal,0.078350365,False,CNV_low_candidate
GSM8848586_TGAGTCGAGTCGCGAAAACGGGAA-1,GSM8848586,6,Macrophage,0.01792072,False,reference_like
GSM8848586_TGATTACTCTAACTACAACGGGAA-1,GSM8848586,10,Activated fibroblast,0.03707863,False,reference_like
GSM8848586_TGATTGCGTGACCTGCAACGGGAA-1,GSM8848586,6,Macrophage,0.068874024,False,reference_like
GSM8848586_TGATTGTTCCGCCTCTAACGGGAA-1,GSM8848586,5,T/NK lymphocyte,0.068502925,False,reference_like
GSM8848586_TGATTGTTCGCAGCAAAACGGGAA-1,GSM8848586,10,Activated fibroblast,0.0639982,False,reference_like
GSM8848586_TGATTGTTCTAACCATAACGGGAA-1,GSM8848586,10,Activated fibroblast,0.07401972,False,reference_like
GSM8848586_TGCAAATCAGCAATTGAACGGGAA-1,GSM8848586,13,Neuroendocrine-like,0.053937368,False,CNV_low_candidate
GSM8848586_TGCAAATCATCCTTGGAACGGGAA-1,GSM8848586,10,Activated fibroblast,0.06853888,False,reference_like
GSM8848586_TGCAAGCCAGGTCAACAACGGGAA-1,GSM8848586,10,Activated fibroblast,0.07263804,False,reference_like
GSM8848586_TGCACACTCAGGTTGGAACGGGAA-1,GSM8848586,12,Stress/hypoxia-like,0.07803543,False,not_assessed
GSM8848586_TGCACGTTCCGCTATAAACGGGAA-1,GSM8848586,6,Macrophage,0.04120432,False,reference_like
GSM8848586_TGCAGCAAGCTACGTCAACGGGAA-1,GSM8848586,8,Cycling,0.042470936,False,not_assessed
GSM8848586_TGCATCCAGGTTCCGTAACGGGAA-1,GSM8848586,6,Macrophage,0.059666365,False,reference_like
GSM8848586_TGCCCATAGTGTTTCGAACGGGAA-1,GSM8848586,10,Activated fibroblast,0.024957908,False,reference_like
GSM8848586_TGCCCTGAGGCAAGTTAACGGGAA-1,GSM8848586,10,Activated fibroblast,0.024005108,False,reference_like
GSM8848586_TGCCGGTGTACGGTTTAACGGGAA-1,GSM8848586,6,Macrophage,0.028921109,False,reference_like
GSM8848586_TGCCTCCTCCGAATTTAACGGGAA-1,GSM8848586,6,Macrophage,0.042580444,False,reference_like
GSM8848586_TGCCTCCTCGTAAAGCAACGGGAA-1,GSM8848586,10,Activated fibroblast,0.07576745,False,reference_like
GSM8848586_TGCCTCCTCTATCTGGAACGGGAA-1,GSM8848586,10,Activated fibroblast,0.020426167,False,reference_like
GSM8848586_TGCCTCCTCTTACTCCAACGGGAA-1,GSM8848586,5,T/NK lymphocyte,0.07695163,False,reference_like
GSM8848586_TGCGATACATCGGGCAAACGGGAA-1,GSM8848586,6,Macrophage,0.026843037,False,reference_like
GSM8848586_TGCGCCTCAACAGCTAAACGGGAA-1,GSM8848586,6,Macrophage,0.060041055,False,reference_like
GSM8848586_TGCGGAATCCTGCCAGAACGGGAA-1,GSM8848586,8,Cycling,0.024248526,False,not_assessed
GSM8848586_TGCGGCTGTATTGACCAACGGGAA-1,GSM8848586,10,Activated fibroblast,0.041702963,False,reference_like
GSM8848586_TGCGGCTGTCGTTATAAACGGGAA-1,GSM8848586,10,Activated fibroblast,0.051017016,False,reference_like
GSM8848586_TGCGGCTGTTTGACTAAACGGGAA-1,GSM8848586,10,Activated fibroblast,0.053160414,False,reference_like
GSM8848586_TGCTATTAGCTCGACTAACGGGAA-1,GSM8848586,8,Cycling,0.031233398,False,not_assessed
GSM8848586_TGCTTGATCCTAATCGAACGGGAA-1,GSM8848586,10,Activated fibroblast,0.029798508,False,reference_like
GSM8848586_TGGATCGAGTCCTGACAACGGGAA-1,GSM8848586,10,Activated fibroblast,0.11478677,True,reference_like
GSM8848586_TGGATTCGTTGCGGCTAACGGGAA-1,GSM8848586,10,Activated fibroblast,0.021914441,False,reference_like
GSM8848586_TGGCAATAGAGAGCAAAACGGGAA-1,GSM8848586,11,Prostate epithelial - luminal,0.04974961,False,CNV_low_candidate
GSM8848586_TGGCAATAGCGAAGAAAACGGGAA-1,GSM8848586,10,Activated fibroblast,0.032986123,False,reference_like
GSM8848586_TGGCCAGCACTGACAAAACGGGAA-1,GSM8848586,10,Activated fibroblast,0.038344774,False,reference_like
GSM8848586_TGGCCTTAGCCCTTGGAACGGGAA-1,GSM8848586,6,Macrophage,0.051999636,False,reference_like
GSM8848586_TGGCGTGCAACAGCTAAACGGGAA-1,GSM8848586,11,Prostate epithelial - luminal,0.051084094,False,CNV_low_candidate
GSM8848586_TGGCGTGCATTTCGACAACGGGAA-1,GSM8848586,10,Activated fibroblast,0.08184798,False,reference_like
GSM8848586_TGGGCCACACATAGTGAACGGGAA-1,GSM8848586,10,Activated fibroblast,0.037763156,False,reference_like
GSM8848586_TGGGCCACATTCGGTTAACGGGAA-1,GSM8848586,10,Activated fibroblast,0.04325244,False,reference_like
GSM8848586_TGGTAAGGTACTTCCCAACGGGAA-1,GSM8848586,6,Macrophage,0.0474311,False,reference_like
GSM8848586_TGGTCTATCCATTAGTAACGGGAA-1,GSM8848586,10,Activated fibroblast,0.04891271,False,reference_like
GSM8848586_TGGTGCTTCCAAACGGAACGGGAA-1,GSM8848586,10,Activated fibroblast,0.026199076,False,reference_like
GSM8848586_TGGTGCTTCCCAGTACAACGGGAA-1,GSM8848586,13,Neuroendocrine-like,0.03764302,False,CNV_low_candidate
GSM8848586_TGGTGCTTCCCATAATAACGGGAA-1,GSM8848586,10,Activated fibroblast,0.032715134,False,reference_like
GSM8848586_TGGTGTGAGAGCAAGAAACGGGAA-1,GSM8848586,10,Activated fibroblast,0.13317584,True,reference_like
GSM8848586_TGGTGTGAGATTGAGCAACGGGAA-1,GSM8848586,10,Activated fibroblast,0.027612772,False,reference_like
GSM8848586_TGGTTAAAGACAGACTAACGGGAA-1,GSM8848586,10,Activated fibroblast,0.034204494,False,reference_like
GSM8848586_TGGTTACGTGGCTCACAACGGGAA-1,GSM8848586,10,Activated fibroblast,0.032952797,False,reference_like
GSM8848586_TGGTTACGTGGGTGTGAACGGGAA-1,GSM8848586,13,Neuroendocrine-like,0.02056334,False,CNV_low_candidate
GSM8848586_TGGTTTAGTACTTACAAACGGGAA-1,GSM8848586,10,Activated fibroblast,0.05731663,False,reference_like
GSM8848586_TGGTTTAGTCGAATCTAACGGGAA-1,GSM8848586,10,Activated fibroblast,0.060752485,False,reference_like
GSM8848586_TGTACCTCAATCAAGTAACGGGAA-1,GSM8848586,10,Activated fibroblast,0.06645666,False,reference_like
GSM8848586_TGTACCTCATAGGGTCAACGGGAA-1,GSM8848586,10,Activated fibroblast,0.06889653,False,reference_like
GSM8848586_TGTCATCCAAGTTGCAAACGGGAA-1,GSM8848586,10,Activated fibroblast,0.038330738,False,reference_like
GSM8848586_TGTCCAGGTCCATAGTAACGGGAA-1,GSM8848586,10,Activated fibroblast,0.038767725,False,reference_like
GSM8848586_TGTCCAGGTGCCCGATAACGGGAA-1,GSM8848586,10,Activated fibroblast,0.08935919,False,reference_like
GSM8848586_TGTCCAGGTGGGAACTAACGGGAA-1,GSM8848586,6,Macrophage,0.05371386,False,reference_like
GSM8848586_TGTGAGCCAACAGGCTAACGGGAA-1,GSM8848586,10,Activated fibroblast,0.03483027,False,reference_like
GSM8848586_TGTGAGCCATCCGCTAAACGGGAA-1,GSM8848586,10,Activated fibroblast,0.026575368,False,reference_like
GSM8848586_TGTGAGGTCGAAGTTAAACGGGAA-1,GSM8848586,6,Macrophage,0.035227146,False,reference_like
GSM8848586_TGTGTCCAGAGCAACTAACGGGAA-1,GSM8848586,6,Macrophage,0.050088044,False,reference_like
GSM8848586_TGTGTCCAGATAATCGAACGGGAA-1,GSM8848586,10,Activated fibroblast,0.11779446,True,reference_like
GSM8848586_TGTTAGCGTGGCTTTGAACGGGAA-1,GSM8848586,11,Prostate epithelial - luminal,0.03839686,False,CNV_low_candidate
GSM8848586_TGTTAGTTCTCAGCTAAACGGGAA-1,GSM8848586,5,T/NK lymphocyte,0.08388602,False,reference_like
GSM8848586_TGTTCACCACCTTTGGAACGGGAA-1,GSM8848586,10,Activated fibroblast,0.037709296,False,reference_like
GSM8848586_TGTTCCTTCCTGGTTAAACGGGAA-1,GSM8848586,13,Neuroendocrine-like,0.06526419,False,CNV_low_candidate
GSM8848586_TGTTGACGTACTGCCAAACGGGAA-1,GSM8848586,10,Activated fibroblast,0.04423354,False,reference_like
GSM8848586_TGTTGACGTGTGATGAAACGGGAA-1,GSM8848586,10,Activated fibroblast,0.048577957,False,reference_like
GSM8848586_TGTTGGTGTGTTTGTAAACGGGAA-1,GSM8848586,10,Activated fibroblast,0.06681126,False,reference_like
GSM8848586_TGTTTGAGTAAGCGTAAACGGGAA-1,GSM8848586,10,Activated fibroblast,0.025940293,False,reference_like
GSM8848586_TGTTTGAGTGCGTACCAACGGGAA-1,GSM8848586,13,Neuroendocrine-like,0.058650278,False,CNV_low_candidate
GSM8848586_TTAACCGTCCATAAAGAACGGGAA-1,GSM8848586,10,Activated fibroblast,0.026523976,False,reference_like
GSM8848586_TTAACCGTCTTCGCCCAACGGGAA-1,GSM8848586,10,Activated fibroblast,0.078472205,False,reference_like
GSM8848586_TTAAGGTCAAACAATCAACGGGAA-1,GSM8848586,8,Cycling,0.02829045,False,not_assessed
GSM8848586_TTAAGGTCAAGCCAGTAACGGGAA-1,GSM8848586,6,Macrophage,0.025948808,False,reference_like
GSM8848586_TTAAGGTCACATAGATAACGGGAA-1,GSM8848586,6,Macrophage,0.077813976,False,reference_like
GSM8848586_TTAAGGTCATATTTCGAACGGGAA-1,GSM8848586,10,Activated fibroblast,0.07931519,False,reference_like
GSM8848586_TTACACCCAGCTGCTCAACGGGAA-1,GSM8848586,8,Cycling,0.034292154,False,not_assessed
GSM8848586_TTACACCCATACCTTAAACGGGAA-1,GSM8848586,5,T/NK lymphocyte,0.0637219,False,reference_like
GSM8848586_TTACCATAGGACAACTAACGGGAA-1,GSM8848586,10,Activated fibroblast,0.027205648,False,reference_like
GSM8848586_TTAGAGCAGACTAACAAACGGGAA-1,GSM8848586,5,T/NK lymphocyte,0.038170885,False,reference_like
GSM8848586_TTAGGTTTCACAAATGAACGGGAA-1,GSM8848586,6,Macrophage,0.04620903,False,reference_like
GSM8848586_TTATAGCTCACCAGGAAACGGGAA-1,GSM8848586,10,Activated fibroblast,0.040731624,False,reference_like
GSM8848586_TTATAGCTCCTCAATGAACGGGAA-1,GSM8848586,6,Macrophage,0.040127452,False,reference_like
GSM8848586_TTATTGCAGTTGCAGGAACGGGAA-1,GSM8848586,13,Neuroendocrine-like,0.024422895,False,CNV_low_candidate
GSM8848586_TTCAACTAGTAACGGTAACGGGAA-1,GSM8848586,5,T/NK lymphocyte,0.06461159,False,reference_like
GSM8848586_TTCACTTGTCCACAATAACGGGAA-1,GSM8848586,5,T/NK lymphocyte,0.07682156,False,reference_like
GSM8848586_TTCCAACCACTAACGAAACGGGAA-1,GSM8848586,0,Prostate epithelial - AR high,0.07916872,False,CNV_low_candidate
GSM8848586_TTCCTCAGTTGCGCTAAACGGGAA-1,GSM8848586,13,Neuroendocrine-like,0.04510621,False,CNV_low_candidate
GSM8848586_TTCCTTTCATCATGCTAACGGGAA-1,GSM8848586,10,Activated fibroblast,0.02606703,False,reference_like
GSM8848586_TTCGAGGAGTTAGTTCAACGGGAA-1,GSM8848586,8,Cycling,0.072992645,False,not_assessed
GSM8848586_TTCGCCACACATGCTTAACGGGAA-1,GSM8848586,6,Macrophage,0.021958668,False,reference_like
GSM8848586_TTCGTTCTCTGTGATTAACGGGAA-1,GSM8848586,5,T/NK lymphocyte,0.069585785,False,reference_like
GSM8848586_TTCTATCGTGACATGAAACGGGAA-1,GSM8848586,10,Activated fibroblast,0.03884721,False,reference_like
GSM8848586_TTCTTGCTCATAATGGAACGGGAA-1,GSM8848586,10,Activated fibroblast,0.13074242,True,reference_like
GSM8848586_TTCTTGCTCATCCAGCAACGGGAA-1,GSM8848586,6,Macrophage,0.06844205,False,reference_like
GSM8848586_TTCTTGCTCGTAACTTAACGGGAA-1,GSM8848586,10,Activated fibroblast,0.023800842,False,reference_like
GSM8848586_TTGAACAAGTATCGCCAACGGGAA-1,GSM8848586,10,Activated fibroblast,0.052097827,False,reference_like
GSM8848586_TTGAATCTCAGGTAACAACGGGAA-1,GSM8848586,11,Prostate epithelial - luminal,0.022412222,False,CNV_low_candidate
GSM8848586_TTGAATCTCATGCCTAAACGGGAA-1,GSM8848586,10,Activated fibroblast,0.02959224,False,reference_like
GSM8848586_TTGACATTCGTGATTTAACGGGAA-1,GSM8848586,6,Macrophage,0.028343154,False,reference_like
GSM8848586_TTGACATTCTCACTAGAACGGGAA-1,GSM8848586,10,Activated fibroblast,0.0713823,False,reference_like
GSM8848586_TTGAGTAAGCGTGCTTAACGGGAA-1,GSM8848586,10,Activated fibroblast,0.08549827,False,reference_like
GSM8848586_TTGAGTAAGGACAAAGAACGGGAA-1,GSM8848586,6,Macrophage,0.04877406,False,reference_like
GSM8848586_TTGCACGGTTTAACCAAACGGGAA-1,GSM8848586,9,Neuroendocrine-like,0.046559695,False,CNV_low_candidate
GSM8848586_TTGCGGGCAGGTATTGAACGGGAA-1,GSM8848586,11,Prostate epithelial - luminal,0.015941858,False,CNV_low_candidate
GSM8848586_TTGCTCAAGGAAGCAAAACGGGAA-1,GSM8848586,10,Activated fibroblast,0.03238028,False,reference_like
GSM8848586_TTGGTCATCATAATGGAACGGGAA-1,GSM8848586,6,Macrophage,0.07631336,False,reference_like
GSM8848586_TTGGTCATCTAATTGCAACGGGAA-1,GSM8848586,10,Activated fibroblast,0.046564985,False,reference_like
GSM8848586_TTGGTTAGTAATGGATAACGGGAA-1,GSM8848586,6,Macrophage,0.06348608,False,reference_like
GSM8848586_TTGGTTAGTCATTTAGAACGGGAA-1,GSM8848586,10,Activated fibroblast,0.053564094,False,reference_like
GSM8848586_TTGGTTAGTCGAAGTAAACGGGAA-1,GSM8848586,10,Activated fibroblast,0.0513019,False,reference_like
GSM8848586_TTGTACGTCTATTCGGAACGGGAA-1,GSM8848586,6,Macrophage,0.07586581,False,reference_like
GSM8848586_TTGTCAGTCAAAGGGAAACGGGAA-1,GSM8848586,10,Activated fibroblast,0.073987916,False,reference_like
GSM8848586_TTGTCAGTCGACTCACAACGGGAA-1,GSM8848586,10,Activated fibroblast,0.056635763,False,reference_like
GSM8848586_TTTACTGCAAACGGTCAACGGGAA-1,GSM8848586,10,Activated fibroblast,0.039056268,False,reference_like
GSM8848586_TTTAGTCAGGAGTCATAACGGGAA-1,GSM8848586,10,Activated fibroblast,0.037091445,False,reference_like
GSM8848586_TTTCAAGGTGCGGTTCAACGGGAA-1,GSM8848586,0,Prostate epithelial - AR high,0.0776774,False,CNV_low_candidate
GSM8848586_TTTCACCTCCTGGAAGAACGGGAA-1,GSM8848586,5,T/NK lymphocyte,0.03256582,False,reference_like
GSM8848586_TTTCAGTAGACTTAAGAACGGGAA-1,GSM8848586,10,Activated fibroblast,0.062037617,False,reference_like
GSM8848586_TTTCAGTAGCGATAACAACGGGAA-1,GSM8848586,6,Macrophage,0.040331673,False,reference_like
GSM8848586_TTTCAGTAGGTTTCCAAACGGGAA-1,GSM8848586,10,Activated fibroblast,0.118872054,True,reference_like
GSM8848586_TTTCATCGTTTCAGGTAACGGGAA-1,GSM8848586,5,T/NK lymphocyte,0.07722669,False,reference_like
GSM8848586_TTTCCTGGTATAGCGAAACGGGAA-1,GSM8848586,5,T/NK lymphocyte,0.081253655,False,reference_like
GSM8848586_TTTCGCGCAGGCAACTAACGGGAA-1,GSM8848586,10,Activated fibroblast,0.027732411,False,reference_like
GSM8848586_TTTGAGAAGTCTAACTAACGGGAA-1,GSM8848586,4,Fibroblast,0.057478826,False,reference_like
GSM8848586_TTTGCCCGTGCACTATAACGGGAA-1,GSM8848586,10,Activated fibroblast,0.024893593,False,reference_like
GSM8848586_TTTGCCCGTTTATGGCAACGGGAA-1,GSM8848586,11,Prostate epithelial - luminal,0.018947447,False,CNV_low_candidate
GSM8848586_TTTGCGCAGGTATGGTAACGGGAA-1,GSM8848586,6,Macrophage,0.08427987,False,reference_like
GSM8848586_TTTGTGAGTTAAGTCCAACGGGAA-1,GSM8848586,11,Prostate epithelial - luminal,0.06006621,False,CNV_low_candidate
